row_id,timestamp,close,return,anomaly_zscore,anomaly_kmeans,anomaly_rf,anomaly_gmm,votes,final_label
0,2025-12-18T05:00:00.000Z,86440.9,-0.37403145469341315,0,0,0,0,0,Normal
1,2025-12-18T06:00:00.000Z,86645.93,0.23719095937224655,0,0,0,0,0,Normal
2,2025-12-18T07:00:00.000Z,86833.84,0.2168711213556218,0,0,0,0,0,Normal
3,2025-12-18T08:00:00.000Z,86978.98,0.16714681741587523,0,0,0,0,0,Normal
4,2025-12-18T09:00:00.000Z,87280.95,0.3471758348971177,0,0,0,0,0,Normal
5,2025-12-18T10:00:00.000Z,87341.95,0.06988924845570121,0,0,0,0,0,Normal
6,2025-12-18T11:00:00.000Z,87300.74,-0.04718236769386541,0,0,0,0,0,Normal
7,2025-12-18T12:00:00.000Z,87259.99,-0.04667772575581708,0,0,0,0,0,Normal
8,2025-12-18T13:00:00.000Z,88851.7,1.8241005986821657,1,1,1,0,3,ANOMALY
9,2025-12-18T14:00:00.000Z,88345.2,-0.5700509950850696,1,0,0,0,1,Normal
10,2025-12-18T15:00:00.000Z,88513.44,0.19043479442006905,0,0,0,0,0,Normal
11,2025-12-18T16:00:00.000Z,88014.0,-0.5642532930592248,0,0,0,1,1,Normal
12,2025-12-18T17:00:00.000Z,86483.56,-1.7388597268616413,1,1,1,0,3,ANOMALY
13,2025-12-18T18:00:00.000Z,85970.0,-0.5938238435143073,0,0,0,0,0,Normal
14,2025-12-18T19:00:00.000Z,84483.79,-1.7287542165871916,1,1,1,0,3,ANOMALY
15,2025-12-18T20:00:00.000Z,84582.65,0.11701653062676787,0,0,0,0,0,Normal
16,2025-12-18T21:00:00.000Z,85630.95,1.2393794708489336,1,1,1,0,3,ANOMALY
17,2025-12-18T22:00:00.000Z,85582.88,-0.056136245130988804,0,0,0,0,0,Normal
18,2025-12-18T23:00:00.000Z,85516.41,-0.07766740263940308,0,0,0,0,0,Normal
19,2025-12-19T00:00:00.000Z,85604.88,0.10345382833540917,0,0,0,0,0,Normal
20,2025-12-19T01:00:00.000Z,85320.43,-0.33228245866357975,0,0,0,0,0,Normal
21,2025-12-19T02:00:00.000Z,85643.44,0.3785845898807594,0,0,0,0,0,Normal
22,2025-12-19T03:00:00.000Z,86891.39,1.4571460464455788,1,1,1,0,3,ANOMALY
23,2025-12-19T04:00:00.000Z,87103.34,0.24392520363640813,0,0,0,0,0,Normal
24,2025-12-19T05:00:00.000Z,87139.95,0.04203053522402467,0,0,0,0,0,Normal
25,2025-12-19T06:00:00.000Z,87483.41,0.39414757525109145,0,0,0,1,1,Normal
26,2025-12-19T07:00:00.000Z,87953.4,0.5372332880028141,1,0,0,0,1,Normal
27,2025-12-19T08:00:00.000Z,88102.78,0.16983993796715335,0,0,0,0,0,Normal
28,2025-12-19T09:00:00.000Z,88105.03,0.002553835418139805,0,0,0,0,0,Normal
29,2025-12-19T10:00:00.000Z,88267.09,0.1839395548699052,0,0,0,0,0,Normal
30,2025-12-19T11:00:00.000Z,88198.7,-0.07748074622149215,0,0,0,0,0,Normal
31,2025-12-19T12:00:00.000Z,87855.92,-0.38864518411269033,0,0,0,0,0,Normal
32,2025-12-19T13:00:00.000Z,87997.14,0.16074044868006343,0,0,0,0,0,Normal
33,2025-12-19T14:00:00.000Z,88180.01,0.20781357212291685,0,0,0,0,0,Normal
34,2025-12-19T15:00:00.000Z,87951.87,-0.2587207690268989,1,0,0,0,1,Normal
35,2025-12-19T16:00:00.000Z,87983.25,0.03567860467321715,0,0,0,0,0,Normal
36,2025-12-19T17:00:00.000Z,86943.25,-1.1820431729903103,1,0,0,0,1,Normal
37,2025-12-19T18:00:00.000Z,87155.44,0.2440557490086981,0,0,0,0,0,Normal
38,2025-12-19T19:00:00.000Z,87845.92,0.7922397041423945,0,0,0,0,0,Normal
39,2025-12-19T20:00:00.000Z,88099.6,0.28877835191436496,0,0,0,0,0,Normal
40,2025-12-19T21:00:00.000Z,87839.4,-0.29534753846783834,0,0,0,0,0,Normal
41,2025-12-19T22:00:00.000Z,88344.78,0.5753454600099683,0,0,0,0,0,Normal
42,2025-12-19T23:00:00.000Z,88136.94,-0.2352600798824711,0,0,0,0,0,Normal
43,2025-12-20T00:00:00.000Z,88005.63,-0.1489840695626521,0,0,0,0,0,Normal
44,2025-12-20T01:00:00.000Z,88075.89,0.07983580141406321,0,0,0,0,0,Normal
45,2025-12-20T02:00:00.000Z,88204.04,0.14549952319526938,0,0,0,0,0,Normal
46,2025-12-20T03:00:00.000Z,88214.98,0.01240305999590241,0,0,0,0,0,Normal
47,2025-12-20T04:00:00.000Z,88295.37,0.09112964714155236,0,0,0,0,0,Normal
48,2025-12-20T05:00:00.000Z,88295.31,-6.79537330183777E-5,0,0,0,0,0,Normal
49,2025-12-20T06:00:00.000Z,88305.81,0.011891911359729335,0,0,0,0,0,Normal
50,2025-12-20T07:00:00.000Z,88275.41,-0.03442582090577018,0,0,0,0,0,Normal
51,2025-12-20T08:00:00.000Z,88257.21,-0.02061729308309168,0,0,0,0,0,Normal
52,2025-12-20T09:00:00.000Z,88224.0,-0.037628653794974376,0,0,0,0,0,Normal
53,2025-12-20T10:00:00.000Z,88163.99,-0.06802003989843097,0,0,0,0,0,Normal
54,2025-12-20T11:00:00.000Z,88277.66,0.12893019020576713,0,0,0,0,0,Normal
55,2025-12-20T12:00:00.000Z,88256.08,-0.02444559586196604,0,0,0,0,0,Normal
56,2025-12-20T13:00:00.000Z,88270.39,0.016214180371476594,0,0,0,0,0,Normal
57,2025-12-20T14:00:00.000Z,88260.88,-0.010773714719047867,0,0,0,0,0,Normal
58,2025-12-20T15:00:00.000Z,88178.71,-0.09309900377154623,0,0,0,0,0,Normal
59,2025-12-20T16:00:00.000Z,88149.72,-0.032876416540916775,0,0,0,0,0,Normal
60,2025-12-20T17:00:00.000Z,88181.8,0.03639262836001578,0,0,0,0,0,Normal
61,2025-12-20T18:00:00.000Z,88313.21,0.1490216802106703,0,0,0,0,0,Normal
62,2025-12-20T19:00:00.000Z,88232.92,-0.09091505110051523,0,0,0,0,0,Normal
63,2025-12-20T20:00:00.000Z,88271.6,0.0438385128815888,0,0,0,0,0,Normal
64,2025-12-20T21:00:00.000Z,88208.73,-0.07122336062789225,0,0,0,0,0,Normal
65,2025-12-20T22:00:00.000Z,88279.35,0.08006010289458576,0,0,0,0,0,Normal
66,2025-12-20T23:00:00.000Z,88360.9,0.09237720939268002,0,0,0,0,0,Normal
67,2025-12-21T00:00:00.000Z,88387.92,0.030579136246911,0,0,0,0,0,Normal
68,2025-12-21T01:00:00.000Z,88011.83,-0.4254993216267544,0,0,0,0,0,Normal
69,2025-12-21T02:00:00.000Z,87943.76,-0.07734187551833305,0,0,0,0,0,Normal
70,2025-12-21T03:00:00.000Z,88070.64,0.14427402239796105,0,0,0,0,0,Normal
71,2025-12-21T04:00:00.000Z,88065.83,-0.0054615249758582785,0,0,0,0,0,Normal
72,2025-12-21T05:00:00.000Z,88138.95,0.08302879788901762,0,0,0,0,0,Normal
73,2025-12-21T06:00:00.000Z,88090.72,-0.054720415888775964,0,0,0,0,0,Normal
74,2025-12-21T07:00:00.000Z,88174.79,0.09543570537282609,0,0,0,0,0,Normal
75,2025-12-21T08:00:00.000Z,88537.87,0.4117730249201701,1,0,0,0,1,Normal
76,2025-12-21T09:00:00.000Z,88892.82,0.4009018965556832,0,0,0,0,0,Normal
77,2025-12-21T10:00:00.000Z,88669.78,-0.2509089035537482,0,0,0,0,0,Normal
78,2025-12-21T11:00:00.000Z,88601.57,-0.07692587034725529,0,0,0,0,0,Normal
79,2025-12-21T12:00:00.000Z,88638.01,0.04112793938073622,0,0,0,0,0,Normal
80,2025-12-21T13:00:00.000Z,87670.1,-1.0919807427987038,1,0,0,0,1,Normal
81,2025-12-21T14:00:00.000Z,88065.18,0.45064394816476394,0,0,0,0,0,Normal
82,2025-12-21T15:00:00.000Z,88067.95,0.003145397533965699,0,0,0,0,0,Normal
83,2025-12-21T16:00:00.000Z,88359.18,0.3306878381976519,0,0,0,0,0,Normal
84,2025-12-21T17:00:00.000Z,88324.14,-0.039656320939140954,0,0,0,0,0,Normal
85,2025-12-21T18:00:00.000Z,88445.09,0.13693878027003503,0,0,0,0,0,Normal
86,2025-12-21T19:00:00.000Z,88484.01,0.04400470393550737,0,0,0,0,0,Normal
87,2025-12-21T20:00:00.000Z,88230.96,-0.2859838743745735,0,0,0,0,0,Normal
88,2025-12-21T21:00:00.000Z,88162.86,-0.07718379126783192,0,0,0,0,0,Normal
89,2025-12-21T22:00:00.000Z,88483.63,0.3638380152368059,0,0,0,0,0,Normal
90,2025-12-21T23:00:00.000Z,88658.86,0.1980366311825188,0,0,0,0,0,Normal
91,2025-12-22T00:00:00.000Z,88622.4,-0.04112392151219835,0,0,0,0,0,Normal
92,2025-12-22T01:00:00.000Z,88626.31,0.00441197710736585,0,0,0,0,0,Normal
93,2025-12-22T02:00:00.000Z,88458.27,-0.1896050958231199,0,0,0,1,1,Normal
94,2025-12-22T03:00:00.000Z,88774.12,0.35706101871537665,0,0,0,0,0,Normal
95,2025-12-22T04:00:00.000Z,88904.99,0.14741909015827392,0,0,0,0,0,Normal
96,2025-12-22T05:00:00.000Z,88831.34,-0.08284124434411178,0,0,0,0,0,Normal
97,2025-12-22T06:00:00.000Z,88909.26,0.0877167900428022,0,0,0,0,0,Normal
98,2025-12-22T07:00:00.000Z,89170.1,0.2933777651506819,0,0,0,0,0,Normal
99,2025-12-22T08:00:00.000Z,89334.2,0.18403029715117203,0,0,0,0,0,Normal
100,2025-12-22T09:00:00.000Z,89829.6,0.5545468588737723,0,0,0,0,0,Normal
101,2025-12-22T10:00:00.000Z,89778.94,-0.05639566468068624,0,0,0,0,0,Normal
102,2025-12-22T11:00:00.000Z,89945.43,0.18544438149969977,0,0,0,0,0,Normal
103,2025-12-22T12:00:00.000Z,90208.48,0.2924551030552669,0,0,0,0,0,Normal
104,2025-12-22T13:00:00.000Z,89912.37,-0.32825073651612247,0,0,0,0,0,Normal
105,2025-12-22T14:00:00.000Z,90126.43,0.23807625135450206,0,0,0,0,0,Normal
106,2025-12-22T15:00:00.000Z,89726.92,-0.44327729390811754,0,0,0,0,0,Normal
107,2025-12-22T16:00:00.000Z,89550.0,-0.1971760537417322,0,0,0,0,0,Normal
108,2025-12-22T17:00:00.000Z,89308.92,-0.2692127303182579,0,0,0,0,0,Normal
109,2025-12-22T18:00:00.000Z,89150.04,-0.1778993632439052,0,0,0,0,0,Normal
110,2025-12-22T19:00:00.000Z,88052.43,-1.2311940634014307,1,0,0,0,1,Normal
111,2025-12-22T20:00:00.000Z,88351.03,0.3391161379646235,0,0,0,0,0,Normal
112,2025-12-22T21:00:00.000Z,88275.06,-0.08598654707251407,0,0,0,0,0,Normal
113,2025-12-22T22:00:00.000Z,88660.07,0.43614810343941546,0,0,0,0,0,Normal
114,2025-12-22T23:00:00.000Z,88620.79,-0.04430404803426047,0,0,0,0,0,Normal
115,2025-12-23T00:00:00.000Z,88770.47,0.16889941965085864,0,0,0,0,0,Normal
116,2025-12-23T01:00:00.000Z,88513.71,-0.28924032958256296,0,0,0,0,0,Normal
117,2025-12-23T02:00:00.000Z,88206.8,-0.3467372455634332,0,0,0,0,0,Normal
118,2025-12-23T03:00:00.000Z,88170.0,-0.041720139490386554,0,0,0,0,0,Normal
119,2025-12-23T04:00:00.000Z,87930.99,-0.2710785981626329,0,0,0,0,0,Normal
120,2025-12-23T05:00:00.000Z,87765.01,-0.18876166411865292,0,0,0,0,0,Normal
121,2025-12-23T06:00:00.000Z,87400.01,-0.4158832774017851,0,0,0,0,0,Normal
122,2025-12-23T07:00:00.000Z,87574.79,0.19997709382413298,0,0,0,0,0,Normal
123,2025-12-23T08:00:00.000Z,87477.15,-0.11149327334956105,0,0,0,0,0,Normal
124,2025-12-23T09:00:00.000Z,87531.85,0.06253061513779024,0,0,0,0,0,Normal
125,2025-12-23T10:00:00.000Z,87615.93,0.09605646401851242,0,0,0,0,0,Normal
126,2025-12-23T11:00:00.000Z,87856.65,0.2747445584381669,0,0,0,0,0,Normal
127,2025-12-23T12:00:00.000Z,87789.18,-0.07679555275553751,0,0,0,0,0,Normal
128,2025-12-23T13:00:00.000Z,87616.67,-0.19650485401503381,0,0,0,0,0,Normal
129,2025-12-23T14:00:00.000Z,86874.0,-0.8476355013264047,0,0,0,0,0,Normal
130,2025-12-23T15:00:00.000Z,87443.45,0.6554895595920485,0,0,0,0,0,Normal
131,2025-12-23T16:00:00.000Z,88003.63,0.640619737670467,0,0,0,0,0,Normal
132,2025-12-23T17:00:00.000Z,87180.01,-0.9358932125868136,0,0,0,0,0,Normal
133,2025-12-23T18:00:00.000Z,87975.01,0.9119062959501933,0,0,0,0,0,Normal
134,2025-12-23T19:00:00.000Z,87752.87,-0.2525035234437589,0,0,0,0,0,Normal
135,2025-12-23T20:00:00.000Z,87691.5,-0.06993503460341888,0,0,0,0,0,Normal
136,2025-12-23T21:00:00.000Z,87722.89,0.0357959437345734,0,0,0,0,0,Normal
137,2025-12-23T22:00:00.000Z,87399.45,-0.3687065029435277,0,0,0,0,0,Normal
138,2025-12-23T23:00:00.000Z,87486.0,0.09902808312867162,0,0,0,0,0,Normal
139,2025-12-24T00:00:00.000Z,87660.47,0.19942619390531657,0,0,0,0,0,Normal
140,2025-12-24T01:00:00.000Z,87632.51,-0.031895790656844,0,0,0,0,0,Normal
141,2025-12-24T02:00:00.000Z,87134.39,-0.5684191859847365,0,0,0,0,0,Normal
142,2025-12-24T03:00:00.000Z,87336.23,0.23164217939666276,0,0,0,0,0,Normal
143,2025-12-24T04:00:00.000Z,87147.65,-0.21592413595137305,0,0,0,0,0,Normal
144,2025-12-24T05:00:00.000Z,86957.9,-0.21773392627340016,0,0,0,0,0,Normal
145,2025-12-24T06:00:00.000Z,87019.21,0.07050538248969396,0,0,0,0,0,Normal
146,2025-12-24T07:00:00.000Z,86911.53,-0.12374279196514237,0,0,0,0,0,Normal
147,2025-12-24T08:00:00.000Z,86795.56,-0.13343453969801855,0,0,0,0,0,Normal
148,2025-12-24T09:00:00.000Z,86812.8,0.019862767173806084,0,0,0,0,0,Normal
149,2025-12-24T10:00:00.000Z,87077.66,0.3050932581370569,0,0,0,0,0,Normal
150,2025-12-24T11:00:00.000Z,87203.94,0.14501997412423862,0,0,0,0,0,Normal
151,2025-12-24T12:00:00.000Z,87428.51,0.2575227678932812,0,0,0,0,0,Normal
152,2025-12-24T13:00:00.000Z,87286.9,-0.161972336026317,0,0,0,0,0,Normal
153,2025-12-24T14:00:00.000Z,86994.7,-0.3347581366734298,0,0,0,0,0,Normal
154,2025-12-24T15:00:00.000Z,87049.99,0.06355559591562088,0,0,0,0,0,Normal
155,2025-12-24T16:00:00.000Z,87283.23,0.2679379974655838,0,0,0,0,0,Normal
156,2025-12-24T17:00:00.000Z,87322.77,0.04530079833207079,0,0,0,0,0,Normal
157,2025-12-24T18:00:00.000Z,87470.65,0.16934872771441345,0,0,0,0,0,Normal
158,2025-12-24T19:00:00.000Z,87566.06,0.10907658740388904,0,0,0,0,0,Normal
159,2025-12-24T20:00:00.000Z,87556.2,-0.011260070397134392,0,0,0,0,0,Normal
160,2025-12-24T21:00:00.000Z,87696.33,0.16004577631281158,0,0,0,0,0,Normal
161,2025-12-24T22:00:00.000Z,88009.81,0.35746079682010823,0,0,0,0,0,Normal
162,2025-12-24T23:00:00.000Z,87669.45,-0.38672961570989095,0,0,0,0,0,Normal
163,2025-12-25T00:00:00.000Z,87568.37,-0.11529671966689081,0,0,0,0,0,Normal
164,2025-12-25T01:00:00.000Z,87699.99,0.15030541278775456,0,0,0,0,0,Normal
165,2025-12-25T02:00:00.000Z,87892.66,0.21969215731951763,0,0,0,0,0,Normal
166,2025-12-25T03:00:00.000Z,87840.42,-0.059436134940060725,0,0,0,0,0,Normal
167,2025-12-25T04:00:00.000Z,87773.33,-0.07637713936249346,0,0,0,0,0,Normal
168,2025-12-25T05:00:00.000Z,87750.55,-0.025953213806517716,0,0,0,0,0,Normal
169,2025-12-25T06:00:00.000Z,87836.42,0.097856936509233,0,0,0,0,0,Normal
170,2025-12-25T07:00:00.000Z,87837.59,0.0013320215008771896,0,0,0,0,0,Normal
171,2025-12-25T08:00:00.000Z,87584.65,-0.28796327403791677,0,0,0,0,0,Normal
172,2025-12-25T09:00:00.000Z,87526.48,-0.06641574750826384,0,0,0,0,0,Normal
173,2025-12-25T10:00:00.000Z,87414.14,-0.12834972913339238,0,0,0,0,0,Normal
174,2025-12-25T11:00:00.000Z,87519.44,0.12046106041883053,0,0,0,0,0,Normal
175,2025-12-25T12:00:00.000Z,87566.0,0.05319960913825472,0,0,0,0,0,Normal
176,2025-12-25T13:00:00.000Z,87638.25,0.08250919306580506,0,0,0,1,1,Normal
177,2025-12-25T14:00:00.000Z,87718.21,0.09123869999687617,0,0,0,0,0,Normal
178,2025-12-25T15:00:00.000Z,88371.27,0.7444976362376732,1,0,0,0,1,Normal
179,2025-12-25T16:00:00.000Z,88086.72,-0.32199378825268354,0,0,0,0,0,Normal
180,2025-12-25T17:00:00.000Z,88139.08,0.05944142317932943,0,0,0,0,0,Normal
181,2025-12-25T18:00:00.000Z,88241.26,0.11593041361448453,0,0,0,0,0,Normal
182,2025-12-25T19:00:00.000Z,88151.18,-0.10208376444307277,0,0,0,0,0,Normal
183,2025-12-25T20:00:00.000Z,87892.69,-0.2932348721820799,0,0,0,0,0,Normal
184,2025-12-25T21:00:00.000Z,87901.21,0.0096936389135438,0,0,0,0,0,Normal
185,2025-12-25T22:00:00.000Z,87650.0,-0.28578673717916114,0,0,0,0,0,Normal
186,2025-12-25T23:00:00.000Z,87225.27,-0.48457501426125704,0,0,0,0,0,Normal
187,2025-12-26T00:00:00.000Z,87120.0,-0.12068750260102457,0,0,0,0,0,Normal
188,2025-12-26T01:00:00.000Z,87432.26,0.3584251606978839,0,0,0,0,0,Normal
189,2025-12-26T02:00:00.000Z,89199.99,2.021828098690359,1,1,1,0,3,ANOMALY
190,2025-12-26T03:00:00.000Z,88844.87,-0.39811663656017515,0,0,0,0,0,Normal
191,2025-12-26T04:00:00.000Z,88969.24,0.13998557260539446,0,0,0,0,0,Normal
192,2025-12-26T05:00:00.000Z,88996.58,0.0307297218679059,0,0,0,0,0,Normal
193,2025-12-26T06:00:00.000Z,89124.24,0.14344371435397463,0,0,0,1,1,Normal
194,2025-12-26T07:00:00.000Z,88470.75,-0.7332348640504582,0,0,0,0,0,Normal
195,2025-12-26T08:00:00.000Z,88742.28,0.30691499732962146,0,0,0,0,0,Normal
196,2025-12-26T09:00:00.000Z,88811.76,0.07829413443061206,0,0,0,0,0,Normal
197,2025-12-26T10:00:00.000Z,88748.34,-0.0714094619901684,0,0,0,0,0,Normal
198,2025-12-26T11:00:00.000Z,88533.42,-0.24216790984484815,0,0,0,0,0,Normal
199,2025-12-26T12:00:00.000Z,88678.9,0.1643221282991103,0,0,0,0,0,Normal
200,2025-12-26T13:00:00.000Z,88992.88,0.35406393178085693,0,0,0,0,0,Normal
201,2025-12-26T14:00:00.000Z,87380.43,-1.8118865239556414,1,1,1,0,3,ANOMALY
202,2025-12-26T15:00:00.000Z,87137.81,-0.27765942557159695,1,0,0,0,1,Normal
203,2025-12-26T16:00:00.000Z,86855.82,-0.323613825043334,0,0,0,1,1,Normal
204,2025-12-26T17:00:00.000Z,87331.91,0.5481382825008208,0,0,0,0,0,Normal
205,2025-12-26T18:00:00.000Z,87277.77,-0.06199337676228156,0,0,0,1,1,Normal
206,2025-12-26T19:00:00.000Z,87501.83,0.2567205830304786,0,0,0,0,0,Normal
207,2025-12-26T20:00:00.000Z,87585.77,0.09592942227607537,0,0,0,0,0,Normal
208,2025-12-26T21:00:00.000Z,87470.59,-0.13150538038314563,0,0,0,1,1,Normal
209,2025-12-26T22:00:00.000Z,87550.0,0.09078479978241738,0,0,0,0,0,Normal
210,2025-12-26T23:00:00.000Z,87369.56,-0.20609937178754922,0,0,0,1,1,Normal
211,2025-12-27T00:00:00.000Z,87401.07,0.03606519249954587,0,0,0,1,1,Normal
212,2025-12-27T01:00:00.000Z,87475.03,0.08462138964659971,0,0,0,1,1,Normal
213,2025-12-27T02:00:00.000Z,87446.02,-0.03316374970090408,0,0,0,0,0,Normal
214,2025-12-27T03:00:00.000Z,87514.22,0.07799097088694307,0,0,0,0,0,Normal
215,2025-12-27T04:00:00.000Z,87470.19,-0.050311823609916484,0,0,0,0,0,Normal
216,2025-12-27T05:00:00.000Z,87506.0,0.04093966184364195,0,0,0,0,0,Normal
217,2025-12-27T06:00:00.000Z,87469.02,-0.04225995931707027,0,0,0,0,0,Normal
218,2025-12-27T07:00:00.000Z,87539.26,0.08030271746497508,0,0,0,0,0,Normal
219,2025-12-27T08:00:00.000Z,87593.0,0.06138959822141743,0,0,0,0,0,Normal
220,2025-12-27T09:00:00.000Z,87618.91,0.02957998926855776,1,0,0,0,1,Normal
221,2025-12-27T10:00:00.000Z,87503.01,-0.13227738167480574,0,0,0,0,0,Normal
222,2025-12-27T11:00:00.000Z,87475.98,-0.030890365942837228,0,0,0,0,0,Normal
223,2025-12-27T12:00:00.000Z,87474.28,-0.0019433906313426341,0,0,0,0,0,Normal
224,2025-12-27T13:00:00.000Z,87452.78,-0.0245786532909964,0,0,0,0,0,Normal
225,2025-12-27T14:00:00.000Z,87544.9,0.10533684578122315,0,0,0,0,0,Normal
226,2025-12-27T15:00:00.000Z,87551.25,0.007253420816066836,0,0,0,0,0,Normal
227,2025-12-27T16:00:00.000Z,87498.41,-0.06035322168443935,0,0,0,0,0,Normal
228,2025-12-27T17:00:00.000Z,87562.58,0.07333847552200012,0,0,0,0,0,Normal
229,2025-12-27T18:00:00.000Z,87500.01,-0.07145746504957362,0,0,0,0,0,Normal
230,2025-12-27T19:00:00.000Z,87569.39,0.07929141950955287,0,0,0,0,0,Normal
231,2025-12-27T20:00:00.000Z,87555.92,-0.01538208727958068,0,0,0,0,0,Normal
232,2025-12-27T21:00:00.000Z,87668.22,0.12826088744199993,0,0,0,0,0,Normal
233,2025-12-27T22:00:00.000Z,87565.99,-0.11661010112899994,1,1,1,0,3,ANOMALY
234,2025-12-27T23:00:00.000Z,87877.01,0.35518355927910417,0,0,0,0,0,Normal
235,2025-12-28T00:00:00.000Z,87854.96,-0.025091886945161068,0,0,0,0,0,Normal
236,2025-12-28T01:00:00.000Z,87785.96,-0.07853853669730348,0,0,0,0,0,Normal
237,2025-12-28T02:00:00.000Z,87810.78,0.02827331386476839,0,0,0,0,0,Normal
238,2025-12-28T03:00:00.000Z,87740.01,-0.0805937494234854,0,0,0,0,0,Normal
239,2025-12-28T04:00:00.000Z,87724.87,-0.017255525728798737,0,0,0,0,0,Normal
240,2025-12-28T05:00:00.000Z,87657.93,-0.07630675314765911,0,0,0,0,0,Normal
241,2025-12-28T06:00:00.000Z,87732.0,0.08449891527213538,0,0,0,0,0,Normal
242,2025-12-28T07:00:00.000Z,87730.85,-0.0013108101946768258,0,0,0,0,0,Normal
243,2025-12-28T08:00:00.000Z,87805.0,0.08451986957835889,0,0,0,0,0,Normal
244,2025-12-28T09:00:00.000Z,87800.0,-0.005694436535508274,0,0,0,0,0,Normal
245,2025-12-28T10:00:00.000Z,87856.91,0.06481776765376868,0,0,0,0,0,Normal
246,2025-12-28T11:00:00.000Z,87883.25,0.029980567265575075,0,0,0,0,0,Normal
247,2025-12-28T12:00:00.000Z,87850.6,-0.037151561873272065,0,0,0,0,0,Normal
248,2025-12-28T13:00:00.000Z,87896.59,0.05235024006664535,0,0,0,0,0,Normal
249,2025-12-28T14:00:00.000Z,87910.0,0.015256564560695018,0,0,0,0,0,Normal
250,2025-12-28T15:00:00.000Z,87836.27,-0.08386986690933629,0,0,0,0,0,Normal
251,2025-12-28T16:00:00.000Z,87814.04,-0.0253084517364055,0,0,0,0,0,Normal
252,2025-12-28T17:00:00.000Z,87760.0,-0.06153913428876834,0,0,0,0,0,Normal
253,2025-12-28T18:00:00.000Z,87598.49,-0.1840360072926095,1,1,1,0,3,ANOMALY
254,2025-12-28T19:00:00.000Z,87520.75,-0.08874582198848957,0,0,0,0,0,Normal
255,2025-12-28T20:00:00.000Z,87514.76,-0.006844091258362273,0,0,0,0,0,Normal
256,2025-12-28T21:00:00.000Z,87588.37,0.0841115258728875,0,0,0,0,0,Normal
257,2025-12-28T22:00:00.000Z,87900.09,0.35589199799015425,0,0,0,0,0,Normal
258,2025-12-28T23:00:00.000Z,87952.71,0.05986341993506894,0,0,0,0,0,Normal
259,2025-12-29T00:00:00.000Z,88295.69,0.38995955894933765,0,0,0,0,0,Normal
260,2025-12-29T01:00:00.000Z,88445.57,0.16974780988743277,0,0,0,0,0,Normal
261,2025-12-29T02:00:00.000Z,89163.25,0.8114369097287577,1,1,0,0,2,ANOMALY
262,2025-12-29T03:00:00.000Z,90123.55,1.0770132313481229,1,1,0,0,2,ANOMALY
263,2025-12-29T04:00:00.000Z,90143.06,0.021648059802337194,0,0,0,0,0,Normal
264,2025-12-29T05:00:00.000Z,89984.0,-0.17645285172258607,0,0,0,1,1,Normal
265,2025-12-29T06:00:00.000Z,89777.26,-0.22975195590327901,0,0,0,0,0,Normal
266,2025-12-29T07:00:00.000Z,89617.71,-0.17771760911392542,0,0,0,0,0,Normal
267,2025-12-29T08:00:00.000Z,89555.1,-0.06986342320061123,0,0,0,0,0,Normal
268,2025-12-29T09:00:00.000Z,88100.05,-1.6247539224455099,1,1,1,0,3,ANOMALY
269,2025-12-29T10:00:00.000Z,87780.01,-0.3632688063173739,0,0,0,0,0,Normal
270,2025-12-29T11:00:00.000Z,87567.66,-0.24191156961589355,0,0,0,0,0,Normal
271,2025-12-29T12:00:00.000Z,87397.0,-0.19488930045635788,0,0,0,0,0,Normal
272,2025-12-29T13:00:00.000Z,87387.71,-0.010629655480154376,0,0,0,0,0,Normal
273,2025-12-29T14:00:00.000Z,87429.96,0.048347759656364175,0,0,0,0,0,Normal
274,2025-12-29T15:00:00.000Z,87691.62,0.29927956046187365,0,0,0,0,0,Normal
275,2025-12-29T16:00:00.000Z,87627.11,-0.07356461198914088,0,0,0,0,0,Normal
276,2025-12-29T17:00:00.000Z,87849.99,0.2543505086496589,0,0,0,0,0,Normal
277,2025-12-29T18:00:00.000Z,87464.77,-0.43849748873050487,0,0,0,0,0,Normal
278,2025-12-29T19:00:00.000Z,87366.23,-0.11266250400019384,0,0,0,0,0,Normal
279,2025-12-29T20:00:00.000Z,87212.01,-0.1765212943261929,0,0,0,0,0,Normal
280,2025-12-29T21:00:00.000Z,87337.85,0.14429205335366735,0,0,0,0,0,Normal
281,2025-12-29T22:00:00.000Z,87351.05,0.01511372217199991,0,0,0,0,0,Normal
282,2025-12-29T23:00:00.000Z,87237.13,-0.13041629150422063,0,0,0,0,0,Normal
283,2025-12-30T00:00:00.000Z,87250.23,0.0150165416950232,0,0,0,0,0,Normal
284,2025-12-30T01:00:00.000Z,87308.23,0.06647546946294547,0,0,0,0,0,Normal
285,2025-12-30T02:00:00.000Z,87111.0,-0.22590081141261598,0,0,0,0,0,Normal
286,2025-12-30T03:00:00.000Z,87379.0,0.3076534536396114,0,0,0,0,0,Normal
287,2025-12-30T04:00:00.000Z,87300.0,-0.09041073942251954,0,0,0,0,0,Normal
288,2025-12-30T05:00:00.000Z,87255.97,-0.05043528064146985,0,0,0,0,0,Normal
289,2025-12-30T06:00:00.000Z,87443.17,0.21454119414408002,0,0,0,0,0,Normal
290,2025-12-30T07:00:00.000Z,87502.85,0.06825004171282512,0,0,0,0,0,Normal
291,2025-12-30T08:00:00.000Z,87872.68,0.4226490908581626,0,0,0,0,0,Normal
292,2025-12-30T09:00:00.000Z,87992.7,0.1365839758159293,0,0,0,0,0,Normal
293,2025-12-30T10:00:00.000Z,87949.51,-0.04908361716370324,0,0,0,0,0,Normal
294,2025-12-30T11:00:00.000Z,87903.89,-0.05187066988775468,0,0,0,0,0,Normal
295,2025-12-30T12:00:00.000Z,88023.54,0.13611456785358467,0,0,0,0,0,Normal
296,2025-12-30T13:00:00.000Z,88110.02,0.098246446348349,0,0,0,0,0,Normal
297,2025-12-30T14:00:00.000Z,88875.83,0.8691519988305529,0,0,0,0,0,Normal
298,2025-12-30T15:00:00.000Z,89016.35,0.1581082280750712,0,0,0,0,0,Normal
299,2025-12-30T16:00:00.000Z,88742.63,-0.30749407271810636,0,0,0,0,0,Normal
300,2025-12-30T17:00:00.000Z,88371.34,-0.41838967359881796,0,0,0,1,1,Normal
301,2025-12-30T18:00:00.000Z,88304.0,-0.0762011756300085,0,0,0,0,0,Normal
302,2025-12-30T19:00:00.000Z,88226.16,-0.08815002717883491,0,0,0,0,0,Normal
303,2025-12-30T20:00:00.000Z,87947.15,-0.3162440709195691,0,0,0,0,0,Normal
304,2025-12-30T21:00:00.000Z,88287.27,0.3867322590896949,0,0,0,0,0,Normal
305,2025-12-30T22:00:00.000Z,88430.19,0.1618806425886854,0,0,0,0,0,Normal
306,2025-12-30T23:00:00.000Z,88485.49,0.06253520432333293,0,0,0,0,0,Normal
307,2025-12-31T00:00:00.000Z,88255.54,-0.25987311591991746,0,0,0,0,0,Normal
308,2025-12-31T01:00:00.000Z,88649.33,0.44619295287300353,0,0,0,0,0,Normal
309,2025-12-31T02:00:00.000Z,88673.6,0.027377533479389093,0,0,0,0,0,Normal
310,2025-12-31T03:00:00.000Z,88453.04,-0.24873242994534195,0,0,0,0,0,Normal
311,2025-12-31T04:00:00.000Z,88325.06,-0.14468694349001332,0,0,0,0,0,Normal
312,2025-12-31T05:00:00.000Z,88463.09,0.15627501413528755,0,0,0,0,0,Normal
313,2025-12-31T06:00:00.000Z,88512.92,0.05632857726312057,0,0,0,0,0,Normal
314,2025-12-31T07:00:00.000Z,88613.12,0.11320381250556899,0,0,0,0,0,Normal
315,2025-12-31T08:00:00.000Z,88434.65,-0.20140358448049733,0,0,0,0,0,Normal
316,2025-12-31T09:00:00.000Z,88660.1,0.25493401059428766,0,0,0,0,0,Normal
317,2025-12-31T10:00:00.000Z,88847.26,0.21109834074175549,0,0,0,0,0,Normal
318,2025-12-31T11:00:00.000Z,89011.52,0.18487908349678062,0,0,0,0,0,Normal
319,2025-12-31T12:00:00.000Z,88775.96,-0.2646399027901092,0,0,0,0,0,Normal
320,2025-12-31T13:00:00.000Z,88991.88,0.24321899757546728,0,0,0,0,0,Normal
321,2025-12-31T14:00:00.000Z,88479.99,-0.5752097831847158,0,0,0,0,0,Normal
322,2025-12-31T15:00:00.000Z,87953.97,-0.5945073004642087,0,0,0,0,0,Normal
323,2025-12-31T16:00:00.000Z,87656.98,-0.3376652583163775,0,0,0,0,0,Normal
324,2025-12-31T17:00:00.000Z,87620.82,-0.04125170636724018,0,0,0,0,0,Normal
325,2025-12-31T18:00:00.000Z,87684.07,0.07218603980194693,0,0,0,0,0,Normal
326,2025-12-31T19:00:00.000Z,87541.85,-0.16219593821318323,0,0,0,0,0,Normal
327,2025-12-31T20:00:00.000Z,87662.01,0.1372600647575828,0,0,0,0,0,Normal
328,2025-12-31T21:00:00.000Z,87799.97,0.15737718083352892,0,0,0,0,0,Normal
329,2025-12-31T22:00:00.000Z,87728.29,-0.08164011901143908,0,0,0,0,0,Normal
330,2025-12-31T23:00:00.000Z,87648.22,-0.09127044423183905,0,0,0,0,0,Normal
331,2026-01-01T00:00:00.000Z,87809.23,0.1837002508436436,0,0,0,0,0,Normal
332,2026-01-01T01:00:00.000Z,87960.0,0.17170176757044242,0,0,0,0,0,Normal
333,2026-01-01T02:00:00.000Z,87914.0,-0.052296498408366254,0,0,0,0,0,Normal
334,2026-01-01T03:00:00.000Z,87846.02,-0.07732556816888447,0,0,0,0,0,Normal
335,2026-01-01T04:00:00.000Z,87590.4,-0.29098643285149217,0,0,0,0,0,Normal
336,2026-01-01T05:00:00.000Z,87704.39,0.13013983267573526,0,0,0,0,0,Normal
337,2026-01-01T06:00:00.000Z,87658.0,-0.05289358947710987,0,0,0,0,0,Normal
338,2026-01-01T07:00:00.000Z,87631.88,-0.02979762257865337,0,0,0,0,0,Normal
339,2026-01-01T08:00:00.000Z,87770.9,0.15864089644086476,0,0,0,0,0,Normal
340,2026-01-01T09:00:00.000Z,87877.99,0.12201082591156709,0,0,0,0,0,Normal
341,2026-01-01T10:00:00.000Z,87863.76,-0.016192905641121413,0,0,0,0,0,Normal
342,2026-01-01T11:00:00.000Z,88024.64,0.18310165647361654,0,0,0,0,0,Normal
343,2026-01-01T12:00:00.000Z,87950.0,-0.08479443937515763,0,0,0,0,0,Normal
344,2026-01-01T13:00:00.000Z,87922.64,-0.03110858442296749,0,0,0,0,0,Normal
345,2026-01-01T14:00:00.000Z,87967.05,0.05051031224723168,0,0,0,0,0,Normal
346,2026-01-01T15:00:00.000Z,88032.18,0.07403908622602984,0,0,0,0,0,Normal
347,2026-01-01T16:00:00.000Z,87988.76,-0.0493228726131667,0,0,0,0,0,Normal
348,2026-01-01T17:00:00.000Z,88316.37,0.37233164781502737,0,0,0,0,0,Normal
349,2026-01-01T18:00:00.000Z,88193.94,-0.1386266215425258,0,0,0,0,0,Normal
350,2026-01-01T19:00:00.000Z,88391.15,0.22360946795210168,0,0,0,0,0,Normal
351,2026-01-01T20:00:00.000Z,88258.12,-0.15050149251367717,0,0,0,0,0,Normal
352,2026-01-01T21:00:00.000Z,88377.67,0.13545495870521673,0,0,0,0,0,Normal
353,2026-01-01T22:00:00.000Z,88645.57,0.3031308700489621,0,0,0,0,0,Normal
354,2026-01-01T23:00:00.000Z,88839.04,0.2182511771315676,0,0,0,1,1,Normal
355,2026-01-02T00:00:00.000Z,88833.97,-0.00570695045780667,0,0,0,0,0,Normal
356,2026-01-02T01:00:00.000Z,88639.89,-0.21847498203672044,0,0,0,0,0,Normal
357,2026-01-02T02:00:00.000Z,88637.03,-0.003226538300082904,0,0,0,0,0,Normal
358,2026-01-02T03:00:00.000Z,88950.65,0.35382503226923934,0,0,0,0,0,Normal
359,2026-01-02T04:00:00.000Z,88637.64,-0.3518917512126074,0,0,0,0,0,Normal
360,2026-01-02T05:00:00.000Z,88765.2,0.1439117738242901,0,0,0,0,0,Normal
361,2026-01-02T06:00:00.000Z,88935.04,0.19133624438405494,0,0,0,0,0,Normal
362,2026-01-02T07:00:00.000Z,88857.61,-0.08706354660659166,0,0,0,0,0,Normal
363,2026-01-02T08:00:00.000Z,89178.13,0.36071193001927515,0,0,0,0,0,Normal
364,2026-01-02T09:00:00.000Z,89467.32,0.32428354351006217,0,0,0,0,0,Normal
365,2026-01-02T10:00:00.000Z,89666.29,0.22239405405235502,0,0,0,0,0,Normal
366,2026-01-02T11:00:00.000Z,89502.95,-0.18216433399886878,0,0,0,0,0,Normal
367,2026-01-02T12:00:00.000Z,89400.0,-0.11502414166236763,0,0,0,0,0,Normal
368,2026-01-02T13:00:00.000Z,89348.68,-0.05740492170023259,0,0,0,0,0,Normal
369,2026-01-02T14:00:00.000Z,89580.0,0.2588958225236304,1,1,1,0,3,ANOMALY
370,2026-01-02T15:00:00.000Z,89418.11,-0.1807211431123057,0,0,0,0,0,Normal
371,2026-01-02T16:00:00.000Z,90376.05,1.0713042357974212,1,0,0,0,1,Normal
372,2026-01-02T17:00:00.000Z,90370.52,-0.006118877733640726,0,0,0,1,1,Normal
373,2026-01-02T18:00:00.000Z,89773.1,-0.6610784136242609,0,0,0,0,0,Normal
374,2026-01-02T19:00:00.000Z,89897.23,0.13827081831860877,0,0,0,0,0,Normal
375,2026-01-02T20:00:00.000Z,89740.0,-0.17489971604240928,0,0,0,0,0,Normal
376,2026-01-02T21:00:00.000Z,90065.8,0.3630488076665994,0,0,0,0,0,Normal
377,2026-01-02T22:00:00.000Z,90195.37,0.14386148793437137,0,0,0,0,0,Normal
378,2026-01-02T23:00:00.000Z,89995.13,-0.22200696111118745,0,0,0,0,0,Normal
379,2026-01-03T00:00:00.000Z,90156.19,0.17896523956351107,0,0,0,0,0,Normal
380,2026-01-03T01:00:00.000Z,90282.69,0.14031205178479667,0,0,0,0,0,Normal
381,2026-01-03T02:00:00.000Z,90340.0,0.06347839214804196,0,0,0,0,0,Normal
382,2026-01-03T03:00:00.000Z,90321.22,-0.02078813371706456,0,0,0,0,0,Normal
383,2026-01-03T04:00:00.000Z,90170.0,-0.16742466499013453,0,0,0,1,1,Normal
384,2026-01-03T05:00:00.000Z,90031.1,-0.15404236442274621,0,0,0,0,0,Normal
385,2026-01-03T06:00:00.000Z,89871.05,-0.17777190326454528,0,0,0,0,0,Normal
386,2026-01-03T07:00:00.000Z,89577.13,-0.3270463625383191,0,0,0,0,0,Normal
387,2026-01-03T08:00:00.000Z,89670.51,0.10424535816226932,0,0,0,0,0,Normal
388,2026-01-03T09:00:00.000Z,89791.99,0.13547374716615934,0,0,0,0,0,Normal
389,2026-01-03T10:00:00.000Z,89754.47,-0.04178546438273756,0,0,0,0,0,Normal
390,2026-01-03T11:00:00.000Z,89752.74,-0.0019274806034697,0,0,0,0,0,Normal
391,2026-01-03T12:00:00.000Z,90039.13,0.3190877515271362,0,0,0,0,0,Normal
392,2026-01-03T13:00:00.000Z,90004.96,-0.037950166777489525,0,0,0,0,0,Normal
393,2026-01-03T14:00:00.000Z,90126.02,0.13450369846284005,0,0,0,0,0,Normal
394,2026-01-03T15:00:00.000Z,89969.31,-0.17387875332784963,0,0,0,0,0,Normal
395,2026-01-03T16:00:00.000Z,90105.24,0.1510848532683129,0,0,0,0,0,Normal
396,2026-01-03T17:00:00.000Z,90093.99,-0.01248540040512669,0,0,0,0,0,Normal
397,2026-01-03T18:00:00.000Z,90138.87,0.04981464357387555,0,0,0,0,0,Normal
398,2026-01-03T19:00:00.000Z,90123.77,-0.016751929550473665,0,0,0,0,0,Normal
399,2026-01-03T20:00:00.000Z,90372.39,0.2758650686716768,0,0,0,0,0,Normal
400,2026-01-03T21:00:00.000Z,90564.31,0.21236574577701006,0,0,0,0,0,Normal
401,2026-01-03T22:00:00.000Z,90590.04,0.028410750327578782,0,0,0,0,0,Normal
402,2026-01-03T23:00:00.000Z,90628.01,0.04191410004896756,0,0,0,0,0,Normal
403,2026-01-04T00:00:00.000Z,91341.47,0.787240059668104,1,1,1,0,3,ANOMALY
404,2026-01-04T01:00:00.000Z,91235.37,-0.11615753501668102,0,0,0,0,0,Normal
405,2026-01-04T02:00:00.000Z,91124.0,-0.122068886222515,0,0,0,0,0,Normal
406,2026-01-04T03:00:00.000Z,91236.78,0.12376541855054768,0,0,0,0,0,Normal
407,2026-01-04T04:00:00.000Z,91400.0,0.17889715090777525,0,0,0,0,0,Normal
408,2026-01-04T05:00:00.000Z,91480.04,0.08757111597372802,0,0,0,0,0,Normal
409,2026-01-04T06:00:00.000Z,91237.55,-0.26507421728280134,1,1,0,0,2,ANOMALY
410,2026-01-04T07:00:00.000Z,91532.0,0.32272896411620344,0,0,0,0,0,Normal
411,2026-01-04T08:00:00.000Z,91374.99,-0.1715356378097166,0,0,0,0,0,Normal
412,2026-01-04T09:00:00.000Z,91468.28,0.10209577040718454,0,0,0,0,0,Normal
413,2026-01-04T10:00:00.000Z,91600.62,0.14468403691421106,0,0,0,0,0,Normal
414,2026-01-04T11:00:00.000Z,91300.0,-0.32818555158250495,0,0,0,0,0,Normal
415,2026-01-04T12:00:00.000Z,91150.98,-0.16322015334063744,0,0,0,0,0,Normal
416,2026-01-04T13:00:00.000Z,91264.0,0.12399208434183961,0,0,0,0,0,Normal
417,2026-01-04T14:00:00.000Z,91336.39,0.0793193373071599,0,0,0,0,0,Normal
418,2026-01-04T15:00:00.000Z,91334.94,-0.0015875381104923925,0,0,0,0,0,Normal
419,2026-01-04T16:00:00.000Z,91321.0,-0.0152625052362243,0,0,0,0,0,Normal
420,2026-01-04T17:00:00.000Z,91335.73,0.016129915353535473,0,0,0,0,0,Normal
421,2026-01-04T18:00:00.000Z,91205.39,-0.14270428451165218,0,0,0,0,0,Normal
422,2026-01-04T19:00:00.000Z,91138.07,-0.07381142715358058,0,0,0,0,0,Normal
423,2026-01-04T20:00:00.000Z,91313.94,0.19297095055885727,0,0,0,0,0,Normal
424,2026-01-04T21:00:00.000Z,91279.99,-0.03717942736891633,0,0,0,0,0,Normal
425,2026-01-04T22:00:00.000Z,91220.01,-0.06570991079206667,0,0,0,0,0,Normal
426,2026-01-04T23:00:00.000Z,91529.73,0.3395307674270098,0,0,0,1,1,Normal
427,2026-01-05T00:00:00.000Z,92405.46,0.9567710950310948,1,1,0,0,2,ANOMALY
428,2026-01-05T01:00:00.000Z,92967.28,0.6079943760898932,1,0,0,0,1,Normal
429,2026-01-05T02:00:00.000Z,93033.11,0.0708098591246209,0,0,0,0,0,Normal
430,2026-01-05T03:00:00.000Z,92878.22,-0.1664891133919988,0,0,0,0,0,Normal
431,2026-01-05T04:00:00.000Z,92595.07,-0.30486157034447237,0,0,0,0,0,Normal
432,2026-01-05T05:00:00.000Z,92359.99,-0.25387960719722713,0,0,0,0,0,Normal
433,2026-01-05T06:00:00.000Z,92491.81,0.1427241384499789,0,0,0,0,0,Normal
434,2026-01-05T07:00:00.000Z,92520.63,0.031159515637124713,0,0,0,0,0,Normal
435,2026-01-05T08:00:00.000Z,92467.53,-0.057392605303274724,0,0,0,0,0,Normal
436,2026-01-05T09:00:00.000Z,92688.6,0.23907851761586496,0,0,0,0,0,Normal
437,2026-01-05T10:00:00.000Z,93080.0,0.42227415237687804,0,0,0,0,0,Normal
438,2026-01-05T11:00:00.000Z,93134.26,0.05829394069616356,0,0,0,0,0,Normal
439,2026-01-05T12:00:00.000Z,92874.28,-0.2791453971932478,0,0,0,0,0,Normal
440,2026-01-05T13:00:00.000Z,92742.74,-0.14163232274855275,0,0,0,0,0,Normal
441,2026-01-05T14:00:00.000Z,93428.0,0.7388826338320387,0,0,0,0,0,Normal
442,2026-01-05T15:00:00.000Z,93957.73,0.566992764481733,0,0,0,0,0,Normal
443,2026-01-05T16:00:00.000Z,93701.31,-0.2729099564240167,0,0,0,0,0,Normal
444,2026-01-05T17:00:00.000Z,94317.84,0.657973725233929,0,0,0,0,0,Normal
445,2026-01-05T18:00:00.000Z,94449.62,0.13971906057221872,0,0,0,0,0,Normal
446,2026-01-05T19:00:00.000Z,94303.4,-0.15481269273502907,0,0,0,0,0,Normal
447,2026-01-05T20:00:00.000Z,94177.99,-0.1329856611744562,0,0,0,1,1,Normal
448,2026-01-05T21:00:00.000Z,94095.78,-0.08729215817836478,0,0,0,0,0,Normal
449,2026-01-05T22:00:00.000Z,94171.22,0.080173627340141,0,0,0,0,0,Normal
450,2026-01-05T23:00:00.000Z,93859.71,-0.33079108457976236,0,0,0,0,0,Normal
451,2026-01-06T00:00:00.000Z,93816.7,-0.045823708596592905,0,0,0,0,0,Normal
452,2026-01-06T01:00:00.000Z,93771.82,-0.04783796488256886,0,0,0,0,0,Normal
453,2026-01-06T02:00:00.000Z,93620.6,-0.1612637997215005,0,0,0,0,0,Normal
454,2026-01-06T03:00:00.000Z,93769.24,0.1587684761687136,0,0,0,0,0,Normal
455,2026-01-06T04:00:00.000Z,93801.07,0.03394503357390111,0,0,0,0,0,Normal
456,2026-01-06T05:00:00.000Z,93599.99,-0.2143685567765896,0,0,0,0,0,Normal
457,2026-01-06T06:00:00.000Z,93780.01,0.19232908037702945,0,0,0,0,0,Normal
458,2026-01-06T07:00:00.000Z,93255.08,-0.55974615485751,0,0,0,1,1,Normal
459,2026-01-06T08:00:00.000Z,93240.17,-0.015988405135680672,0,0,0,0,0,Normal
460,2026-01-06T09:00:00.000Z,93462.72,0.23868467850283182,0,0,0,0,0,Normal
461,2026-01-06T10:00:00.000Z,93579.56,0.1250124113657325,0,0,0,0,0,Normal
462,2026-01-06T11:00:00.000Z,93840.0,0.2783086391942913,0,0,0,0,0,Normal
463,2026-01-06T12:00:00.000Z,93872.16,0.03427109974425413,0,0,0,0,0,Normal
464,2026-01-06T13:00:00.000Z,93716.53,-0.16578930323964958,0,0,0,0,0,Normal
465,2026-01-06T14:00:00.000Z,93836.81,0.12834448735992154,1,1,0,0,2,ANOMALY
466,2026-01-06T15:00:00.000Z,93648.99,-0.20015599422017472,0,0,0,0,0,Normal
467,2026-01-06T16:00:00.000Z,92692.32,-1.0215486573854071,0,0,0,0,0,Normal
468,2026-01-06T17:00:00.000Z,91589.24,-1.1900446552637778,1,0,0,0,1,Normal
469,2026-01-06T18:00:00.000Z,92034.09,0.4857011587823923,0,0,0,0,0,Normal
470,2026-01-06T19:00:00.000Z,92104.5,0.07650426054084392,0,0,0,0,0,Normal
471,2026-01-06T20:00:00.000Z,92505.32,0.43517960577388326,0,0,0,0,0,Normal
472,2026-01-06T21:00:00.000Z,93258.05,0.8137153625326521,0,0,0,0,0,Normal
473,2026-01-06T22:00:00.000Z,93362.68,0.11219406796516562,0,0,0,0,0,Normal
474,2026-01-06T23:00:00.000Z,93747.97,0.4126809556024069,0,0,0,0,0,Normal
475,2026-01-07T00:00:00.000Z,92709.52,-1.1077039854836324,0,0,0,0,0,Normal
476,2026-01-07T01:00:00.000Z,92435.35,-0.2957301472383822,0,0,0,0,0,Normal
477,2026-01-07T02:00:00.000Z,92949.77,0.5565186911717257,0,0,0,1,1,Normal
478,2026-01-07T03:00:00.000Z,92815.83,-0.14409933451153822,0,0,0,0,0,Normal
479,2026-01-07T04:00:00.000Z,92670.29,-0.15680514843212645,0,0,0,0,0,Normal
480,2026-01-07T05:00:00.000Z,92529.54,-0.15188255049164434,0,0,0,0,0,Normal
481,2026-01-07T06:00:00.000Z,92614.84,0.09218677624465155,0,0,0,0,0,Normal
482,2026-01-07T07:00:00.000Z,92879.13,0.28536463486845687,0,0,0,0,0,Normal
483,2026-01-07T08:00:00.000Z,92718.9,-0.17251453582738385,0,0,0,0,0,Normal
484,2026-01-07T09:00:00.000Z,91716.14,-1.0815054967218019,1,0,0,0,1,Normal
485,2026-01-07T10:00:00.000Z,91975.31,0.2825783989600872,0,0,0,0,0,Normal
486,2026-01-07T11:00:00.000Z,92087.21,0.1216630854519618,0,0,0,0,0,Normal
487,2026-01-07T12:00:00.000Z,91997.86,-0.09702758939054146,0,0,0,0,0,Normal
488,2026-01-07T13:00:00.000Z,92044.67,0.05088161833328719,0,0,0,0,0,Normal
489,2026-01-07T14:00:00.000Z,91959.04,-0.09303091640179284,0,0,0,0,0,Normal
490,2026-01-07T15:00:00.000Z,91349.96,-0.662338362818915,0,0,0,0,0,Normal
491,2026-01-07T16:00:00.000Z,91264.54,-0.09350852479849125,0,0,0,0,0,Normal
492,2026-01-07T17:00:00.000Z,91252.14,-0.013586876129534353,0,0,0,0,0,Normal
493,2026-01-07T18:00:00.000Z,90901.39,-0.3843745472708937,0,0,0,0,0,Normal
494,2026-01-07T19:00:00.000Z,91186.07,0.3131745290143595,0,0,0,0,0,Normal
495,2026-01-07T20:00:00.000Z,91047.49,-0.15197496722909598,0,0,0,0,0,Normal
496,2026-01-07T21:00:00.000Z,91089.5,0.04614075577480392,0,0,0,0,0,Normal
497,2026-01-07T22:00:00.000Z,91180.85,0.10028598246780707,0,0,0,0,0,Normal
498,2026-01-07T23:00:00.000Z,91364.16,0.20104002101317686,0,0,0,0,0,Normal
499,2026-01-08T00:00:00.000Z,91394.71,0.03343761930281186,0,0,0,0,0,Normal
500,2026-01-08T01:00:00.000Z,91428.4,0.036862089720490765,0,0,0,0,0,Normal
501,2026-01-08T02:00:00.000Z,90956.49,-0.5161525302859848,0,0,0,0,0,Normal
502,2026-01-08T03:00:00.000Z,90813.4,-0.15731697650163134,0,0,0,0,0,Normal
503,2026-01-08T04:00:00.000Z,91022.75,0.23052765340798587,0,0,0,0,0,Normal
504,2026-01-08T05:00:00.000Z,90829.58,-0.21222166985725988,0,0,0,0,0,Normal
505,2026-01-08T06:00:00.000Z,89898.01,-1.025624031290251,1,0,0,0,1,Normal
506,2026-01-08T07:00:00.000Z,90548.02,0.7230527127352504,0,0,0,0,0,Normal
507,2026-01-08T08:00:00.000Z,90227.25,-0.35425401902769993,0,0,0,1,1,Normal
508,2026-01-08T09:00:00.000Z,90010.0,-0.24078091707327998,0,0,0,0,0,Normal
509,2026-01-08T10:00:00.000Z,90410.1,0.444506165981573,0,0,0,0,0,Normal
510,2026-01-08T11:00:00.000Z,90226.77,-0.2027760172812587,0,0,0,0,0,Normal
511,2026-01-08T12:00:00.000Z,89989.21,-0.2632921471088845,0,0,0,0,0,Normal
512,2026-01-08T13:00:00.000Z,89962.14,-0.030081384201519068,0,0,0,0,0,Normal
513,2026-01-08T14:00:00.000Z,90024.01,0.06877337511090875,0,0,0,0,0,Normal
514,2026-01-08T15:00:00.000Z,90781.57,0.8415088374757129,0,0,0,0,0,Normal
515,2026-01-08T16:00:00.000Z,90926.84,0.1600214669122746,0,0,0,0,0,Normal
516,2026-01-08T17:00:00.000Z,91366.39,0.4834106189107734,0,0,0,0,0,Normal
517,2026-01-08T18:00:00.000Z,91117.35,-0.272572879370625,0,0,0,0,0,Normal
518,2026-01-08T19:00:00.000Z,90937.41,-0.197481599278293,0,0,0,0,0,Normal
519,2026-01-08T20:00:00.000Z,90927.62,-0.010765646393495754,0,0,0,0,0,Normal
520,2026-01-08T21:00:00.000Z,91272.96,0.3797965898590716,0,0,0,0,0,Normal
521,2026-01-08T22:00:00.000Z,91231.9,-0.04498594107171794,0,0,0,0,0,Normal
522,2026-01-08T23:00:00.000Z,91099.99,-0.14458758394814142,0,0,0,0,0,Normal
523,2026-01-09T00:00:00.000Z,91290.33,0.20893525893910248,0,0,0,0,0,Normal
524,2026-01-09T01:00:00.000Z,91056.19,-0.25647842438514257,0,0,0,0,0,Normal
525,2026-01-09T02:00:00.000Z,91038.38,-0.019559351209397224,0,0,0,0,0,Normal
526,2026-01-09T03:00:00.000Z,91220.23,0.1997509182390944,0,0,0,0,0,Normal
527,2026-01-09T04:00:00.000Z,91012.8,-0.22739473469864935,0,0,0,0,0,Normal
528,2026-01-09T05:00:00.000Z,91091.82,0.08682295237594229,0,0,0,0,0,Normal
529,2026-01-09T06:00:00.000Z,91137.58,0.05023502659184942,0,0,0,0,0,Normal
530,2026-01-09T07:00:00.000Z,90741.84,-0.4342226335173782,0,0,0,0,0,Normal
531,2026-01-09T08:00:00.000Z,90033.52,-0.7805880947531985,0,0,0,0,0,Normal
532,2026-01-09T09:00:00.000Z,90338.46,0.33869607675007796,0,0,0,0,0,Normal
533,2026-01-09T10:00:00.000Z,90485.87,0.1631752411984655,0,0,0,0,0,Normal
534,2026-01-09T11:00:00.000Z,90463.11,-0.02515309848929448,0,0,0,0,0,Normal
535,2026-01-09T12:00:00.000Z,90449.23,-0.015343270864776049,0,0,0,0,0,Normal
536,2026-01-09T13:00:00.000Z,90607.66,0.17515903673255284,0,0,0,0,0,Normal
537,2026-01-09T14:00:00.000Z,90150.0,-0.505100782869794,0,0,0,1,1,Normal
538,2026-01-09T15:00:00.000Z,91176.47,1.138624514697728,1,1,1,0,3,ANOMALY
539,2026-01-09T16:00:00.000Z,91623.89,0.490718712843341,0,0,0,0,0,Normal
540,2026-01-09T17:00:00.000Z,91422.23,-0.2200954358082874,0,0,0,0,0,Normal
541,2026-01-09T18:00:00.000Z,90820.31,-0.6583956659118928,0,0,0,1,1,Normal
542,2026-01-09T19:00:00.000Z,90332.15,-0.5375009180215384,0,0,0,0,0,Normal
543,2026-01-09T20:00:00.000Z,90303.36,-0.031871266210303784,0,0,0,0,0,Normal
544,2026-01-09T21:00:00.000Z,90541.97,0.26423158562427496,0,0,0,0,0,Normal
545,2026-01-09T22:00:00.000Z,90630.08,0.09731398598904484,0,0,0,0,0,Normal
546,2026-01-09T23:00:00.000Z,90641.28,0.012357927963879689,0,0,0,0,0,Normal
547,2026-01-10T00:00:00.000Z,90600.0,-0.045542163570500005,0,0,0,0,0,Normal
548,2026-01-10T01:00:00.000Z,90688.0,0.0971302428256049,0,0,0,0,0,Normal
549,2026-01-10T02:00:00.000Z,90697.17,0.010111591390260521,0,0,0,0,0,Normal
550,2026-01-10T03:00:00.000Z,90626.14,-0.07831556376014515,0,0,0,0,0,Normal
551,2026-01-10T04:00:00.000Z,90448.3,-0.19623477288119862,0,0,0,0,0,Normal
552,2026-01-10T05:00:00.000Z,90603.52,0.17161184897891424,0,0,0,0,0,Normal
553,2026-01-10T06:00:00.000Z,90505.47,-0.1082187535318746,0,0,0,0,0,Normal
554,2026-01-10T07:00:00.000Z,90678.5,0.19118181475661356,0,0,0,0,0,Normal
555,2026-01-10T08:00:00.000Z,90661.95,-0.018251294408266894,0,0,0,0,0,Normal
556,2026-01-10T09:00:00.000Z,90768.96,0.11803187555530226,0,0,0,0,0,Normal
557,2026-01-10T10:00:00.000Z,90828.0,0.0650442618269409,0,0,0,0,0,Normal
558,2026-01-10T11:00:00.000Z,90723.86,-0.11465627339586337,0,0,0,0,0,Normal
559,2026-01-10T12:00:00.000Z,90733.71,0.010857121820007087,0,0,0,0,0,Normal
560,2026-01-10T13:00:00.000Z,90656.51,-0.08508414347877524,0,0,0,0,0,Normal
561,2026-01-10T14:00:00.000Z,90591.01,-0.0722507407355577,0,0,0,0,0,Normal
562,2026-01-10T15:00:00.000Z,90665.75,0.0825026677591989,0,0,0,0,0,Normal
563,2026-01-10T16:00:00.000Z,90676.66,0.012033209894579677,0,0,0,0,0,Normal
564,2026-01-10T17:00:00.000Z,90544.96,-0.14524134435476288,0,0,0,0,0,Normal
565,2026-01-10T18:00:00.000Z,90595.62,0.05595010478771645,0,0,0,0,0,Normal
566,2026-01-10T19:00:00.000Z,90626.54,0.03412968529825644,0,0,0,0,0,Normal
567,2026-01-10T20:00:00.000Z,90572.86,-0.05923209691112152,0,0,0,0,0,Normal
568,2026-01-10T21:00:00.000Z,90510.74,-0.06858566683219935,0,0,0,0,0,Normal
569,2026-01-10T22:00:00.000Z,90427.76,-0.09167972773177491,0,0,0,0,0,Normal
570,2026-01-10T23:00:00.000Z,90504.7,0.0850844917534177,0,0,0,0,0,Normal
571,2026-01-11T00:00:00.000Z,90640.44,0.1499811611993751,0,0,0,0,0,Normal
572,2026-01-11T01:00:00.000Z,90628.23,-0.013470808394144829,0,0,0,0,0,Normal
573,2026-01-11T02:00:00.000Z,90699.0,0.07808825130977137,0,0,0,0,0,Normal
574,2026-01-11T03:00:00.000Z,90733.5,0.03803790559984144,0,0,0,0,0,Normal
575,2026-01-11T04:00:00.000Z,90785.48,0.0572886530333383,0,0,0,0,0,Normal
576,2026-01-11T05:00:00.000Z,90774.43,-0.012171549899830936,0,0,0,0,0,Normal
577,2026-01-11T06:00:00.000Z,90744.0,-0.03352265610480076,0,0,0,0,0,Normal
578,2026-01-11T07:00:00.000Z,90710.79,-0.03659746098916283,0,0,0,0,0,Normal
579,2026-01-11T08:00:00.000Z,90790.01,0.08733249925394482,0,0,0,0,0,Normal
580,2026-01-11T09:00:00.000Z,90740.02,-0.05506112401573171,0,0,0,0,0,Normal
581,2026-01-11T10:00:00.000Z,90736.67,-0.003691866058663784,0,0,0,0,0,Normal
582,2026-01-11T11:00:00.000Z,90754.99,0.020190293516408886,0,0,0,0,0,Normal
583,2026-01-11T12:00:00.000Z,90938.13,0.20179606653034643,0,0,0,0,0,Normal
584,2026-01-11T13:00:00.000Z,90849.45,-0.09751685019254719,0,0,0,0,0,Normal
585,2026-01-11T14:00:00.000Z,91127.16,0.30568154237589074,0,0,0,0,0,Normal
586,2026-01-11T15:00:00.000Z,90875.79,-0.2758453132962857,0,0,0,0,0,Normal
587,2026-01-11T16:00:00.000Z,91039.15,0.1797618485627428,0,0,0,0,0,Normal
588,2026-01-11T17:00:00.000Z,90986.68,-0.05763454513799671,0,0,0,0,0,Normal
589,2026-01-11T18:00:00.000Z,90886.68,-0.10990619725876893,0,0,0,0,0,Normal
590,2026-01-11T19:00:00.000Z,90690.8,-0.2155211302690252,0,0,0,0,0,Normal
591,2026-01-11T20:00:00.000Z,90708.26,0.01925222845093888,0,0,0,0,0,Normal
592,2026-01-11T21:00:00.000Z,90757.06,0.05379884918970124,0,0,0,0,0,Normal
593,2026-01-11T22:00:00.000Z,90526.02,-0.25456972713747694,0,0,0,0,0,Normal
594,2026-01-11T23:00:00.000Z,91013.65,0.5386628065610299,0,0,0,0,0,Normal
595,2026-01-12T00:00:00.000Z,91258.65,0.2691903906721693,0,0,0,0,0,Normal
596,2026-01-12T01:00:00.000Z,91412.44,0.16852101143289833,0,0,0,0,0,Normal
597,2026-01-12T02:00:00.000Z,92203.56,0.8654401961045943,0,0,0,0,0,Normal
598,2026-01-12T03:00:00.000Z,91808.12,-0.42887714964585655,0,0,0,0,0,Normal
599,2026-01-12T04:00:00.000Z,92175.78,0.400465666871308,0,0,0,0,0,Normal
600,2026-01-12T05:00:00.000Z,92111.86,-0.06934576523246472,0,0,0,0,0,Normal
601,2026-01-12T06:00:00.000Z,91836.34,-0.29911457655942275,0,0,0,0,0,Normal
602,2026-01-12T07:00:00.000Z,91408.09,-0.46631867080069167,0,0,0,1,1,Normal
603,2026-01-12T08:00:00.000Z,90752.27,-0.717463848112343,0,0,0,0,0,Normal
604,2026-01-12T09:00:00.000Z,90685.64,-0.07341965110074788,0,0,0,0,0,Normal
605,2026-01-12T10:00:00.000Z,90433.46,-0.2780815132362613,0,0,0,0,0,Normal
606,2026-01-12T11:00:00.000Z,90620.96,0.20733476304013454,0,0,0,0,0,Normal
607,2026-01-12T12:00:00.000Z,90789.37,0.18584000875734308,0,0,0,0,0,Normal
608,2026-01-12T13:00:00.000Z,90636.01,-0.168918453779332,0,0,0,0,0,Normal
609,2026-01-12T14:00:00.000Z,90908.95,0.30113858719067466,0,0,0,0,0,Normal
610,2026-01-12T15:00:00.000Z,91665.0,0.8316562890672508,0,0,0,0,0,Normal
611,2026-01-12T16:00:00.000Z,92123.52,0.5002127311405813,0,0,0,0,0,Normal
612,2026-01-12T17:00:00.000Z,91522.83,-0.6520484671015625,0,0,0,0,0,Normal
613,2026-01-12T18:00:00.000Z,91691.8,0.1846206023131014,0,0,0,0,0,Normal
614,2026-01-12T19:00:00.000Z,91861.27,0.18482568779323305,0,0,0,0,0,Normal
615,2026-01-12T20:00:00.000Z,91484.86,-0.40975919448968945,0,0,0,0,0,Normal
616,2026-01-12T21:00:00.000Z,91055.17,-0.4696842734415285,0,0,0,0,0,Normal
617,2026-01-12T22:00:00.000Z,91244.99,0.20846702059862388,0,0,0,0,0,Normal
618,2026-01-12T23:00:00.000Z,91296.2,0.05612362936309179,0,0,0,0,0,Normal
619,2026-01-13T00:00:00.000Z,91482.74,0.2043239477656389,0,0,0,0,0,Normal
620,2026-01-13T01:00:00.000Z,91185.35,-0.3250777141130645,0,0,0,0,0,Normal
621,2026-01-13T02:00:00.000Z,91118.3,-0.07353154865338274,0,0,0,0,0,Normal
622,2026-01-13T03:00:00.000Z,91408.91,0.31893703021237396,0,0,0,0,0,Normal
623,2026-01-13T04:00:00.000Z,91515.16,0.1162359336742913,0,0,0,0,0,Normal
624,2026-01-13T05:00:00.000Z,91920.99,0.4434565814013691,0,0,0,0,0,Normal
625,2026-01-13T06:00:00.000Z,92184.36,0.28651780186439435,0,0,0,0,0,Normal
626,2026-01-13T07:00:00.000Z,91942.0,-0.2629079379625754,0,0,0,0,0,Normal
627,2026-01-13T08:00:00.000Z,92165.9,0.24352309064410438,0,0,0,0,0,Normal
628,2026-01-13T09:00:00.000Z,92269.42,0.11231919831522497,0,0,0,0,0,Normal
629,2026-01-13T10:00:00.000Z,92128.62,-0.152596602427979,0,0,0,0,0,Normal
630,2026-01-13T11:00:00.000Z,92000.74,-0.1388059432562705,0,0,0,0,0,Normal
631,2026-01-13T12:00:00.000Z,92109.35,0.11805339826613803,0,0,0,0,0,Normal
632,2026-01-13T13:00:00.000Z,92076.12,-0.03607668494024496,1,1,0,0,2,ANOMALY
633,2026-01-13T14:00:00.000Z,92462.03,0.419120614552404,0,0,0,0,0,Normal
634,2026-01-13T15:00:00.000Z,93449.99,1.0685034711005237,0,0,0,0,0,Normal
635,2026-01-13T16:00:00.000Z,93389.63,-0.06459069712045906,0,0,0,0,0,Normal
636,2026-01-13T17:00:00.000Z,93241.99,-0.1580903575696735,0,0,0,0,0,Normal
637,2026-01-13T18:00:00.000Z,93633.71,0.4201111537838198,0,0,0,0,0,Normal
638,2026-01-13T19:00:00.000Z,94226.84,0.6334577578950951,0,0,0,0,0,Normal
639,2026-01-13T20:00:00.000Z,94408.7,0.19300233351771112,0,0,0,0,0,Normal
640,2026-01-13T21:00:00.000Z,94087.23,-0.34050887259331475,0,0,0,0,0,Normal
641,2026-01-13T22:00:00.000Z,95757.21,1.7749273732471593,1,1,1,0,3,ANOMALY
642,2026-01-13T23:00:00.000Z,95414.0,-0.3584168753454797,0,0,0,0,0,Normal
643,2026-01-14T00:00:00.000Z,95236.84,-0.18567505816756702,0,0,0,0,0,Normal
644,2026-01-14T01:00:00.000Z,95245.6,0.009198121231257517,0,0,0,0,0,Normal
645,2026-01-14T02:00:00.000Z,95347.46,0.10694457276767544,0,0,0,0,0,Normal
646,2026-01-14T03:00:00.000Z,95720.99,0.39175663410435657,0,0,0,0,0,Normal
647,2026-01-14T04:00:00.000Z,95245.16,-0.4971010015671573,0,0,0,0,0,Normal
648,2026-01-14T05:00:00.000Z,95005.0,-0.25214929556526267,0,0,0,0,0,Normal
649,2026-01-14T06:00:00.000Z,95028.87,0.02512499342139929,0,0,0,0,0,Normal
650,2026-01-14T07:00:00.000Z,95205.1,0.18544890621134957,0,0,0,0,0,Normal
651,2026-01-14T08:00:00.000Z,94900.01,-0.3204555218155436,0,0,0,0,0,Normal
652,2026-01-14T09:00:00.000Z,95088.24,0.19834560607527862,0,0,0,0,0,Normal
653,2026-01-14T10:00:00.000Z,95091.75,0.003691308199615939,0,0,0,0,0,Normal
654,2026-01-14T11:00:00.000Z,94792.99,-0.31418077803804234,0,0,0,0,0,Normal
655,2026-01-14T12:00:00.000Z,95077.56,0.3002015233404931,0,0,0,0,0,Normal
656,2026-01-14T13:00:00.000Z,94998.19,-0.08347921423309534,0,0,0,0,0,Normal
657,2026-01-14T14:00:00.000Z,96493.15,1.5736720878576582,1,1,1,0,3,ANOMALY
658,2026-01-14T15:00:00.000Z,96764.57,0.28128421551167904,0,0,0,0,0,Normal
659,2026-01-14T16:00:00.000Z,97293.24,0.546346663866748,0,0,0,0,0,Normal
660,2026-01-14T17:00:00.000Z,96956.07,-0.346550284480196,0,0,0,0,0,Normal
661,2026-01-14T18:00:00.000Z,96806.55,-0.15421417142836846,0,0,0,0,0,Normal
662,2026-01-14T19:00:00.000Z,97267.42,0.47607315827284946,0,0,0,0,0,Normal
663,2026-01-14T20:00:00.000Z,97655.28,0.3987563358830659,0,0,0,0,0,Normal
664,2026-01-14T21:00:00.000Z,97564.0,-0.09347164843518385,0,0,0,0,0,Normal
665,2026-01-14T22:00:00.000Z,96878.34,-0.7027797138288716,0,0,0,0,0,Normal
666,2026-01-14T23:00:00.000Z,96951.78,0.07580641864837201,0,0,0,0,0,Normal
667,2026-01-15T00:00:00.000Z,96658.03,-0.3029856697834732,0,0,0,0,0,Normal
668,2026-01-15T01:00:00.000Z,96445.31,-0.22007483496198077,0,0,0,0,0,Normal
669,2026-01-15T02:00:00.000Z,96339.91,-0.10928473349299805,0,0,0,0,0,Normal
670,2026-01-15T03:00:00.000Z,95985.1,-0.36828973579069446,0,0,0,0,0,Normal
671,2026-01-15T04:00:00.000Z,96316.27,0.3450223003361952,0,0,0,0,0,Normal
672,2026-01-15T05:00:00.000Z,96429.71,0.11777864736663979,0,0,0,0,0,Normal
673,2026-01-15T06:00:00.000Z,96243.78,-0.1928140196626238,0,0,0,0,0,Normal
674,2026-01-15T07:00:00.000Z,96630.48,0.4017921989348361,0,0,0,0,0,Normal
675,2026-01-15T08:00:00.000Z,96643.0,0.012956574364531015,0,0,0,0,0,Normal
676,2026-01-15T09:00:00.000Z,97040.75,0.4115662800202813,0,0,0,0,0,Normal
677,2026-01-15T10:00:00.000Z,96818.68,-0.22884200709496483,0,0,0,0,0,Normal
678,2026-01-15T11:00:00.000Z,96581.08,-0.24540718795174055,0,0,0,0,0,Normal
679,2026-01-15T12:00:00.000Z,96981.65,0.41474996966279765,0,0,0,0,0,Normal
680,2026-01-15T13:00:00.000Z,96846.75,-0.13909847893904814,0,0,0,0,0,Normal
681,2026-01-15T14:00:00.000Z,96063.43,-0.8088242506847254,0,0,0,1,1,Normal
682,2026-01-15T15:00:00.000Z,96737.04,0.7012137709428101,0,0,0,0,0,Normal
683,2026-01-15T16:00:00.000Z,96738.51,0.0015195833984682494,0,0,0,0,0,Normal
684,2026-01-15T17:00:00.000Z,96636.35,-0.10560427279683315,0,0,0,0,0,Normal
685,2026-01-15T18:00:00.000Z,95835.0,-0.8292428263277807,0,0,0,0,0,Normal
686,2026-01-15T19:00:00.000Z,95516.01,-0.33285334168101643,0,0,0,0,0,Normal
687,2026-01-15T20:00:00.000Z,95260.67,-0.2673269120014532,0,0,0,0,0,Normal
688,2026-01-15T21:00:00.000Z,95584.35,0.3397834594277116,0,0,0,0,0,Normal
689,2026-01-15T22:00:00.000Z,95583.87,-5.021742576216681E-4,0,0,0,0,0,Normal
690,2026-01-15T23:00:00.000Z,95604.8,0.021896999985471233,0,0,0,0,0,Normal
691,2026-01-16T00:00:00.000Z,95633.5,0.03001941325122548,0,0,0,0,0,Normal
692,2026-01-16T01:00:00.000Z,95664.18,0.03208080850329864,0,0,0,0,0,Normal
693,2026-01-16T02:00:00.000Z,95504.4,-0.1670217630047044,0,0,0,0,0,Normal
694,2026-01-16T03:00:00.000Z,95354.69,-0.15675717558562008,0,0,0,0,0,Normal
695,2026-01-16T04:00:00.000Z,95261.29,-0.09795008509807523,0,0,0,0,0,Normal
696,2026-01-16T05:00:00.000Z,95660.37,0.4189319712130768,0,0,0,0,0,Normal
697,2026-01-16T06:00:00.000Z,95741.21,0.08450730433093856,0,0,0,0,0,Normal
698,2026-01-16T07:00:00.000Z,95653.16,-0.0919666672272057,0,0,0,0,0,Normal
699,2026-01-16T08:00:00.000Z,95676.0,0.023877935658367377,0,0,0,0,0,Normal
700,2026-01-16T09:00:00.000Z,95613.53,-0.06529328149170732,0,0,0,0,0,Normal
701,2026-01-16T10:00:00.000Z,95307.35,-0.3202266457477232,0,0,0,0,0,Normal
702,2026-01-16T11:00:00.000Z,95429.09,0.12773411494495512,0,0,0,0,0,Normal
703,2026-01-16T12:00:00.000Z,95458.55,0.03087108972745778,0,0,0,0,0,Normal
704,2026-01-16T13:00:00.000Z,95448.87,-0.010140526961710528,0,0,0,0,0,Normal
705,2026-01-16T14:00:00.000Z,95192.36,-0.26874074046134844,0,0,0,0,0,Normal
706,2026-01-16T15:00:00.000Z,94585.98,-0.6370049024942759,0,0,0,0,0,Normal
707,2026-01-16T16:00:00.000Z,94872.55,0.30297301989152814,0,0,0,0,0,Normal
708,2026-01-16T17:00:00.000Z,95076.08,0.2145299140794643,0,0,0,0,0,Normal
709,2026-01-16T18:00:00.000Z,95001.19,-0.07876849781774942,0,0,0,0,0,Normal
710,2026-01-16T19:00:00.000Z,95002.09,9.473565541595619E-4,0,0,0,0,0,Normal
711,2026-01-16T20:00:00.000Z,95553.6,0.5805240705757164,0,0,0,0,0,Normal
712,2026-01-16T21:00:00.000Z,95523.52,-0.03147971400344618,0,0,0,0,0,Normal
713,2026-01-16T22:00:00.000Z,95514.0,-0.009966131901339992,0,0,0,0,0,Normal
714,2026-01-16T23:00:00.000Z,95550.94,0.03867495864480208,0,0,0,0,0,Normal
715,2026-01-17T00:00:00.000Z,95465.97,-0.08892638837462163,0,0,0,0,0,Normal
716,2026-01-17T01:00:00.000Z,95399.93,-0.06917648246805852,0,0,0,0,0,Normal
717,2026-01-17T02:00:00.000Z,95371.35,-0.02995809326064025,0,0,0,0,0,Normal
718,2026-01-17T03:00:00.000Z,95372.95,0.0016776526703177197,0,0,0,0,0,Normal
719,2026-01-17T04:00:00.000Z,95303.64,-0.07267259741886578,0,0,0,0,0,Normal
720,2026-01-17T05:00:00.000Z,95323.67,0.021017035655712668,0,0,0,0,0,Normal
721,2026-01-17T06:00:00.000Z,95240.07,-0.08770119740457716,0,0,0,0,0,Normal
722,2026-01-17T07:00:00.000Z,95101.67,-0.1453169868522841,0,0,0,0,0,Normal
723,2026-01-17T08:00:00.000Z,95247.51,0.15335167090124724,0,0,0,0,0,Normal
724,2026-01-17T09:00:00.000Z,95260.65,0.013795636232383224,0,0,0,0,0,Normal
725,2026-01-17T10:00:00.000Z,95116.48,-0.15134265827495552,0,0,0,0,0,Normal
726,2026-01-17T11:00:00.000Z,95323.86,0.21802741228440503,0,0,0,0,0,Normal
727,2026-01-17T12:00:00.000Z,95251.15,-0.07627681044389822,0,0,0,0,0,Normal
728,2026-01-17T13:00:00.000Z,95438.32,0.19650156454804613,0,0,0,0,0,Normal
729,2026-01-17T14:00:00.000Z,95471.18,0.03443061445338458,0,0,0,0,0,Normal
730,2026-01-17T15:00:00.000Z,95573.64,0.10732034526022005,0,0,0,0,0,Normal
731,2026-01-17T16:00:00.000Z,95315.23,-0.27037789917806476,0,0,0,0,0,Normal
732,2026-01-17T17:00:00.000Z,95357.24,0.04407480315580248,0,0,0,0,0,Normal
733,2026-01-17T18:00:00.000Z,95428.25,0.07446733986846699,0,0,0,0,0,Normal
734,2026-01-17T19:00:00.000Z,95291.38,-0.14342712980693895,0,0,0,0,0,Normal
735,2026-01-17T20:00:00.000Z,95378.18,0.09108903659489354,0,0,0,0,0,Normal
736,2026-01-17T21:00:00.000Z,95302.94,-0.07888596741937315,0,0,0,0,0,Normal
737,2026-01-17T22:00:00.000Z,95170.97,-0.1384742170598363,0,0,0,0,0,Normal
738,2026-01-17T23:00:00.000Z,95147.77,-0.024377181403112402,0,0,0,0,0,Normal
739,2026-01-18T00:00:00.000Z,95112.47,-0.03710018637326229,0,0,0,0,0,Normal
740,2026-01-18T01:00:00.000Z,94966.9,-0.15305038340399646,0,0,0,0,0,Normal
741,2026-01-18T02:00:00.000Z,95022.01,0.058030745449211274,0,0,0,0,0,Normal
742,2026-01-18T03:00:00.000Z,95200.29,0.18761968937512918,0,0,0,0,0,Normal
743,2026-01-18T04:00:00.000Z,95095.68,-0.10988411905047402,0,0,0,0,0,Normal
744,2026-01-18T05:00:00.000Z,95188.55,0.09765953616400758,0,0,0,0,0,Normal
745,2026-01-18T06:00:00.000Z,95171.43,-0.017985356432059785,0,0,0,0,0,Normal
746,2026-01-18T07:00:00.000Z,95028.27,-0.1504232940494732,0,0,0,0,0,Normal
747,2026-01-18T08:00:00.000Z,95183.93,0.1638038869906655,0,0,0,0,0,Normal
748,2026-01-18T09:00:00.000Z,95275.73,0.09644485156266036,0,0,0,1,1,Normal
749,2026-01-18T10:00:00.000Z,95180.66,-0.0997840688284346,0,0,0,0,0,Normal
750,2026-01-18T11:00:00.000Z,95168.06,-0.013237983430669509,0,0,0,0,0,Normal
751,2026-01-18T12:00:00.000Z,95113.25,-0.057592852055610155,0,0,0,0,0,Normal
752,2026-01-18T13:00:00.000Z,95146.82,0.03529476702772705,0,0,0,1,1,Normal
753,2026-01-18T14:00:00.000Z,94955.79,-0.20077391971693448,0,0,0,0,0,Normal
754,2026-01-18T15:00:00.000Z,95119.28,0.17217486158558337,0,0,0,0,0,Normal
755,2026-01-18T16:00:00.000Z,95169.35,0.05263917052358291,0,0,0,0,0,Normal
756,2026-01-18T17:00:00.000Z,95274.36,0.1103401462760889,0,0,0,0,0,Normal
757,2026-01-18T18:00:00.000Z,95439.6,0.17343595905552345,0,0,0,0,0,Normal
758,2026-01-18T19:00:00.000Z,95380.99,-0.06141056752123619,0,0,0,0,0,Normal
759,2026-01-18T20:00:00.000Z,95304.01,-0.08070790626100166,0,0,0,0,0,Normal
760,2026-01-18T21:00:00.000Z,95430.44,0.13265968556832597,0,0,0,0,0,Normal
761,2026-01-18T22:00:00.000Z,95498.61,0.07143423000040006,0,0,0,0,0,Normal
762,2026-01-18T23:00:00.000Z,93673.14,-1.9115147330416637,1,1,1,0,3,ANOMALY
763,2026-01-19T00:00:00.000Z,92711.02,-1.0271033937796825,1,1,1,0,3,ANOMALY
764,2026-01-19T01:00:00.000Z,92586.65,-0.13414802253282065,0,0,0,1,1,Normal
765,2026-01-19T02:00:00.000Z,92566.8,-0.021439375979137587,0,0,0,0,0,Normal
766,2026-01-19T03:00:00.000Z,92690.09,0.13319030149037125,0,0,0,0,0,Normal
767,2026-01-19T04:00:00.000Z,92665.0,-0.0270686974195411,0,0,0,0,0,Normal
768,2026-01-19T05:00:00.000Z,92511.77,-0.16535908919225184,0,0,0,0,0,Normal
769,2026-01-19T06:00:00.000Z,92583.27,0.07728746298985012,0,0,0,0,0,Normal
770,2026-01-19T07:00:00.000Z,92841.62,0.2790460954770646,0,0,0,0,0,Normal
771,2026-01-19T08:00:00.000Z,93259.09,0.44965824594616066,0,0,0,1,1,Normal
772,2026-01-19T09:00:00.000Z,93060.06,-0.21341619353137942,0,0,0,0,0,Normal
773,2026-01-19T10:00:00.000Z,93064.88,0.0051794507762048525,0,0,0,0,0,Normal
774,2026-01-19T11:00:00.000Z,93191.96,0.13654989938203244,0,0,0,0,0,Normal
775,2026-01-19T12:00:00.000Z,93070.6,-0.1302258263481071,0,0,0,1,1,Normal
776,2026-01-19T13:00:00.000Z,93031.86,-0.04162431530473354,0,0,0,0,0,Normal
777,2026-01-19T14:00:00.000Z,92812.43,-0.23586543362672518,0,0,0,0,0,Normal
778,2026-01-19T15:00:00.000Z,93068.62,0.27602983781376267,0,0,0,0,0,Normal
779,2026-01-19T16:00:00.000Z,93301.86,0.2506107858911033,0,0,0,0,0,Normal
780,2026-01-19T17:00:00.000Z,93242.99,-0.0630962769659682,0,0,0,0,0,Normal
781,2026-01-19T18:00:00.000Z,93065.84,-0.1899874725167061,0,0,0,0,0,Normal
782,2026-01-19T19:00:00.000Z,93105.85,0.04299106954819276,0,0,0,0,0,Normal
783,2026-01-19T20:00:00.000Z,93141.94,0.03876233340869284,0,0,0,0,0,Normal
784,2026-01-19T21:00:00.000Z,93003.42,-0.14871925579390544,0,0,0,0,0,Normal
785,2026-01-19T22:00:00.000Z,92565.78,-0.47056334057392624,0,0,0,0,0,Normal
786,2026-01-19T23:00:00.000Z,92631.0,0.0704580029466717,0,0,0,0,0,Normal
787,2026-01-20T00:00:00.000Z,92717.9,0.09381308633178431,0,0,0,0,0,Normal
788,2026-01-20T01:00:00.000Z,92716.48,-0.0015315273534044493,0,0,0,0,0,Normal
789,2026-01-20T02:00:00.000Z,92552.16,-0.17722847114125528,0,0,0,0,0,Normal
790,2026-01-20T03:00:00.000Z,92434.92,-0.12667451521390927,0,0,0,0,0,Normal
791,2026-01-20T04:00:00.000Z,92062.61,-0.4027806807210932,0,0,0,0,0,Normal
792,2026-01-20T05:00:00.000Z,91624.18,-0.47623025243365147,1,0,0,0,1,Normal
793,2026-01-20T06:00:00.000Z,90929.98,-0.7576602595515736,0,0,0,0,0,Normal
794,2026-01-20T07:00:00.000Z,91177.98,0.2727373304162173,0,0,0,0,0,Normal
795,2026-01-20T08:00:00.000Z,91116.0,-0.06797693916885672,0,0,0,0,0,Normal
796,2026-01-20T09:00:00.000Z,91036.25,-0.08752579129900351,0,0,0,0,0,Normal
797,2026-01-20T10:00:00.000Z,91269.58,0.2563044940888881,0,0,0,0,0,Normal
798,2026-01-20T11:00:00.000Z,91218.99,-0.05542920215036995,0,0,0,0,0,Normal
799,2026-01-20T12:00:00.000Z,91280.31,0.06722284471687434,0,0,0,0,0,Normal
800,2026-01-20T13:00:00.000Z,90958.88,-0.3521350880600571,0,0,0,0,0,Normal
801,2026-01-20T14:00:00.000Z,90531.15,-0.4702454559686875,0,0,0,0,0,Normal
802,2026-01-20T15:00:00.000Z,90684.95,0.16988627671248313,0,0,0,0,0,Normal
803,2026-01-20T16:00:00.000Z,90165.51,-0.5727962578134571,0,0,0,0,0,Normal
804,2026-01-20T17:00:00.000Z,89775.46,-0.4325933497187462,0,0,0,0,0,Normal
805,2026-01-20T18:00:00.000Z,89501.0,-0.30571828871721607,0,0,0,0,0,Normal
806,2026-01-20T19:00:00.000Z,89725.76,0.2511256857465227,0,0,0,0,0,Normal
807,2026-01-20T20:00:00.000Z,89733.99,0.009172393747358676,0,0,0,0,0,Normal
808,2026-01-20T21:00:00.000Z,89476.01,-0.28749418141331695,0,0,0,0,0,Normal
809,2026-01-20T22:00:00.000Z,88509.18,-1.0805466180264456,1,0,0,0,1,Normal
810,2026-01-20T23:00:00.000Z,88427.66,-0.09210344056965747,0,0,0,0,0,Normal
811,2026-01-21T00:00:00.000Z,88936.01,0.5748766845125042,0,0,0,1,1,Normal
812,2026-01-21T01:00:00.000Z,89020.91,0.09546189445648334,0,0,0,0,0,Normal
813,2026-01-21T02:00:00.000Z,89048.57,0.03107135166333652,0,0,0,0,0,Normal
814,2026-01-21T03:00:00.000Z,89432.33,0.4309558255680024,0,0,0,0,0,Normal
815,2026-01-21T04:00:00.000Z,89448.89,0.018516793647216367,0,0,0,0,0,Normal
816,2026-01-21T05:00:00.000Z,89950.04,0.5602640792971236,0,0,0,0,0,Normal
817,2026-01-21T06:00:00.000Z,89649.62,-0.3339853990059316,0,0,0,0,0,Normal
818,2026-01-21T07:00:00.000Z,89213.95,-0.4859697118626882,0,0,0,0,0,Normal
819,2026-01-21T08:00:00.000Z,89197.35,-0.01860695552656777,0,0,0,0,0,Normal
820,2026-01-21T09:00:00.000Z,89112.3,-0.09535036635057725,0,0,0,0,0,Normal
821,2026-01-21T10:00:00.000Z,89248.99,0.15339072159510359,0,0,0,0,0,Normal
822,2026-01-21T11:00:00.000Z,88789.99,-0.5142915342795429,0,0,0,0,0,Normal
823,2026-01-21T12:00:00.000Z,88736.31,-0.060457265509328284,0,0,0,1,1,Normal
824,2026-01-21T13:00:00.000Z,88672.64,-0.07175191305566209,0,0,0,0,0,Normal
825,2026-01-21T14:00:00.000Z,89805.43,1.2774966438351187,1,0,0,0,1,Normal
826,2026-01-21T15:00:00.000Z,90288.04,0.5373951218762718,0,0,0,1,1,Normal
827,2026-01-21T16:00:00.000Z,87602.4,-2.97452464357405,1,1,1,1,4,ANOMALY
828,2026-01-21T17:00:00.000Z,87932.38,0.37667917773942516,0,0,0,0,0,Normal
829,2026-01-21T18:00:00.000Z,88485.43,0.6289491993734186,0,0,0,0,0,Normal
830,2026-01-21T19:00:00.000Z,90355.56,2.1134891925145283,1,1,1,0,3,ANOMALY
831,2026-01-21T20:00:00.000Z,90214.01,-0.15665887079887586,1,1,0,0,2,ANOMALY
832,2026-01-21T21:00:00.000Z,90249.18,0.03898507559967346,1,0,0,0,1,Normal
833,2026-01-21T22:00:00.000Z,89763.51,-0.5381433936574198,1,1,0,0,2,ANOMALY
834,2026-01-21T23:00:00.000Z,89454.73,-0.3439927872695647,1,1,0,0,2,ANOMALY
835,2026-01-22T00:00:00.000Z,89908.49,0.507250986057417,1,1,0,0,2,ANOMALY
836,2026-01-22T01:00:00.000Z,90113.19,0.22767594028105798,1,0,0,0,1,Normal
837,2026-01-22T02:00:00.000Z,89938.3,-0.19407813661906914,1,0,0,0,1,Normal
838,2026-01-22T03:00:00.000Z,89899.51,-0.043129567714761397,1,0,0,0,1,Normal
839,2026-01-22T04:00:00.000Z,89998.91,0.11056789964707381,1,0,0,0,1,Normal
840,2026-01-22T05:00:00.000Z,90026.3,0.03043370191928574,1,0,0,0,1,Normal
841,2026-01-22T06:00:00.000Z,90172.11,0.1619637816949071,1,0,0,0,1,Normal
842,2026-01-22T07:00:00.000Z,89818.79,-0.39182847113149455,1,0,0,0,1,Normal
843,2026-01-22T08:00:00.000Z,89920.16,0.11286057182469111,1,0,0,0,1,Normal
844,2026-01-22T09:00:00.000Z,90033.02,0.1255113425065124,1,0,0,0,1,Normal
845,2026-01-22T10:00:00.000Z,90078.77,0.05081468998817673,1,0,0,0,1,Normal
846,2026-01-22T11:00:00.000Z,89941.26,-0.15265528159410513,1,0,0,0,1,Normal
847,2026-01-22T12:00:00.000Z,90021.09,0.0887579293418872,1,0,0,0,1,Normal
848,2026-01-22T13:00:00.000Z,89619.81,-0.44576220972218916,1,0,0,0,1,Normal
849,2026-01-22T14:00:00.000Z,89088.59,-0.5927484113166459,0,0,0,0,0,Normal
850,2026-01-22T15:00:00.000Z,89000.01,-0.09942911881308802,0,0,0,0,0,Normal
851,2026-01-22T16:00:00.000Z,89054.06,0.06073033025502106,0,0,0,0,0,Normal
852,2026-01-22T17:00:00.000Z,89550.01,0.5569089157754226,0,0,0,0,0,Normal
853,2026-01-22T18:00:00.000Z,89333.94,-0.24128417182754935,0,0,0,0,0,Normal
854,2026-01-22T19:00:00.000Z,89777.9,0.49696677433010983,0,0,0,0,0,Normal
855,2026-01-22T20:00:00.000Z,89409.72,-0.41010092684279353,0,0,0,0,0,Normal
856,2026-01-22T21:00:00.000Z,89268.66,-0.15776808159112532,0,0,0,0,0,Normal
857,2026-01-22T22:00:00.000Z,89346.99,0.08774636025679072,0,0,0,0,0,Normal
858,2026-01-22T23:00:00.000Z,89559.67,0.23803823721424422,0,0,0,0,0,Normal
859,2026-01-23T00:00:00.000Z,89520.01,-0.044283325295868536,0,0,0,0,0,Normal
860,2026-01-23T01:00:00.000Z,89939.38,0.4684650951223279,0,0,0,0,0,Normal
861,2026-01-23T02:00:00.000Z,89663.48,-0.30676217692406915,0,0,0,0,0,Normal
862,2026-01-23T03:00:00.000Z,89924.78,0.29142299629683066,0,0,0,0,0,Normal
863,2026-01-23T04:00:00.000Z,89965.42,0.045193327134085415,0,0,0,0,0,Normal
864,2026-01-23T05:00:00.000Z,89616.03,-0.3883603277792691,0,0,0,0,0,Normal
865,2026-01-23T06:00:00.000Z,89509.59,-0.11877339355470529,0,0,0,0,0,Normal
866,2026-01-23T07:00:00.000Z,89549.45,0.04453154125720893,0,0,0,0,0,Normal
867,2026-01-23T08:00:00.000Z,89221.46,-0.36626690616189395,0,0,0,0,0,Normal
868,2026-01-23T09:00:00.000Z,88977.72,-0.2731853973248155,0,0,0,0,0,Normal
869,2026-01-23T10:00:00.000Z,89046.49,0.07728901122663334,0,0,0,0,0,Normal
870,2026-01-23T11:00:00.000Z,89202.48,0.1751781569380162,0,0,0,0,0,Normal
871,2026-01-23T12:00:00.000Z,89267.83,0.07326029500525078,0,0,0,0,0,Normal
872,2026-01-23T13:00:00.000Z,89350.81,0.09295621950258237,0,0,0,0,0,Normal
873,2026-01-23T14:00:00.000Z,89017.85,-0.37264351604645585,1,0,0,0,1,Normal
874,2026-01-23T15:00:00.000Z,89761.61,0.8355178203023339,0,0,0,0,0,Normal
875,2026-01-23T16:00:00.000Z,90124.85,0.4046718858986553,0,0,0,0,0,Normal
876,2026-01-23T17:00:00.000Z,90600.0,0.5272130827402188,0,0,0,0,0,Normal
877,2026-01-23T18:00:00.000Z,90530.45,-0.07676600441501868,0,0,0,0,0,Normal
878,2026-01-23T19:00:00.000Z,89982.79,-0.6049456287911981,0,0,0,1,1,Normal
879,2026-01-23T20:00:00.000Z,89503.68,-0.5324462600014956,0,0,0,0,0,Normal
880,2026-01-23T21:00:00.000Z,89349.99,-0.1717136099878669,0,0,0,0,0,Normal
881,2026-01-23T22:00:00.000Z,89624.61,0.30735314016263615,0,0,0,0,0,Normal
882,2026-01-23T23:00:00.000Z,89600.26,-0.02716887694128589,0,0,0,0,0,Normal
883,2026-01-24T00:00:00.000Z,89452.83,-0.1645419332488518,0,0,0,0,0,Normal
884,2026-01-24T01:00:00.000Z,89550.24,0.10889538095106843,0,0,0,0,0,Normal
885,2026-01-24T02:00:00.000Z,89702.85,0.17041830373654143,0,0,0,0,0,Normal
886,2026-01-24T03:00:00.000Z,89770.02,0.07488056399544973,0,0,0,0,0,Normal
887,2026-01-24T04:00:00.000Z,89829.35,0.06609110703106325,0,0,0,0,0,Normal
888,2026-01-24T05:00:00.000Z,89775.2,-0.06028096607624267,0,0,0,0,0,Normal
889,2026-01-24T06:00:00.000Z,89649.32,-0.14021689731684717,0,0,0,0,0,Normal
890,2026-01-24T07:00:00.000Z,89620.1,-0.032593666075775296,0,0,0,0,0,Normal
891,2026-01-24T08:00:00.000Z,89660.88,0.04550318511138407,0,0,0,0,0,Normal
892,2026-01-24T09:00:00.000Z,89600.0,-0.06790029274752474,0,0,0,0,0,Normal
893,2026-01-24T10:00:00.000Z,89626.8,0.029910714285708018,0,0,0,0,0,Normal
894,2026-01-24T11:00:00.000Z,89595.4,-0.03503416388849212,0,0,0,0,0,Normal
895,2026-01-24T12:00:00.000Z,89537.82,-0.06426669226320403,0,0,0,0,0,Normal
896,2026-01-24T13:00:00.000Z,89368.22,-0.1894171647243703,0,0,0,0,0,Normal
897,2026-01-24T14:00:00.000Z,89450.03,0.09154260877075604,0,0,0,0,0,Normal
898,2026-01-24T15:00:00.000Z,89275.77,-0.19481267921318546,0,0,0,0,0,Normal
899,2026-01-24T16:00:00.000Z,89290.01,0.01595057651140319,0,0,0,0,0,Normal
900,2026-01-24T17:00:00.000Z,89406.5,0.1304625231870915,0,0,0,0,0,Normal
901,2026-01-24T18:00:00.000Z,89395.23,-0.012605347485927787,0,0,0,0,0,Normal
902,2026-01-24T19:00:00.000Z,89331.36,-0.07144676511262604,0,0,0,0,0,Normal
903,2026-01-24T20:00:00.000Z,89380.01,0.054460158224389765,0,0,0,0,0,Normal
904,2026-01-24T21:00:00.000Z,89386.61,0.007384201456228645,0,0,0,0,0,Normal
905,2026-01-24T22:00:00.000Z,89430.0,0.048541946047619966,0,0,0,0,0,Normal
906,2026-01-24T23:00:00.000Z,89225.34,-0.22884937940288452,0,0,0,0,0,Normal
907,2026-01-25T00:00:00.000Z,89315.18,0.10068888501852946,0,0,0,0,0,Normal
908,2026-01-25T01:00:00.000Z,89176.31,-0.1554830880932001,0,0,0,0,0,Normal
909,2026-01-25T02:00:00.000Z,89139.04,-0.041793610881635246,0,0,0,0,0,Normal
910,2026-01-25T03:00:00.000Z,88960.35,-0.2004621095313408,0,0,0,0,0,Normal
911,2026-01-25T04:00:00.000Z,89006.96,0.05239412839539437,0,0,0,0,0,Normal
912,2026-01-25T05:00:00.000Z,88990.9,-0.018043532775424698,0,0,0,0,0,Normal
913,2026-01-25T06:00:00.000Z,88831.36,-0.1792767575111487,0,0,0,0,0,Normal
914,2026-01-25T07:00:00.000Z,88659.99,-0.19291610530334236,0,0,0,0,0,Normal
915,2026-01-25T08:00:00.000Z,88300.01,-0.40602305504434666,0,0,0,0,0,Normal
916,2026-01-25T09:00:00.000Z,88398.38,0.11140429089420145,0,0,0,0,0,Normal
917,2026-01-25T10:00:00.000Z,88659.51,0.29540134106529337,0,0,0,0,0,Normal
918,2026-01-25T11:00:00.000Z,88570.17,-0.10076753187560072,0,0,0,0,0,Normal
919,2026-01-25T12:00:00.000Z,88791.99,0.2504454942335643,0,0,0,0,0,Normal
920,2026-01-25T13:00:00.000Z,88921.0,0.14529463750052596,0,0,0,0,0,Normal
921,2026-01-25T14:00:00.000Z,88710.1,-0.2371768198738189,0,0,0,0,0,Normal
922,2026-01-25T15:00:00.000Z,88446.5,-0.29714767540562903,0,0,0,0,0,Normal
923,2026-01-25T16:00:00.000Z,88077.26,-0.4174727094910513,1,1,1,0,3,ANOMALY
924,2026-01-25T17:00:00.000Z,87892.17,-0.21014504765475284,0,0,0,0,0,Normal
925,2026-01-25T18:00:00.000Z,87420.01,-0.5372037122305717,1,0,0,0,1,Normal
926,2026-01-25T19:00:00.000Z,86495.16,-1.0579385657814355,1,0,0,0,1,Normal
927,2026-01-25T20:00:00.000Z,86654.61,0.18434557494315662,0,0,0,0,0,Normal
928,2026-01-25T21:00:00.000Z,86568.5,-0.09937151641441488,0,0,0,0,0,Normal
929,2026-01-25T22:00:00.000Z,86521.39,-0.05441933266719934,0,0,0,0,0,Normal
930,2026-01-25T23:00:00.000Z,86670.36,0.17217707667434023,0,0,0,0,0,Normal
931,2026-01-26T00:00:00.000Z,86854.86,0.212875543611446,0,0,0,0,0,Normal
932,2026-01-26T01:00:00.000Z,87698.73,0.9715863913660083,0,0,0,0,0,Normal
933,2026-01-26T02:00:00.000Z,87563.38,-0.15433518820624492,0,0,0,0,0,Normal
934,2026-01-26T03:00:00.000Z,87282.05,-0.32128727785519784,0,0,0,0,0,Normal
935,2026-01-26T04:00:00.000Z,87737.06,0.5213099371520258,0,0,0,0,0,Normal
936,2026-01-26T05:00:00.000Z,87826.01,0.10138247167159609,0,0,0,0,0,Normal
937,2026-01-26T06:00:00.000Z,87937.44,0.12687585374766552,0,0,0,0,0,Normal
938,2026-01-26T07:00:00.000Z,88000.64,0.07186927433866508,0,0,0,0,0,Normal
939,2026-01-26T08:00:00.000Z,87975.39,-0.02869297314200825,0,0,0,0,0,Normal
940,2026-01-26T09:00:00.000Z,87663.12,-0.35495153815174874,0,0,0,0,0,Normal
941,2026-01-26T10:00:00.000Z,87897.55,0.2674214652638396,0,0,0,0,0,Normal
942,2026-01-26T11:00:00.000Z,87855.0,-0.04840863027467668,0,0,0,0,0,Normal
943,2026-01-26T12:00:00.000Z,87799.45,-0.06322918445165193,0,0,0,0,0,Normal
944,2026-01-26T13:00:00.000Z,87960.01,0.1828713050024744,0,0,0,0,0,Normal
945,2026-01-26T14:00:00.000Z,88178.1,0.2479422182876112,0,0,0,0,0,Normal
946,2026-01-26T15:00:00.000Z,87641.41,-0.6086431891819011,1,0,0,0,1,Normal
947,2026-01-26T16:00:00.000Z,87606.99,-0.03927367211458144,0,0,0,1,1,Normal
948,2026-01-26T17:00:00.000Z,87700.62,0.10687503360176098,0,0,0,1,1,Normal
949,2026-01-26T18:00:00.000Z,88403.72,0.8017047085870255,0,0,0,0,0,Normal
950,2026-01-26T19:00:00.000Z,88013.19,-0.44175742830731,0,0,0,0,0,Normal
951,2026-01-26T20:00:00.000Z,87629.22,-0.43626415540670704,0,0,0,0,0,Normal
952,2026-01-26T21:00:00.000Z,88064.69,0.49694610998478606,0,0,0,1,1,Normal
953,2026-01-26T22:00:00.000Z,88140.01,0.08552803626515892,0,0,0,0,0,Normal
954,2026-01-26T23:00:00.000Z,88347.08,0.23493303438473223,0,0,0,0,0,Normal
955,2026-01-27T00:00:00.000Z,88353.97,0.007798786332280372,0,0,0,0,0,Normal
956,2026-01-27T01:00:00.000Z,88550.61,0.22255932585710791,0,0,0,0,0,Normal
957,2026-01-27T02:00:00.000Z,88831.6,0.31732136006743517,0,0,0,0,0,Normal
958,2026-01-27T03:00:00.000Z,88788.0,-0.04908163311254654,0,0,0,0,0,Normal
959,2026-01-27T04:00:00.000Z,88579.58,-0.23473892868405288,0,0,0,0,0,Normal
960,2026-01-27T05:00:00.000Z,88456.3,-0.13917428825017675,0,0,0,0,0,Normal
961,2026-01-27T06:00:00.000Z,88332.67,-0.1397639286291663,0,0,0,0,0,Normal
962,2026-01-27T07:00:00.000Z,88320.41,-0.013879349509071659,0,0,0,0,0,Normal
963,2026-01-27T08:00:00.000Z,88170.82,-0.16937194924706578,0,0,0,0,0,Normal
964,2026-01-27T09:00:00.000Z,87886.82,-0.32210202876643557,0,0,0,0,0,Normal
965,2026-01-27T10:00:00.000Z,87786.53,-0.11411267354992649,0,0,0,0,0,Normal
966,2026-01-27T11:00:00.000Z,87992.74,0.23489936326221983,0,0,0,0,0,Normal
967,2026-01-27T12:00:00.000Z,87986.96,-0.006568723737887527,0,0,0,0,0,Normal
968,2026-01-27T13:00:00.000Z,87982.15,-0.0054667191593082975,0,0,0,0,0,Normal
969,2026-01-27T14:00:00.000Z,87745.02,-0.2695205788901367,0,0,0,0,0,Normal
970,2026-01-27T15:00:00.000Z,88047.46,0.3446805300175493,0,0,0,0,0,Normal
971,2026-01-27T16:00:00.000Z,88641.44,0.6746134414326033,0,0,0,0,0,Normal
972,2026-01-27T17:00:00.000Z,87546.58,-1.2351559270697754,1,0,0,0,1,Normal
973,2026-01-27T18:00:00.000Z,88285.05,0.8435166742093214,0,0,0,0,0,Normal
974,2026-01-27T19:00:00.000Z,88408.77,0.14013697675880898,0,0,0,0,0,Normal
975,2026-01-27T20:00:00.000Z,89066.18,0.7436026991439748,0,0,0,0,0,Normal
