row_id,timestamp,close,return,volume_change,anomaly_rf
0,2025-12-18T05:00:00.000Z,86440.9,-0.37403145469341315,-6.068965551312633,0
1,2025-12-18T06:00:00.000Z,86645.93,0.23719095937224655,-36.41353998942414,0
2,2025-12-18T07:00:00.000Z,86833.84,0.2168711213556218,116.84208166771897,0
3,2025-12-18T08:00:00.000Z,86978.98,0.16714681741587523,33.33171089489788,0
4,2025-12-18T09:00:00.000Z,87280.95,0.3471758348971177,-17.730478385481195,0
5,2025-12-18T10:00:00.000Z,87341.95,0.06988924845570121,-32.70575405796158,0
6,2025-12-18T11:00:00.000Z,87300.74,-0.04718236769386541,-39.64594224308495,0
7,2025-12-18T12:00:00.000Z,87259.99,-0.04667772575581708,56.22538359961926,0
8,2025-12-18T13:00:00.000Z,88851.7,1.8241005986821657,611.2129031317518,1
9,2025-12-18T14:00:00.000Z,88345.2,-0.5700509950850696,-3.870643419949804,0
10,2025-12-18T15:00:00.000Z,88513.44,0.19043479442006905,-25.452924942114596,0
11,2025-12-18T16:00:00.000Z,88014.0,-0.5642532930592248,-48.232947715941854,0
12,2025-12-18T17:00:00.000Z,86483.56,-1.7388597268616413,189.18505375930982,1
13,2025-12-18T18:00:00.000Z,85970.0,-0.5938238435143073,-46.74256924597082,0
14,2025-12-18T19:00:00.000Z,84483.79,-1.7287542165871916,176.64166711136397,1
15,2025-12-18T20:00:00.000Z,84582.65,0.11701653062676787,-53.961490506731536,0
16,2025-12-18T21:00:00.000Z,85630.95,1.2393794708489336,-47.05556140593964,1
17,2025-12-18T22:00:00.000Z,85582.88,-0.056136245130988804,-59.05221627129982,0
18,2025-12-18T23:00:00.000Z,85516.41,-0.07766740263940308,-27.14462791054434,0
19,2025-12-19T00:00:00.000Z,85604.88,0.10345382833540917,6.84240186070586,0
20,2025-12-19T01:00:00.000Z,85320.43,-0.33228245866357975,12.1986638656314,0
21,2025-12-19T02:00:00.000Z,85643.44,0.3785845898807594,55.068212814091375,0
22,2025-12-19T03:00:00.000Z,86891.39,1.4571460464455788,275.27223995965943,1
23,2025-12-19T04:00:00.000Z,87103.34,0.24392520363640813,-66.78971731161494,0
24,2025-12-19T05:00:00.000Z,87139.95,0.04203053522402467,15.438844183735556,0
25,2025-12-19T06:00:00.000Z,87483.41,0.39414757525109145,-46.79052773439513,0
26,2025-12-19T07:00:00.000Z,87953.4,0.5372332880028141,324.11256518483924,0
27,2025-12-19T08:00:00.000Z,88102.78,0.16983993796715335,-68.92119426937806,0
28,2025-12-19T09:00:00.000Z,88105.03,0.002553835418139805,-35.22203242639972,0
29,2025-12-19T10:00:00.000Z,88267.09,0.1839395548699052,45.42600713374998,0
30,2025-12-19T11:00:00.000Z,88198.7,-0.07748074622149215,-33.82435362734927,0
31,2025-12-19T12:00:00.000Z,87855.92,-0.38864518411269033,126.06190986392028,0
32,2025-12-19T13:00:00.000Z,87997.14,0.16074044868006343,3.410504830058003,0
33,2025-12-19T14:00:00.000Z,88180.01,0.20781357212291685,126.7302149423847,0
34,2025-12-19T15:00:00.000Z,87951.87,-0.2587207690268989,37.17972118541522,0
35,2025-12-19T16:00:00.000Z,87983.25,0.03567860467321715,-60.19759329952086,0
36,2025-12-19T17:00:00.000Z,86943.25,-1.1820431729903103,77.09147641260721,0
37,2025-12-19T18:00:00.000Z,87155.44,0.2440557490086981,-63.2636771517388,0
38,2025-12-19T19:00:00.000Z,87845.92,0.7922397041423945,72.20575049510354,0
39,2025-12-19T20:00:00.000Z,88099.6,0.28877835191436496,-14.141025178938115,0
40,2025-12-19T21:00:00.000Z,87839.4,-0.29534753846783834,-64.6155488304541,0
41,2025-12-19T22:00:00.000Z,88344.78,0.5753454600099683,-4.356986841318999,0
42,2025-12-19T23:00:00.000Z,88136.94,-0.2352600798824711,-33.929372175645256,0
43,2025-12-20T00:00:00.000Z,88005.63,-0.1489840695626521,9.915439195886577,0
44,2025-12-20T01:00:00.000Z,88075.89,0.07983580141406321,-0.7927802333657419,0
45,2025-12-20T02:00:00.000Z,88204.04,0.14549952319526938,54.18019733718853,0
46,2025-12-20T03:00:00.000Z,88214.98,0.01240305999590241,-60.533106359252244,0
47,2025-12-20T04:00:00.000Z,88295.37,0.09112964714155236,37.62977719320022,0
48,2025-12-20T05:00:00.000Z,88295.31,-6.79537330183777E-5,54.46280075116769,0
49,2025-12-20T06:00:00.000Z,88305.81,0.011891911359729335,-67.5191585781568,0
50,2025-12-20T07:00:00.000Z,88275.41,-0.03442582090577018,94.9115296686023,0
51,2025-12-20T08:00:00.000Z,88257.21,-0.02061729308309168,-1.9310198560946845,0
52,2025-12-20T09:00:00.000Z,88224.0,-0.037628653794974376,-9.984767995139554,0
53,2025-12-20T10:00:00.000Z,88163.99,-0.06802003989843097,49.507458684763584,0
54,2025-12-20T11:00:00.000Z,88277.66,0.12893019020576713,-20.066087442467563,0
55,2025-12-20T12:00:00.000Z,88256.08,-0.02444559586196604,-31.170336150382006,0
56,2025-12-20T13:00:00.000Z,88270.39,0.016214180371476594,249.12723082721322,0
57,2025-12-20T14:00:00.000Z,88260.88,-0.010773714719047867,-32.99071080673619,0
58,2025-12-20T15:00:00.000Z,88178.71,-0.09309900377154623,7.482034680501437,0
59,2025-12-20T16:00:00.000Z,88149.72,-0.032876416540916775,-60.04155682180847,0
60,2025-12-20T17:00:00.000Z,88181.8,0.03639262836001578,2.549612199952711,0
61,2025-12-20T18:00:00.000Z,88313.21,0.1490216802106703,40.54707566823061,0
62,2025-12-20T19:00:00.000Z,88232.92,-0.09091505110051523,-58.943436916141344,0
63,2025-12-20T20:00:00.000Z,88271.6,0.0438385128815888,53.52442585035313,0
64,2025-12-20T21:00:00.000Z,88208.73,-0.07122336062789225,32.021977784257174,0
65,2025-12-20T22:00:00.000Z,88279.35,0.08006010289458576,7.29481129267433,0
66,2025-12-20T23:00:00.000Z,88360.9,0.09237720939268002,-18.09326754472703,0
67,2025-12-21T00:00:00.000Z,88387.92,0.030579136246911,-9.814015394257769,0
68,2025-12-21T01:00:00.000Z,88011.83,-0.4254993216267544,108.17926908396589,0
69,2025-12-21T02:00:00.000Z,87943.76,-0.07734187551833305,40.098444989126406,0
70,2025-12-21T03:00:00.000Z,88070.64,0.14427402239796105,-52.871942119299376,0
71,2025-12-21T04:00:00.000Z,88065.83,-0.0054615249758582785,-2.4289317384680875,0
72,2025-12-21T05:00:00.000Z,88138.95,0.08302879788901762,-62.44129825714393,0
73,2025-12-21T06:00:00.000Z,88090.72,-0.054720415888775964,58.32807003712506,0
74,2025-12-21T07:00:00.000Z,88174.79,0.09543570537282609,-6.509702006794072,0
75,2025-12-21T08:00:00.000Z,88537.87,0.4117730249201701,325.5630455522237,0
76,2025-12-21T09:00:00.000Z,88892.82,0.4009018965556832,25.614057036662842,0
77,2025-12-21T10:00:00.000Z,88669.78,-0.2509089035537482,-39.97967292068042,0
78,2025-12-21T11:00:00.000Z,88601.57,-0.07692587034725529,-51.65688656140017,0
79,2025-12-21T12:00:00.000Z,88638.01,0.04112793938073622,76.07738150087965,0
80,2025-12-21T13:00:00.000Z,87670.1,-1.0919807427987038,275.9199133211029,0
81,2025-12-21T14:00:00.000Z,88065.18,0.45064394816476394,-47.943812677526424,0
82,2025-12-21T15:00:00.000Z,88067.95,0.003145397533965699,-31.414025209614195,0
83,2025-12-21T16:00:00.000Z,88359.18,0.3306878381976519,18.1282348194433,0
84,2025-12-21T17:00:00.000Z,88324.14,-0.039656320939140954,-32.605899867275326,0
85,2025-12-21T18:00:00.000Z,88445.09,0.13693878027003503,-23.467032279325927,0
86,2025-12-21T19:00:00.000Z,88484.01,0.04400470393550737,29.438058024051152,0
87,2025-12-21T20:00:00.000Z,88230.96,-0.2859838743745735,-55.91244641430171,0
88,2025-12-21T21:00:00.000Z,88162.86,-0.07718379126783192,18.62120750871994,0
89,2025-12-21T22:00:00.000Z,88483.63,0.3638380152368059,16.643484779023044,0
90,2025-12-21T23:00:00.000Z,88658.86,0.1980366311825188,93.95843347936486,0
91,2025-12-22T00:00:00.000Z,88622.4,-0.04112392151219835,223.62744861608542,0
92,2025-12-22T01:00:00.000Z,88626.31,0.00441197710736585,-46.48983441674842,0
93,2025-12-22T02:00:00.000Z,88458.27,-0.1896050958231199,7.606089831967622,0
94,2025-12-22T03:00:00.000Z,88774.12,0.35706101871537665,-56.6079370709442,0
95,2025-12-22T04:00:00.000Z,88904.99,0.14741909015827392,14.24501233394897,0
96,2025-12-22T05:00:00.000Z,88831.34,-0.08284124434411178,-17.86797854647828,0
97,2025-12-22T06:00:00.000Z,88909.26,0.0877167900428022,-14.441331814457703,0
98,2025-12-22T07:00:00.000Z,89170.1,0.2933777651506819,120.62061087185327,0
99,2025-12-22T08:00:00.000Z,89334.2,0.18403029715117203,87.68000790352102,0
100,2025-12-22T09:00:00.000Z,89829.6,0.5545468588737723,-52.09109090327977,0
101,2025-12-22T10:00:00.000Z,89778.94,-0.05639566468068624,-1.2862409864307423,0
102,2025-12-22T11:00:00.000Z,89945.43,0.18544438149969977,88.94766814124964,0
103,2025-12-22T12:00:00.000Z,90208.48,0.2924551030552669,31.281211077685043,0
104,2025-12-22T13:00:00.000Z,89912.37,-0.32825073651612247,-43.13569456177362,0
105,2025-12-22T14:00:00.000Z,90126.43,0.23807625135450206,70.41780702258554,0
106,2025-12-22T15:00:00.000Z,89726.92,-0.44327729390811754,14.395054168208565,0
107,2025-12-22T16:00:00.000Z,89550.0,-0.1971760537417322,-45.42985918754725,0
108,2025-12-22T17:00:00.000Z,89308.92,-0.2692127303182579,-10.00409491194426,0
109,2025-12-22T18:00:00.000Z,89150.04,-0.1778993632439052,-34.43863252996483,0
110,2025-12-22T19:00:00.000Z,88052.43,-1.2311940634014307,154.11888457722029,0
111,2025-12-22T20:00:00.000Z,88351.03,0.3391161379646235,-44.4880456305216,0
112,2025-12-22T21:00:00.000Z,88275.06,-0.08598654707251407,-25.60624276952983,0
113,2025-12-22T22:00:00.000Z,88660.07,0.43614810343941546,-3.938066299481513,0
114,2025-12-22T23:00:00.000Z,88620.79,-0.04430404803426047,-36.05742692966783,0
115,2025-12-23T00:00:00.000Z,88770.47,0.16889941965085864,8.57964405849334,0
116,2025-12-23T01:00:00.000Z,88513.71,-0.28924032958256296,-10.45544099387251,0
117,2025-12-23T02:00:00.000Z,88206.8,-0.3467372455634332,139.7010188725703,0
118,2025-12-23T03:00:00.000Z,88170.0,-0.041720139490386554,-28.623415919070705,0
119,2025-12-23T04:00:00.000Z,87930.99,-0.2710785981626329,-25.35791118957328,0
120,2025-12-23T05:00:00.000Z,87765.01,-0.18876166411865292,56.351101335675494,0
121,2025-12-23T06:00:00.000Z,87400.01,-0.4158832774017851,63.01405168589689,0
122,2025-12-23T07:00:00.000Z,87574.79,0.19997709382413298,-47.01066833206955,0
123,2025-12-23T08:00:00.000Z,87477.15,-0.11149327334956105,-16.629607924209466,0
124,2025-12-23T09:00:00.000Z,87531.85,0.06253061513779024,23.477885441621883,0
125,2025-12-23T10:00:00.000Z,87615.93,0.09605646401851242,-43.81521838263336,0
126,2025-12-23T11:00:00.000Z,87856.65,0.2747445584381669,71.46962495664721,0
127,2025-12-23T12:00:00.000Z,87789.18,-0.07679555275553751,-2.592401045356485,0
128,2025-12-23T13:00:00.000Z,87616.67,-0.19650485401503381,38.55144452410046,0
129,2025-12-23T14:00:00.000Z,86874.0,-0.8476355013264047,151.92875531483412,0
130,2025-12-23T15:00:00.000Z,87443.45,0.6554895595920485,-26.093176545049555,0
131,2025-12-23T16:00:00.000Z,88003.63,0.640619737670467,16.772190997300807,0
132,2025-12-23T17:00:00.000Z,87180.01,-0.9358932125868136,-41.91130372456245,0
133,2025-12-23T18:00:00.000Z,87975.01,0.9119062959501933,15.470613208041438,0
134,2025-12-23T19:00:00.000Z,87752.87,-0.2525035234437589,-40.18926474373002,0
135,2025-12-23T20:00:00.000Z,87691.5,-0.06993503460341888,65.79665285611111,0
136,2025-12-23T21:00:00.000Z,87722.89,0.0357959437345734,-49.651434202395805,0
137,2025-12-23T22:00:00.000Z,87399.45,-0.3687065029435277,54.4160077387619,0
138,2025-12-23T23:00:00.000Z,87486.0,0.09902808312867162,-19.57037030005412,0
139,2025-12-24T00:00:00.000Z,87660.47,0.19942619390531657,-21.89010843906357,0
140,2025-12-24T01:00:00.000Z,87632.51,-0.031895790656844,-20.54686438957648,0
141,2025-12-24T02:00:00.000Z,87134.39,-0.5684191859847365,87.37350687319594,0
142,2025-12-24T03:00:00.000Z,87336.23,0.23164217939666276,-48.2574490723105,0
143,2025-12-24T04:00:00.000Z,87147.65,-0.21592413595137305,-5.01605199434243,0
144,2025-12-24T05:00:00.000Z,86957.9,-0.21773392627340016,19.487568154033564,0
145,2025-12-24T06:00:00.000Z,87019.21,0.07050538248969396,7.407476575077121,0
146,2025-12-24T07:00:00.000Z,86911.53,-0.12374279196514237,-6.634638377837421,0
147,2025-12-24T08:00:00.000Z,86795.56,-0.13343453969801855,-8.883088745262736,0
148,2025-12-24T09:00:00.000Z,86812.8,0.019862767173806084,-26.803695789393743,0
149,2025-12-24T10:00:00.000Z,87077.66,0.3050932581370569,26.815513230882804,0
150,2025-12-24T11:00:00.000Z,87203.94,0.14501997412423862,19.719611875489406,0
151,2025-12-24T12:00:00.000Z,87428.51,0.2575227678932812,-11.974454563947457,0
152,2025-12-24T13:00:00.000Z,87286.9,-0.161972336026317,30.932430740992032,0
153,2025-12-24T14:00:00.000Z,86994.7,-0.3347581366734298,124.59247607384864,0
154,2025-12-24T15:00:00.000Z,87049.99,0.06355559591562088,-24.719647628984344,0
155,2025-12-24T16:00:00.000Z,87283.23,0.2679379974655838,25.901169391233523,0
156,2025-12-24T17:00:00.000Z,87322.77,0.04530079833207079,-51.97572262626271,0
157,2025-12-24T18:00:00.000Z,87470.65,0.16934872771441345,-37.53994860884916,0
158,2025-12-24T19:00:00.000Z,87566.06,0.10907658740388904,-15.73707147458534,0
159,2025-12-24T20:00:00.000Z,87556.2,-0.011260070397134392,-14.14099704527767,0
160,2025-12-24T21:00:00.000Z,87696.33,0.16004577631281158,-1.001733154126483,0
161,2025-12-24T22:00:00.000Z,88009.81,0.35746079682010823,75.81278790897574,0
162,2025-12-24T23:00:00.000Z,87669.45,-0.38672961570989095,-19.411407993078445,0
163,2025-12-25T00:00:00.000Z,87568.37,-0.11529671966689081,-33.87637059048008,0
164,2025-12-25T01:00:00.000Z,87699.99,0.15030541278775456,-26.126692320006363,0
165,2025-12-25T02:00:00.000Z,87892.66,0.21969215731951763,62.062555412681355,0
166,2025-12-25T03:00:00.000Z,87840.42,-0.059436134940060725,-29.85527283196674,0
167,2025-12-25T04:00:00.000Z,87773.33,-0.07637713936249346,-8.69417631715993,0
168,2025-12-25T05:00:00.000Z,87750.55,-0.025953213806517716,29.725134314777215,0
169,2025-12-25T06:00:00.000Z,87836.42,0.097856936509233,-28.942863480344627,0
170,2025-12-25T07:00:00.000Z,87837.59,0.0013320215008771896,16.106113503066076,0
171,2025-12-25T08:00:00.000Z,87584.65,-0.28796327403791677,225.01855223371714,0
172,2025-12-25T09:00:00.000Z,87526.48,-0.06641574750826384,-30.945481158793243,0
173,2025-12-25T10:00:00.000Z,87414.14,-0.12834972913339238,-13.061621640223919,0
174,2025-12-25T11:00:00.000Z,87519.44,0.12046106041883053,-46.83029686233296,0
175,2025-12-25T12:00:00.000Z,87566.0,0.05319960913825472,-2.8699572709576238,0
176,2025-12-25T13:00:00.000Z,87638.25,0.08250919306580506,158.8440822464877,0
177,2025-12-25T14:00:00.000Z,87718.21,0.09123869999687617,-23.559707362390327,0
178,2025-12-25T15:00:00.000Z,88371.27,0.7444976362376732,302.03950838819117,0
179,2025-12-25T16:00:00.000Z,88086.72,-0.32199378825268354,-53.07283558228833,0
180,2025-12-25T17:00:00.000Z,88139.08,0.05944142317932943,-61.785843092830376,0
181,2025-12-25T18:00:00.000Z,88241.26,0.11593041361448453,-5.112152986016172,0
182,2025-12-25T19:00:00.000Z,88151.18,-0.10208376444307277,-44.07091114169658,0
183,2025-12-25T20:00:00.000Z,87892.69,-0.2932348721820799,165.6909563904971,0
184,2025-12-25T21:00:00.000Z,87901.21,0.0096936389135438,-49.61706897111628,0
185,2025-12-25T22:00:00.000Z,87650.0,-0.28578673717916114,216.88688204859102,0
186,2025-12-25T23:00:00.000Z,87225.27,-0.48457501426125704,75.64783140889786,0
187,2025-12-26T00:00:00.000Z,87120.0,-0.12068750260102457,-28.928992530475828,0
188,2025-12-26T01:00:00.000Z,87432.26,0.3584251606978839,-59.397096937631176,0
189,2025-12-26T02:00:00.000Z,89199.99,2.021828098690359,1113.137577476698,1
190,2025-12-26T03:00:00.000Z,88844.87,-0.39811663656017515,-52.71535651921002,0
191,2025-12-26T04:00:00.000Z,88969.24,0.13998557260539446,-57.963236624593684,0
192,2025-12-26T05:00:00.000Z,88996.58,0.0307297218679059,-49.89122548439654,0
193,2025-12-26T06:00:00.000Z,89124.24,0.14344371435397463,82.33445939603101,0
194,2025-12-26T07:00:00.000Z,88470.75,-0.7332348640504582,250.88277222267686,0
195,2025-12-26T08:00:00.000Z,88742.28,0.30691499732962146,-74.99718978417226,0
196,2025-12-26T09:00:00.000Z,88811.76,0.07829413443061206,-19.23079145989137,0
197,2025-12-26T10:00:00.000Z,88748.34,-0.0714094619901684,-32.55575595690993,0
198,2025-12-26T11:00:00.000Z,88533.42,-0.24216790984484815,-21.6271121094609,0
199,2025-12-26T12:00:00.000Z,88678.9,0.1643221282991103,76.17617873524371,0
200,2025-12-26T13:00:00.000Z,88992.88,0.35406393178085693,6.63667530643004,0
201,2025-12-26T14:00:00.000Z,87380.43,-1.8118865239556414,379.1236891897842,1
202,2025-12-26T15:00:00.000Z,87137.81,-0.27765942557159695,102.713089408641,0
203,2025-12-26T16:00:00.000Z,86855.82,-0.323613825043334,-79.70236700558058,0
204,2025-12-26T17:00:00.000Z,87331.91,0.5481382825008208,-35.26655111378834,0
205,2025-12-26T18:00:00.000Z,87277.77,-0.06199337676228156,-15.958904024801823,0
206,2025-12-26T19:00:00.000Z,87501.83,0.2567205830304786,-1.282613929666887,0
207,2025-12-26T20:00:00.000Z,87585.77,0.09592942227607537,-28.00330314256907,0
208,2025-12-26T21:00:00.000Z,87470.59,-0.13150538038314563,12.587664887505646,0
209,2025-12-26T22:00:00.000Z,87550.0,0.09078479978241738,-1.59606152117987,0
210,2025-12-26T23:00:00.000Z,87369.56,-0.20609937178754922,-30.21563477657595,0
211,2025-12-27T00:00:00.000Z,87401.07,0.03606519249954587,-5.194482356197671,0
212,2025-12-27T01:00:00.000Z,87475.03,0.08462138964659971,-35.6727651628564,0
213,2025-12-27T02:00:00.000Z,87446.02,-0.03316374970090408,31.10323080478523,0
214,2025-12-27T03:00:00.000Z,87514.22,0.07799097088694307,2.3742244902280385,0
215,2025-12-27T04:00:00.000Z,87470.19,-0.050311823609916484,-39.07692558719922,0
216,2025-12-27T05:00:00.000Z,87506.0,0.04093966184364195,1.1066785666998369,0
217,2025-12-27T06:00:00.000Z,87469.02,-0.04225995931707027,38.89764461079746,0
218,2025-12-27T07:00:00.000Z,87539.26,0.08030271746497508,2.868135857412879,0
219,2025-12-27T08:00:00.000Z,87593.0,0.06138959822141743,-25.737668767981337,0
220,2025-12-27T09:00:00.000Z,87618.91,0.02957998926855776,320.8782403863151,0
221,2025-12-27T10:00:00.000Z,87503.01,-0.13227738167480574,-38.77916157815511,0
222,2025-12-27T11:00:00.000Z,87475.98,-0.030890365942837228,-34.46917138055207,0
223,2025-12-27T12:00:00.000Z,87474.28,-0.0019433906313426341,-54.97000112346764,0
224,2025-12-27T13:00:00.000Z,87452.78,-0.0245786532909964,136.6901415289791,0
225,2025-12-27T14:00:00.000Z,87544.9,0.10533684578122315,49.675690907637104,0
226,2025-12-27T15:00:00.000Z,87551.25,0.007253420816066836,-50.47919386744635,0
227,2025-12-27T16:00:00.000Z,87498.41,-0.06035322168443935,0.6818911964645791,0
228,2025-12-27T17:00:00.000Z,87562.58,0.07333847552200012,-15.456665214458965,0
229,2025-12-27T18:00:00.000Z,87500.01,-0.07145746504957362,17.993779398589528,0
230,2025-12-27T19:00:00.000Z,87569.39,0.07929141950955287,-13.2303530748906,0
231,2025-12-27T20:00:00.000Z,87555.92,-0.01538208727958068,-14.30885042861172,0
232,2025-12-27T21:00:00.000Z,87668.22,0.12826088744199993,-15.3454274299052,0
233,2025-12-27T22:00:00.000Z,87565.99,-0.11661010112899994,303.01888818293685,1
234,2025-12-27T23:00:00.000Z,87877.01,0.35518355927910417,-25.186003641894782,0
235,2025-12-28T00:00:00.000Z,87854.96,-0.025091886945161068,-29.064092783963158,0
236,2025-12-28T01:00:00.000Z,87785.96,-0.07853853669730348,-25.323390218299423,0
237,2025-12-28T02:00:00.000Z,87810.78,0.02827331386476839,-31.48822632891406,0
238,2025-12-28T03:00:00.000Z,87740.01,-0.0805937494234854,98.8263528659531,0
239,2025-12-28T04:00:00.000Z,87724.87,-0.017255525728798737,-27.616081125652347,0
240,2025-12-28T05:00:00.000Z,87657.93,-0.07630675314765911,-23.28017497387247,0
241,2025-12-28T06:00:00.000Z,87732.0,0.08449891527213538,-19.473484637693915,0
242,2025-12-28T07:00:00.000Z,87730.85,-0.0013108101946768258,-12.236338456191277,0
243,2025-12-28T08:00:00.000Z,87805.0,0.08451986957835889,110.62324236136783,0
244,2025-12-28T09:00:00.000Z,87800.0,-0.005694436535508274,15.131455360692447,0
245,2025-12-28T10:00:00.000Z,87856.91,0.06481776765376868,24.06534024661804,0
246,2025-12-28T11:00:00.000Z,87883.25,0.029980567265575075,-42.2006146527612,0
247,2025-12-28T12:00:00.000Z,87850.6,-0.037151561873272065,-8.295958490265088,0
248,2025-12-28T13:00:00.000Z,87896.59,0.05235024006664535,31.471947264453792,0
249,2025-12-28T14:00:00.000Z,87910.0,0.015256564560695018,45.362351449391824,0
250,2025-12-28T15:00:00.000Z,87836.27,-0.08386986690933629,7.864038303646237,0
251,2025-12-28T16:00:00.000Z,87814.04,-0.0253084517364055,-32.821113865470394,0
252,2025-12-28T17:00:00.000Z,87760.0,-0.06153913428876834,-49.20044208092036,0
253,2025-12-28T18:00:00.000Z,87598.49,-0.1840360072926095,339.88972840736824,1
254,2025-12-28T19:00:00.000Z,87520.75,-0.08874582198848957,-49.325819511479864,0
255,2025-12-28T20:00:00.000Z,87514.76,-0.006844091258362273,-29.53636376373866,0
256,2025-12-28T21:00:00.000Z,87588.37,0.0841115258728875,-15.205198758854877,0
257,2025-12-28T22:00:00.000Z,87900.09,0.35589199799015425,141.3487797139771,0
258,2025-12-28T23:00:00.000Z,87952.71,0.05986341993506894,3.843061503263856,0
259,2025-12-29T00:00:00.000Z,88295.69,0.38995955894933765,86.6039632459311,0
260,2025-12-29T01:00:00.000Z,88445.57,0.16974780988743277,-1.658819080066476,0
261,2025-12-29T02:00:00.000Z,89163.25,0.8114369097287577,219.15670533000323,0
262,2025-12-29T03:00:00.000Z,90123.55,1.0770132313481229,1.7166281920479864,0
263,2025-12-29T04:00:00.000Z,90143.06,0.021648059802337194,-34.33232845235544,0
264,2025-12-29T05:00:00.000Z,89984.0,-0.17645285172258607,-30.97367747124917,0
265,2025-12-29T06:00:00.000Z,89777.26,-0.22975195590327901,-39.25669308571778,0
266,2025-12-29T07:00:00.000Z,89617.71,-0.17771760911392542,93.11482886336087,0
267,2025-12-29T08:00:00.000Z,89555.1,-0.06986342320061123,1.9615588474910295,0
268,2025-12-29T09:00:00.000Z,88100.05,-1.6247539224455099,138.28209153538978,1
269,2025-12-29T10:00:00.000Z,87780.01,-0.3632688063173739,-65.79601650257072,0
270,2025-12-29T11:00:00.000Z,87567.66,-0.24191156961589355,-44.25728443913622,0
271,2025-12-29T12:00:00.000Z,87397.0,-0.19488930045635788,253.48977712295695,0
272,2025-12-29T13:00:00.000Z,87387.71,-0.010629655480154376,-61.56342345756188,0
273,2025-12-29T14:00:00.000Z,87429.96,0.048347759656364175,61.18910473818235,0
274,2025-12-29T15:00:00.000Z,87691.62,0.29927956046187365,0.45226580809498707,0
275,2025-12-29T16:00:00.000Z,87627.11,-0.07356461198914088,-62.39570695187071,0
276,2025-12-29T17:00:00.000Z,87849.99,0.2543505086496589,-13.295942217786749,0
277,2025-12-29T18:00:00.000Z,87464.77,-0.43849748873050487,42.412766263907066,0
278,2025-12-29T19:00:00.000Z,87366.23,-0.11266250400019384,-34.15068398610305,0
279,2025-12-29T20:00:00.000Z,87212.01,-0.1765212943261929,119.8067765292509,0
280,2025-12-29T21:00:00.000Z,87337.85,0.14429205335366735,-66.78367488133028,0
281,2025-12-29T22:00:00.000Z,87351.05,0.01511372217199991,40.48822689351215,0
282,2025-12-29T23:00:00.000Z,87237.13,-0.13041629150422063,-38.461943714517744,0
283,2025-12-30T00:00:00.000Z,87250.23,0.0150165416950232,20.623929217691806,0
284,2025-12-30T01:00:00.000Z,87308.23,0.06647546946294547,3.934182821235499,0
285,2025-12-30T02:00:00.000Z,87111.0,-0.22590081141261598,96.71486294624304,0
286,2025-12-30T03:00:00.000Z,87379.0,0.3076534536396114,22.895477181382383,0
287,2025-12-30T04:00:00.000Z,87300.0,-0.09041073942251954,-49.500304622715085,0
288,2025-12-30T05:00:00.000Z,87255.97,-0.05043528064146985,-51.98057452400189,0
289,2025-12-30T06:00:00.000Z,87443.17,0.21454119414408002,66.907524616225,0
290,2025-12-30T07:00:00.000Z,87502.85,0.06825004171282512,74.99153780851697,0
291,2025-12-30T08:00:00.000Z,87872.68,0.4226490908581626,150.27707906071916,0
292,2025-12-30T09:00:00.000Z,87992.7,0.1365839758159293,-57.51716460950955,0
293,2025-12-30T10:00:00.000Z,87949.51,-0.04908361716370324,-4.533556555206742,0
294,2025-12-30T11:00:00.000Z,87903.89,-0.05187066988775468,41.44897340610285,0
295,2025-12-30T12:00:00.000Z,88023.54,0.13611456785358467,-15.591550343645533,0
296,2025-12-30T13:00:00.000Z,88110.02,0.098246446348349,-9.855720772389443,0
297,2025-12-30T14:00:00.000Z,88875.83,0.8691519988305529,262.8596659515678,0
298,2025-12-30T15:00:00.000Z,89016.35,0.1581082280750712,-19.38467868911641,0
299,2025-12-30T16:00:00.000Z,88742.63,-0.30749407271810636,8.238883553536102,0
300,2025-12-30T17:00:00.000Z,88371.34,-0.41838967359881796,-49.70938489920043,0
301,2025-12-30T18:00:00.000Z,88304.0,-0.0762011756300085,-39.13318317335277,0
302,2025-12-30T19:00:00.000Z,88226.16,-0.08815002717883491,-20.461146733497927,0
303,2025-12-30T20:00:00.000Z,87947.15,-0.3162440709195691,27.34641630075032,0
304,2025-12-30T21:00:00.000Z,88287.27,0.3867322590896949,-42.451596965938485,0
305,2025-12-30T22:00:00.000Z,88430.19,0.1618806425886854,10.933398245199388,0
306,2025-12-30T23:00:00.000Z,88485.49,0.06253520432333293,-3.6314296103582833,0
307,2025-12-31T00:00:00.000Z,88255.54,-0.25987311591991746,-9.871564462424098,0
308,2025-12-31T01:00:00.000Z,88649.33,0.44619295287300353,45.83359124401769,0
309,2025-12-31T02:00:00.000Z,88673.6,0.027377533479389093,-27.412899914379864,0
310,2025-12-31T03:00:00.000Z,88453.04,-0.24873242994534195,6.121525912275372,0
311,2025-12-31T04:00:00.000Z,88325.06,-0.14468694349001332,-42.280769972935516,0
312,2025-12-31T05:00:00.000Z,88463.09,0.15627501413528755,87.49608977002919,0
313,2025-12-31T06:00:00.000Z,88512.92,0.05632857726312057,-28.285327619323276,0
314,2025-12-31T07:00:00.000Z,88613.12,0.11320381250556899,43.39491036008209,0
315,2025-12-31T08:00:00.000Z,88434.65,-0.20140358448049733,-8.922614305114628,0
316,2025-12-31T09:00:00.000Z,88660.1,0.25493401059428766,13.704053262901382,0
317,2025-12-31T10:00:00.000Z,88847.26,0.21109834074175549,52.87404965284372,0
318,2025-12-31T11:00:00.000Z,89011.52,0.18487908349678062,23.90340716369468,0
319,2025-12-31T12:00:00.000Z,88775.96,-0.2646399027901092,-8.738199787763845,0
320,2025-12-31T13:00:00.000Z,88991.88,0.24321899757546728,-44.91587996935328,0
321,2025-12-31T14:00:00.000Z,88479.99,-0.5752097831847158,276.99097368050303,0
322,2025-12-31T15:00:00.000Z,87953.97,-0.5945073004642087,13.021444045282117,0
323,2025-12-31T16:00:00.000Z,87656.98,-0.3376652583163775,-2.5053059273232203,0
324,2025-12-31T17:00:00.000Z,87620.82,-0.04125170636724018,-49.58921414546944,0
325,2025-12-31T18:00:00.000Z,87684.07,0.07218603980194693,-30.94564421094581,0
326,2025-12-31T19:00:00.000Z,87541.85,-0.16219593821318323,43.06861360360965,0
327,2025-12-31T20:00:00.000Z,87662.01,0.1372600647575828,23.80931479312407,0
328,2025-12-31T21:00:00.000Z,87799.97,0.15737718083352892,-50.1698258362681,0
329,2025-12-31T22:00:00.000Z,87728.29,-0.08164011901143908,-38.469822628567265,0
330,2025-12-31T23:00:00.000Z,87648.22,-0.09127044423183905,-19.050898531786075,0
331,2026-01-01T00:00:00.000Z,87809.23,0.1837002508436436,22.212906941390575,0
332,2026-01-01T01:00:00.000Z,87960.0,0.17170176757044242,3.330158354630619,0
333,2026-01-01T02:00:00.000Z,87914.0,-0.052296498408366254,-13.205270905654121,0
334,2026-01-01T03:00:00.000Z,87846.02,-0.07732556816888447,-28.858305027806075,0
335,2026-01-01T04:00:00.000Z,87590.4,-0.29098643285149217,219.40414750011973,0
336,2026-01-01T05:00:00.000Z,87704.39,0.13013983267573526,-40.5319524688835,0
337,2026-01-01T06:00:00.000Z,87658.0,-0.05289358947710987,-56.24725345896429,0
338,2026-01-01T07:00:00.000Z,87631.88,-0.02979762257865337,81.82499982243255,0
339,2026-01-01T08:00:00.000Z,87770.9,0.15864089644086476,26.608612268067834,0
340,2026-01-01T09:00:00.000Z,87877.99,0.12201082591156709,-26.291455869898563,0
341,2026-01-01T10:00:00.000Z,87863.76,-0.016192905641121413,-39.0790917531463,0
342,2026-01-01T11:00:00.000Z,88024.64,0.18310165647361654,53.27416692563192,0
343,2026-01-01T12:00:00.000Z,87950.0,-0.08479443937515763,1.9518242236978844,0
344,2026-01-01T13:00:00.000Z,87922.64,-0.03110858442296749,-22.18832575280475,0
345,2026-01-01T14:00:00.000Z,87967.05,0.05051031224723168,150.44515520986064,0
346,2026-01-01T15:00:00.000Z,88032.18,0.07403908622602984,-33.33278634625908,0
347,2026-01-01T16:00:00.000Z,87988.76,-0.0493228726131667,-26.92856039063376,0
348,2026-01-01T17:00:00.000Z,88316.37,0.37233164781502737,150.57824752640542,0
349,2026-01-01T18:00:00.000Z,88193.94,-0.1386266215425258,-45.893828239353795,0
350,2026-01-01T19:00:00.000Z,88391.15,0.22360946795210168,-15.888957740324361,0
351,2026-01-01T20:00:00.000Z,88258.12,-0.15050149251367717,-37.50882649430315,0
352,2026-01-01T21:00:00.000Z,88377.67,0.13545495870521673,24.503647727132538,0
353,2026-01-01T22:00:00.000Z,88645.57,0.3031308700489621,181.322164617444,0
354,2026-01-01T23:00:00.000Z,88839.04,0.2182511771315676,25.055746093450672,0
355,2026-01-02T00:00:00.000Z,88833.97,-0.00570695045780667,-24.33594837988554,0
356,2026-01-02T01:00:00.000Z,88639.89,-0.21847498203672044,-45.98354529489808,0
357,2026-01-02T02:00:00.000Z,88637.03,-0.003226538300082904,4.7130426653307245,0
358,2026-01-02T03:00:00.000Z,88950.65,0.35382503226923934,164.0302419300823,0
359,2026-01-02T04:00:00.000Z,88637.64,-0.3518917512126074,-57.103536797195645,0
360,2026-01-02T05:00:00.000Z,88765.2,0.1439117738242901,-22.106624715569602,0
361,2026-01-02T06:00:00.000Z,88935.04,0.19133624438405494,30.122431130339965,0
362,2026-01-02T07:00:00.000Z,88857.61,-0.08706354660659166,33.01909981931257,0
363,2026-01-02T08:00:00.000Z,89178.13,0.36071193001927515,12.697148946936654,0
364,2026-01-02T09:00:00.000Z,89467.32,0.32428354351006217,102.81115734549941,0
365,2026-01-02T10:00:00.000Z,89666.29,0.22239405405235502,58.230463591948165,0
366,2026-01-02T11:00:00.000Z,89502.95,-0.18216433399886878,-56.461225617545395,0
367,2026-01-02T12:00:00.000Z,89400.0,-0.11502414166236763,-36.33092092863571,0
368,2026-01-02T13:00:00.000Z,89348.68,-0.05740492170023259,23.799280696704628,0
369,2026-01-02T14:00:00.000Z,89580.0,0.2588958225236304,347.53100014643667,1
370,2026-01-02T15:00:00.000Z,89418.11,-0.1807211431123057,-27.92829041942644,0
371,2026-01-02T16:00:00.000Z,90376.05,1.0713042357974212,60.244126771454766,0
372,2026-01-02T17:00:00.000Z,90370.52,-0.006118877733640726,-46.24398328743881,0
373,2026-01-02T18:00:00.000Z,89773.1,-0.6610784136242609,-36.60794186380769,0
374,2026-01-02T19:00:00.000Z,89897.23,0.13827081831860877,-42.69187382129829,0
375,2026-01-02T20:00:00.000Z,89740.0,-0.17489971604240928,10.821068390325372,0
376,2026-01-02T21:00:00.000Z,90065.8,0.3630488076665994,-38.50534178336683,0
377,2026-01-02T22:00:00.000Z,90195.37,0.14386148793437137,23.81566808076292,0
378,2026-01-02T23:00:00.000Z,89995.13,-0.22200696111118745,-39.20521775179115,0
379,2026-01-03T00:00:00.000Z,90156.19,0.17896523956351107,19.855352335376118,0
380,2026-01-03T01:00:00.000Z,90282.69,0.14031205178479667,-20.817361875897166,0
381,2026-01-03T02:00:00.000Z,90340.0,0.06347839214804196,29.28108401431624,0
382,2026-01-03T03:00:00.000Z,90321.22,-0.02078813371706456,-39.23176694231556,0
383,2026-01-03T04:00:00.000Z,90170.0,-0.16742466499013453,121.36771453545303,0
384,2026-01-03T05:00:00.000Z,90031.1,-0.15404236442274621,-45.82054656293193,0
385,2026-01-03T06:00:00.000Z,89871.05,-0.17777190326454528,22.879565999134876,0
386,2026-01-03T07:00:00.000Z,89577.13,-0.3270463625383191,217.85942939816417,0
387,2026-01-03T08:00:00.000Z,89670.51,0.10424535816226932,-47.33231388131254,0
388,2026-01-03T09:00:00.000Z,89791.99,0.13547374716615934,-10.532645901853321,0
389,2026-01-03T10:00:00.000Z,89754.47,-0.04178546438273756,-33.96844371089938,0
390,2026-01-03T11:00:00.000Z,89752.74,-0.0019274806034697,-40.01700734810245,0
391,2026-01-03T12:00:00.000Z,90039.13,0.3190877515271362,130.48632237004557,0
392,2026-01-03T13:00:00.000Z,90004.96,-0.037950166777489525,-23.223649201687568,0
393,2026-01-03T14:00:00.000Z,90126.02,0.13450369846284005,3.8146074766104654,0
394,2026-01-03T15:00:00.000Z,89969.31,-0.17387875332784963,-47.90794635389535,0
395,2026-01-03T16:00:00.000Z,90105.24,0.1510848532683129,28.898858365875668,0
396,2026-01-03T17:00:00.000Z,90093.99,-0.01248540040512669,-58.124574705017295,0
397,2026-01-03T18:00:00.000Z,90138.87,0.04981464357387555,69.1479062737323,0
398,2026-01-03T19:00:00.000Z,90123.77,-0.016751929550473665,-36.49586647756412,0
399,2026-01-03T20:00:00.000Z,90372.39,0.2758650686716768,98.72686101249684,0
400,2026-01-03T21:00:00.000Z,90564.31,0.21236574577701006,122.81982612635902,0
401,2026-01-03T22:00:00.000Z,90590.04,0.028410750327578782,8.673274129660037,0
402,2026-01-03T23:00:00.000Z,90628.01,0.04191410004896756,-28.463691983599304,0
403,2026-01-04T00:00:00.000Z,91341.47,0.787240059668104,460.3393697099046,1
404,2026-01-04T01:00:00.000Z,91235.37,-0.11615753501668102,-78.40393600301023,0
405,2026-01-04T02:00:00.000Z,91124.0,-0.122068886222515,-25.841402374108856,0
406,2026-01-04T03:00:00.000Z,91236.78,0.12376541855054768,17.948908582216916,0
407,2026-01-04T04:00:00.000Z,91400.0,0.17889715090777525,39.43895994663163,0
408,2026-01-04T05:00:00.000Z,91480.04,0.08757111597372802,-62.323162217648374,0
409,2026-01-04T06:00:00.000Z,91237.55,-0.26507421728280134,333.2209686331996,0
410,2026-01-04T07:00:00.000Z,91532.0,0.32272896411620344,-38.89949103922531,0
411,2026-01-04T08:00:00.000Z,91374.99,-0.1715356378097166,36.004707786723756,0
412,2026-01-04T09:00:00.000Z,91468.28,0.10209577040718454,51.58976891653244,0
413,2026-01-04T10:00:00.000Z,91600.62,0.14468403691421106,-29.3350649153032,0
414,2026-01-04T11:00:00.000Z,91300.0,-0.32818555158250495,-44.45918964832553,0
415,2026-01-04T12:00:00.000Z,91150.98,-0.16322015334063744,23.071058793180764,0
416,2026-01-04T13:00:00.000Z,91264.0,0.12399208434183961,-40.01142357881401,0
417,2026-01-04T14:00:00.000Z,91336.39,0.0793193373071599,-0.2235841959575824,0
418,2026-01-04T15:00:00.000Z,91334.94,-0.0015875381104923925,16.50306070434626,0
419,2026-01-04T16:00:00.000Z,91321.0,-0.0152625052362243,2.9854283370566836,0
420,2026-01-04T17:00:00.000Z,91335.73,0.016129915353535473,-57.99825464822137,0
421,2026-01-04T18:00:00.000Z,91205.39,-0.14270428451165218,122.2037385859048,0
422,2026-01-04T19:00:00.000Z,91138.07,-0.07381142715358058,22.199817184961535,0
423,2026-01-04T20:00:00.000Z,91313.94,0.19297095055885727,-60.37601053718239,0
424,2026-01-04T21:00:00.000Z,91279.99,-0.03717942736891633,-8.259066383915393,0
425,2026-01-04T22:00:00.000Z,91220.01,-0.06570991079206667,10.118965153528613,0
426,2026-01-04T23:00:00.000Z,91529.73,0.3395307674270098,160.63524963472796,0
427,2026-01-05T00:00:00.000Z,92405.46,0.9567710950310948,430.81962273539443,0
428,2026-01-05T01:00:00.000Z,92967.28,0.6079943760898932,-4.091852637416049,0
429,2026-01-05T02:00:00.000Z,93033.11,0.0708098591246209,-53.796003481864275,0
430,2026-01-05T03:00:00.000Z,92878.22,-0.1664891133919988,-34.82439986673318,0
431,2026-01-05T04:00:00.000Z,92595.07,-0.30486157034447237,-1.1186360454851885,0
432,2026-01-05T05:00:00.000Z,92359.99,-0.25387960719722713,-31.978319428818825,0
433,2026-01-05T06:00:00.000Z,92491.81,0.1427241384499789,-19.930505969471056,0
434,2026-01-05T07:00:00.000Z,92520.63,0.031159515637124713,64.87901249965897,0
435,2026-01-05T08:00:00.000Z,92467.53,-0.057392605303274724,14.08637807281503,0
436,2026-01-05T09:00:00.000Z,92688.6,0.23907851761586496,6.973055090629199,0
437,2026-01-05T10:00:00.000Z,93080.0,0.42227415237687804,5.655504612923168,0
438,2026-01-05T11:00:00.000Z,93134.26,0.05829394069616356,-16.730565477822545,0
439,2026-01-05T12:00:00.000Z,92874.28,-0.2791453971932478,-20.108586689741347,0
440,2026-01-05T13:00:00.000Z,92742.74,-0.14163232274855275,7.200435107841074,0
441,2026-01-05T14:00:00.000Z,93428.0,0.7388826338320387,178.67599990835973,0
442,2026-01-05T15:00:00.000Z,93957.73,0.566992764481733,42.3700693334166,0
443,2026-01-05T16:00:00.000Z,93701.31,-0.2729099564240167,-32.677150136477614,0
444,2026-01-05T17:00:00.000Z,94317.84,0.657973725233929,-11.123621370624937,0
445,2026-01-05T18:00:00.000Z,94449.62,0.13971906057221872,-15.5382311528935,0
446,2026-01-05T19:00:00.000Z,94303.4,-0.15481269273502907,-21.81071984891908,0
447,2026-01-05T20:00:00.000Z,94177.99,-0.1329856611744562,48.63188724734948,0
448,2026-01-05T21:00:00.000Z,94095.78,-0.08729215817836478,-58.09879359516022,0
449,2026-01-05T22:00:00.000Z,94171.22,0.080173627340141,-21.913522368106076,0
450,2026-01-05T23:00:00.000Z,93859.71,-0.33079108457976236,6.54383101788818,0
451,2026-01-06T00:00:00.000Z,93816.7,-0.045823708596592905,32.23959142312631,0
452,2026-01-06T01:00:00.000Z,93771.82,-0.04783796488256886,-26.454388875437175,0
453,2026-01-06T02:00:00.000Z,93620.6,-0.1612637997215005,-12.49673429857523,0
454,2026-01-06T03:00:00.000Z,93769.24,0.1587684761687136,-15.111389303193778,0
455,2026-01-06T04:00:00.000Z,93801.07,0.03394503357390111,-18.878381044203472,0
456,2026-01-06T05:00:00.000Z,93599.99,-0.2143685567765896,75.82891921774258,0
457,2026-01-06T06:00:00.000Z,93780.01,0.19232908037702945,32.34524411722879,0
458,2026-01-06T07:00:00.000Z,93255.08,-0.55974615485751,59.710430765221844,0
459,2026-01-06T08:00:00.000Z,93240.17,-0.015988405135680672,-58.64786169566312,0
460,2026-01-06T09:00:00.000Z,93462.72,0.23868467850283182,-7.9242004402186765,0
461,2026-01-06T10:00:00.000Z,93579.56,0.1250124113657325,-16.566748603854066,0
462,2026-01-06T11:00:00.000Z,93840.0,0.2783086391942913,47.70765391188494,0
463,2026-01-06T12:00:00.000Z,93872.16,0.03427109974425413,-16.094352188142523,0
464,2026-01-06T13:00:00.000Z,93716.53,-0.16578930323964958,-6.939257595723502,0
465,2026-01-06T14:00:00.000Z,93836.81,0.12834448735992154,431.84045689510873,0
466,2026-01-06T15:00:00.000Z,93648.99,-0.20015599422017472,-15.445509401177816,0
467,2026-01-06T16:00:00.000Z,92692.32,-1.0215486573854071,55.80893748769415,0
468,2026-01-06T17:00:00.000Z,91589.24,-1.1900446552637778,-19.185897791986793,0
469,2026-01-06T18:00:00.000Z,92034.09,0.4857011587823923,-20.01628082601654,0
470,2026-01-06T19:00:00.000Z,92104.5,0.07650426054084392,-48.59704303696195,0
471,2026-01-06T20:00:00.000Z,92505.32,0.43517960577388326,5.664554708656966,0
472,2026-01-06T21:00:00.000Z,93258.05,0.8137153625326521,141.78833610114629,0
473,2026-01-06T22:00:00.000Z,93362.68,0.11219406796516562,-61.91469337501609,0
474,2026-01-06T23:00:00.000Z,93747.97,0.4126809556024069,-50.32854956877182,0
475,2026-01-07T00:00:00.000Z,92709.52,-1.1077039854836324,137.75641429799052,0
476,2026-01-07T01:00:00.000Z,92435.35,-0.2957301472383822,11.088601501179873,0
477,2026-01-07T02:00:00.000Z,92949.77,0.5565186911717257,-36.06472978368602,0
478,2026-01-07T03:00:00.000Z,92815.83,-0.14409933451153822,-50.833290141441864,0
479,2026-01-07T04:00:00.000Z,92670.29,-0.15680514843212645,8.46090826128425,0
480,2026-01-07T05:00:00.000Z,92529.54,-0.15188255049164434,-28.817251168777215,0
481,2026-01-07T06:00:00.000Z,92614.84,0.09218677624465155,5.853389646687268,0
482,2026-01-07T07:00:00.000Z,92879.13,0.28536463486845687,6.485860063167381,0
483,2026-01-07T08:00:00.000Z,92718.9,-0.17251453582738385,2.8340033256553543,0
484,2026-01-07T09:00:00.000Z,91716.14,-1.0815054967218019,377.43070941025303,0
485,2026-01-07T10:00:00.000Z,91975.31,0.2825783989600872,-57.23136612805092,0
486,2026-01-07T11:00:00.000Z,92087.21,0.1216630854519618,0.7660910122419207,0
487,2026-01-07T12:00:00.000Z,91997.86,-0.09702758939054146,-41.35575243842019,0
488,2026-01-07T13:00:00.000Z,92044.67,0.05088161833328719,39.34164506144477,0
489,2026-01-07T14:00:00.000Z,91959.04,-0.09303091640179284,222.22457212422552,0
490,2026-01-07T15:00:00.000Z,91349.96,-0.662338362818915,0.4995376219938841,0
491,2026-01-07T16:00:00.000Z,91264.54,-0.09350852479849125,-52.75586395002648,0
492,2026-01-07T17:00:00.000Z,91252.14,-0.013586876129534353,-19.14236079520103,0
493,2026-01-07T18:00:00.000Z,90901.39,-0.3843745472708937,48.91557207709467,0
494,2026-01-07T19:00:00.000Z,91186.07,0.3131745290143595,-25.04690123600778,0
495,2026-01-07T20:00:00.000Z,91047.49,-0.15197496722909598,-28.272018329277714,0
496,2026-01-07T21:00:00.000Z,91089.5,0.04614075577480392,-44.07634557001241,0
497,2026-01-07T22:00:00.000Z,91180.85,0.10028598246780707,47.89972197063626,0
498,2026-01-07T23:00:00.000Z,91364.16,0.20104002101317686,74.5969721801416,0
499,2026-01-08T00:00:00.000Z,91394.71,0.03343761930281186,-41.69090268226249,0
500,2026-01-08T01:00:00.000Z,91428.4,0.036862089720490765,-17.054956239002507,0
501,2026-01-08T02:00:00.000Z,90956.49,-0.5161525302859848,86.34993935235894,0
502,2026-01-08T03:00:00.000Z,90813.4,-0.15731697650163134,-4.081442329689288,0
503,2026-01-08T04:00:00.000Z,91022.75,0.23052765340798587,-34.76734933041815,0
504,2026-01-08T05:00:00.000Z,90829.58,-0.21222166985725988,-17.210769253199988,0
505,2026-01-08T06:00:00.000Z,89898.01,-1.025624031290251,359.7969837243887,0
506,2026-01-08T07:00:00.000Z,90548.02,0.7230527127352504,-19.548727382388464,0
507,2026-01-08T08:00:00.000Z,90227.25,-0.35425401902769993,-23.060615788041105,0
508,2026-01-08T09:00:00.000Z,90010.0,-0.24078091707327998,-38.9475639499402,0
509,2026-01-08T10:00:00.000Z,90410.1,0.444506165981573,2.428589509086909,0
510,2026-01-08T11:00:00.000Z,90226.77,-0.2027760172812587,4.212860108287786,0
511,2026-01-08T12:00:00.000Z,89989.21,-0.2632921471088845,80.96237996434293,0
512,2026-01-08T13:00:00.000Z,89962.14,-0.030081384201519068,-55.5425238281428,0
513,2026-01-08T14:00:00.000Z,90024.01,0.06877337511090875,244.72000849746522,0
514,2026-01-08T15:00:00.000Z,90781.57,0.8415088374757129,-6.156557662885486,0
515,2026-01-08T16:00:00.000Z,90926.84,0.1600214669122746,-40.08156500101623,0
516,2026-01-08T17:00:00.000Z,91366.39,0.4834106189107734,2.164972436445445,0
517,2026-01-08T18:00:00.000Z,91117.35,-0.272572879370625,-40.81431206097227,0
518,2026-01-08T19:00:00.000Z,90937.41,-0.197481599278293,-20.894042008928515,0
519,2026-01-08T20:00:00.000Z,90927.62,-0.010765646393495754,16.426845476889707,0
520,2026-01-08T21:00:00.000Z,91272.96,0.3797965898590716,32.19818574903823,0
521,2026-01-08T22:00:00.000Z,91231.9,-0.04498594107171794,-33.69942408947507,0
522,2026-01-08T23:00:00.000Z,91099.99,-0.14458758394814142,-44.00600250655909,0
523,2026-01-09T00:00:00.000Z,91290.33,0.20893525893910248,-23.288696969509104,0
524,2026-01-09T01:00:00.000Z,91056.19,-0.25647842438514257,204.09613381420976,0
525,2026-01-09T02:00:00.000Z,91038.38,-0.019559351209397224,-20.980758367668006,0
526,2026-01-09T03:00:00.000Z,91220.23,0.1997509182390944,-3.086855758763407,0
527,2026-01-09T04:00:00.000Z,91012.8,-0.22739473469864935,-22.842178908008858,0
528,2026-01-09T05:00:00.000Z,91091.82,0.08682295237594229,-9.351298811665343,0
529,2026-01-09T06:00:00.000Z,91137.58,0.05023502659184942,-28.305575066410583,0
530,2026-01-09T07:00:00.000Z,90741.84,-0.4342226335173782,219.55469226276546,0
531,2026-01-09T08:00:00.000Z,90033.52,-0.7805880947531985,70.56375591712857,0
532,2026-01-09T09:00:00.000Z,90338.46,0.33869607675007796,-55.560091240151664,0
533,2026-01-09T10:00:00.000Z,90485.87,0.1631752411984655,-21.806816871125136,0
534,2026-01-09T11:00:00.000Z,90463.11,-0.02515309848929448,36.241355909786364,0
535,2026-01-09T12:00:00.000Z,90449.23,-0.015343270864776049,27.6685956801185,0
536,2026-01-09T13:00:00.000Z,90607.66,0.17515903673255284,4.7107041408701145,0
537,2026-01-09T14:00:00.000Z,90150.0,-0.505100782869794,16.285750717413407,0
538,2026-01-09T15:00:00.000Z,91176.47,1.138624514697728,309.474239675243,1
539,2026-01-09T16:00:00.000Z,91623.89,0.490718712843341,-66.77031414175315,0
540,2026-01-09T17:00:00.000Z,91422.23,-0.2200954358082874,-39.75465920432322,0
541,2026-01-09T18:00:00.000Z,90820.31,-0.6583956659118928,-19.99547591860038,0
542,2026-01-09T19:00:00.000Z,90332.15,-0.5375009180215384,4.977746747379985,0
543,2026-01-09T20:00:00.000Z,90303.36,-0.031871266210303784,-45.847181276338354,0
544,2026-01-09T21:00:00.000Z,90541.97,0.26423158562427496,-33.91632708478846,0
545,2026-01-09T22:00:00.000Z,90630.08,0.09731398598904484,177.9611339554372,0
546,2026-01-09T23:00:00.000Z,90641.28,0.012357927963879689,-68.06542751518457,0
547,2026-01-10T00:00:00.000Z,90600.0,-0.045542163570500005,-17.724133825908883,0
548,2026-01-10T01:00:00.000Z,90688.0,0.0971302428256049,-25.150586753338743,0
549,2026-01-10T02:00:00.000Z,90697.17,0.010111591390260521,23.428187425640743,0
550,2026-01-10T03:00:00.000Z,90626.14,-0.07831556376014515,-10.601404976673667,0
551,2026-01-10T04:00:00.000Z,90448.3,-0.19623477288119862,32.014426738597514,0
552,2026-01-10T05:00:00.000Z,90603.52,0.17161184897891424,-48.80260131965625,0
553,2026-01-10T06:00:00.000Z,90505.47,-0.1082187535318746,-12.145328305699232,0
554,2026-01-10T07:00:00.000Z,90678.5,0.19118181475661356,126.788323549829,0
555,2026-01-10T08:00:00.000Z,90661.95,-0.018251294408266894,71.4435635486197,0
556,2026-01-10T09:00:00.000Z,90768.96,0.11803187555530226,-44.963229859866104,0
557,2026-01-10T10:00:00.000Z,90828.0,0.0650442618269409,-20.17598256860621,0
558,2026-01-10T11:00:00.000Z,90723.86,-0.11465627339586337,-41.828932153369976,0
559,2026-01-10T12:00:00.000Z,90733.71,0.010857121820007087,28.40608145638377,0
560,2026-01-10T13:00:00.000Z,90656.51,-0.08508414347877524,-12.289783304245116,0
561,2026-01-10T14:00:00.000Z,90591.01,-0.0722507407355577,73.93890466023068,0
562,2026-01-10T15:00:00.000Z,90665.75,0.0825026677591989,-35.911236130342296,0
563,2026-01-10T16:00:00.000Z,90676.66,0.012033209894579677,54.35448234250983,0
564,2026-01-10T17:00:00.000Z,90544.96,-0.14524134435476288,7.048257630798038,0
565,2026-01-10T18:00:00.000Z,90595.62,0.05595010478771645,3.7113228067019444,0
566,2026-01-10T19:00:00.000Z,90626.54,0.03412968529825644,-52.09998308939956,0
567,2026-01-10T20:00:00.000Z,90572.86,-0.05923209691112152,30.86881176710714,0
568,2026-01-10T21:00:00.000Z,90510.74,-0.06858566683219935,45.84353592481085,0
569,2026-01-10T22:00:00.000Z,90427.76,-0.09167972773177491,11.521120220831872,0
570,2026-01-10T23:00:00.000Z,90504.7,0.0850844917534177,-47.10014217230446,0
571,2026-01-11T00:00:00.000Z,90640.44,0.1499811611993751,33.7455660752584,0
572,2026-01-11T01:00:00.000Z,90628.23,-0.013470808394144829,-27.0137263954615,0
573,2026-01-11T02:00:00.000Z,90699.0,0.07808825130977137,47.43910157610429,0
574,2026-01-11T03:00:00.000Z,90733.5,0.03803790559984144,16.180630683996423,0
575,2026-01-11T04:00:00.000Z,90785.48,0.0572886530333383,-0.7862845751057335,0
576,2026-01-11T05:00:00.000Z,90774.43,-0.012171549899830936,-9.720645210090439,0
577,2026-01-11T06:00:00.000Z,90744.0,-0.03352265610480076,32.65198684652218,0
578,2026-01-11T07:00:00.000Z,90710.79,-0.03659746098916283,-36.99282746566941,0
579,2026-01-11T08:00:00.000Z,90790.01,0.08733249925394482,144.49286531282763,0
580,2026-01-11T09:00:00.000Z,90740.02,-0.05506112401573171,-30.890472442834394,0
581,2026-01-11T10:00:00.000Z,90736.67,-0.003691866058663784,-31.945769438281612,0
582,2026-01-11T11:00:00.000Z,90754.99,0.020190293516408886,4.589117567198886,0
583,2026-01-11T12:00:00.000Z,90938.13,0.20179606653034643,64.23714089713968,0
584,2026-01-11T13:00:00.000Z,90849.45,-0.09751685019254719,-27.157671240943294,0
585,2026-01-11T14:00:00.000Z,91127.16,0.30568154237589074,83.40090929674398,0
586,2026-01-11T15:00:00.000Z,90875.79,-0.2758453132962857,75.65793831696507,0
587,2026-01-11T16:00:00.000Z,91039.15,0.1797618485627428,-21.545704567147205,0
588,2026-01-11T17:00:00.000Z,90986.68,-0.05763454513799671,-39.6639437060004,0
589,2026-01-11T18:00:00.000Z,90886.68,-0.10990619725876893,-24.210184741494846,0
590,2026-01-11T19:00:00.000Z,90690.8,-0.2155211302690252,-10.501520947900678,0
591,2026-01-11T20:00:00.000Z,90708.26,0.01925222845093888,212.17930248309688,0
592,2026-01-11T21:00:00.000Z,90757.06,0.05379884918970124,-56.170239719068825,0
593,2026-01-11T22:00:00.000Z,90526.02,-0.25456972713747694,17.265236731745183,0
594,2026-01-11T23:00:00.000Z,91013.65,0.5386628065610299,172.17725078055474,0
595,2026-01-12T00:00:00.000Z,91258.65,0.2691903906721693,6.456075132501193,0
596,2026-01-12T01:00:00.000Z,91412.44,0.16852101143289833,31.482419486529032,0
597,2026-01-12T02:00:00.000Z,92203.56,0.8654401961045943,13.277402520722115,0
598,2026-01-12T03:00:00.000Z,91808.12,-0.42887714964585655,-12.155455155294703,0
599,2026-01-12T04:00:00.000Z,92175.78,0.400465666871308,-32.789374954920945,0
600,2026-01-12T05:00:00.000Z,92111.86,-0.06934576523246472,-57.826413678228974,0
601,2026-01-12T06:00:00.000Z,91836.34,-0.29911457655942275,1.8155365178576188,0
602,2026-01-12T07:00:00.000Z,91408.09,-0.46631867080069167,79.03079453449892,0
603,2026-01-12T08:00:00.000Z,90752.27,-0.717463848112343,159.44765200620304,0
604,2026-01-12T09:00:00.000Z,90685.64,-0.07341965110074788,-53.40655772247496,0
605,2026-01-12T10:00:00.000Z,90433.46,-0.2780815132362613,-33.96122701468991,0
606,2026-01-12T11:00:00.000Z,90620.96,0.20733476304013454,14.414816739310332,0
607,2026-01-12T12:00:00.000Z,90789.37,0.18584000875734308,-46.46344007271808,0
608,2026-01-12T13:00:00.000Z,90636.01,-0.168918453779332,33.82061940958969,0
609,2026-01-12T14:00:00.000Z,90908.95,0.30113858719067466,296.8497328852688,0
610,2026-01-12T15:00:00.000Z,91665.0,0.8316562890672508,-20.66549045504259,0
611,2026-01-12T16:00:00.000Z,92123.52,0.5002127311405813,52.99386558060595,0
612,2026-01-12T17:00:00.000Z,91522.83,-0.6520484671015625,-23.422765780820797,0
613,2026-01-12T18:00:00.000Z,91691.8,0.1846206023131014,-58.17197692815868,0
614,2026-01-12T19:00:00.000Z,91861.27,0.18482568779323305,-33.14205619771927,0
615,2026-01-12T20:00:00.000Z,91484.86,-0.40975919448968945,10.669765668375074,0
616,2026-01-12T21:00:00.000Z,91055.17,-0.4696842734415285,6.650694999598006,0
617,2026-01-12T22:00:00.000Z,91244.99,0.20846702059862388,-21.31401077315369,0
618,2026-01-12T23:00:00.000Z,91296.2,0.05612362936309179,-0.1352494640521007,0
619,2026-01-13T00:00:00.000Z,91482.74,0.2043239477656389,6.739287485871293,0
620,2026-01-13T01:00:00.000Z,91185.35,-0.3250777141130645,32.17390249111991,0
621,2026-01-13T02:00:00.000Z,91118.3,-0.07353154865338274,-38.5030280249189,0
622,2026-01-13T03:00:00.000Z,91408.91,0.31893703021237396,-2.9899669467668866,0
623,2026-01-13T04:00:00.000Z,91515.16,0.1162359336742913,3.205152090618424,0
624,2026-01-13T05:00:00.000Z,91920.99,0.4434565814013691,264.0752809064284,0
625,2026-01-13T06:00:00.000Z,92184.36,0.28651780186439435,-39.42037454312035,0
626,2026-01-13T07:00:00.000Z,91942.0,-0.2629079379625754,17.328931455180154,0
627,2026-01-13T08:00:00.000Z,92165.9,0.24352309064410438,-24.919435728623917,0
628,2026-01-13T09:00:00.000Z,92269.42,0.11231919831522497,129.79362704964132,0
629,2026-01-13T10:00:00.000Z,92128.62,-0.152596602427979,-67.52445686997967,0
630,2026-01-13T11:00:00.000Z,92000.74,-0.1388059432562705,2.8144999212320387,0
631,2026-01-13T12:00:00.000Z,92109.35,0.11805339826613803,-30.775526714528855,0
632,2026-01-13T13:00:00.000Z,92076.12,-0.03607668494024496,375.5728248167693,0
633,2026-01-13T14:00:00.000Z,92462.03,0.419120614552404,-3.4732301268588506,0
634,2026-01-13T15:00:00.000Z,93449.99,1.0685034711005237,10.865501030964397,0
635,2026-01-13T16:00:00.000Z,93389.63,-0.06459069712045906,34.28895363434559,0
636,2026-01-13T17:00:00.000Z,93241.99,-0.1580903575696735,-58.54630691801523,0
637,2026-01-13T18:00:00.000Z,93633.71,0.4201111537838198,19.44886725482682,0
638,2026-01-13T19:00:00.000Z,94226.84,0.6334577578950951,14.165164413930853,0
639,2026-01-13T20:00:00.000Z,94408.7,0.19300233351771112,47.79705947009227,0
640,2026-01-13T21:00:00.000Z,94087.23,-0.34050887259331475,-26.838604770390408,0
641,2026-01-13T22:00:00.000Z,95757.21,1.7749273732471593,194.1222209566899,1
642,2026-01-13T23:00:00.000Z,95414.0,-0.3584168753454797,-63.06128806373468,0
643,2026-01-14T00:00:00.000Z,95236.84,-0.18567505816756702,-48.025282441015506,0
644,2026-01-14T01:00:00.000Z,95245.6,0.009198121231257517,13.015309119766115,0
645,2026-01-14T02:00:00.000Z,95347.46,0.10694457276767544,-21.424408168448338,0
646,2026-01-14T03:00:00.000Z,95720.99,0.39175663410435657,-35.19366690846657,0
647,2026-01-14T04:00:00.000Z,95245.16,-0.4971010015671573,20.69841225731168,0
648,2026-01-14T05:00:00.000Z,95005.0,-0.25214929556526267,45.44006968305847,0
649,2026-01-14T06:00:00.000Z,95028.87,0.02512499342139929,28.33408697177817,0
650,2026-01-14T07:00:00.000Z,95205.1,0.18544890621134957,2.9098648106626657,0
651,2026-01-14T08:00:00.000Z,94900.01,-0.3204555218155436,-56.98047971139661,0
652,2026-01-14T09:00:00.000Z,95088.24,0.19834560607527862,23.036926482521647,0
653,2026-01-14T10:00:00.000Z,95091.75,0.003691308199615939,12.470628470403899,0
654,2026-01-14T11:00:00.000Z,94792.99,-0.31418077803804234,-27.61122230160602,0
655,2026-01-14T12:00:00.000Z,95077.56,0.3002015233404931,11.358073259470958,0
656,2026-01-14T13:00:00.000Z,94998.19,-0.08347921423309534,7.052766528104537,0
657,2026-01-14T14:00:00.000Z,96493.15,1.5736720878576582,416.8969813352493,1
658,2026-01-14T15:00:00.000Z,96764.57,0.28128421551167904,19.436768868945144,0
659,2026-01-14T16:00:00.000Z,97293.24,0.546346663866748,-12.682867804455588,0
660,2026-01-14T17:00:00.000Z,96956.07,-0.346550284480196,-17.62693489791034,0
661,2026-01-14T18:00:00.000Z,96806.55,-0.15421417142836846,-42.94770948727583,0
662,2026-01-14T19:00:00.000Z,97267.42,0.47607315827284946,-7.599812482892931,0
663,2026-01-14T20:00:00.000Z,97655.28,0.3987563358830659,8.828705590215069,0
664,2026-01-14T21:00:00.000Z,97564.0,-0.09347164843518385,-57.25278161266591,0
665,2026-01-14T22:00:00.000Z,96878.34,-0.7027797138288716,109.97269431562349,0
666,2026-01-14T23:00:00.000Z,96951.78,0.07580641864837201,-57.911778606041075,0
667,2026-01-15T00:00:00.000Z,96658.03,-0.3029856697834732,82.62537452520266,0
668,2026-01-15T01:00:00.000Z,96445.31,-0.22007483496198077,-12.167791365348968,0
669,2026-01-15T02:00:00.000Z,96339.91,-0.10928473349299805,-24.378539718380487,0
670,2026-01-15T03:00:00.000Z,95985.1,-0.36828973579069446,49.26185997036099,0
671,2026-01-15T04:00:00.000Z,96316.27,0.3450223003361952,-38.887424883578944,0
672,2026-01-15T05:00:00.000Z,96429.71,0.11777864736663979,-13.241357926119314,0
673,2026-01-15T06:00:00.000Z,96243.78,-0.1928140196626238,12.848793048824314,0
674,2026-01-15T07:00:00.000Z,96630.48,0.4017921989348361,43.40284797289431,0
675,2026-01-15T08:00:00.000Z,96643.0,0.012956574364531015,11.969265983097955,0
676,2026-01-15T09:00:00.000Z,97040.75,0.4115662800202813,35.40891696542079,0
677,2026-01-15T10:00:00.000Z,96818.68,-0.22884200709496483,-59.7100854409098,0
678,2026-01-15T11:00:00.000Z,96581.08,-0.24540718795174055,41.76455155606935,0
679,2026-01-15T12:00:00.000Z,96981.65,0.41474996966279765,-43.439662910392705,0
680,2026-01-15T13:00:00.000Z,96846.75,-0.13909847893904814,49.35299480603099,0
681,2026-01-15T14:00:00.000Z,96063.43,-0.8088242506847254,227.87855541238727,0
682,2026-01-15T15:00:00.000Z,96737.04,0.7012137709428101,44.83840685923253,0
683,2026-01-15T16:00:00.000Z,96738.51,0.0015195833984682494,-16.37643273362539,0
684,2026-01-15T17:00:00.000Z,96636.35,-0.10560427279683315,21.535724640294895,0
685,2026-01-15T18:00:00.000Z,95835.0,-0.8292428263277807,-11.703893944024301,0
686,2026-01-15T19:00:00.000Z,95516.01,-0.33285334168101643,-34.81330018724137,0
687,2026-01-15T20:00:00.000Z,95260.67,-0.2673269120014532,-62.0095423850868,0
688,2026-01-15T21:00:00.000Z,95584.35,0.3397834594277116,-43.241500301562,0
689,2026-01-15T22:00:00.000Z,95583.87,-5.021742576216681E-4,-9.600647016800568,0
690,2026-01-15T23:00:00.000Z,95604.8,0.021896999985471233,2.723633161129002,0
691,2026-01-16T00:00:00.000Z,95633.5,0.03001941325122548,-25.058226309210006,0
692,2026-01-16T01:00:00.000Z,95664.18,0.03208080850329864,93.87757368268461,0
693,2026-01-16T02:00:00.000Z,95504.4,-0.1670217630047044,-4.299451433697088,0
694,2026-01-16T03:00:00.000Z,95354.69,-0.15675717558562008,-44.27441633728413,0
695,2026-01-16T04:00:00.000Z,95261.29,-0.09795008509807523,227.29233641651354,0
696,2026-01-16T05:00:00.000Z,95660.37,0.4189319712130768,6.542779462744197,0
697,2026-01-16T06:00:00.000Z,95741.21,0.08450730433093856,-40.604334984050574,0
698,2026-01-16T07:00:00.000Z,95653.16,-0.0919666672272057,-8.982454411068808,0
699,2026-01-16T08:00:00.000Z,95676.0,0.023877935658367377,47.32093267412658,0
700,2026-01-16T09:00:00.000Z,95613.53,-0.06529328149170732,-70.1933688656802,0
701,2026-01-16T10:00:00.000Z,95307.35,-0.3202266457477232,203.84823429977072,0
702,2026-01-16T11:00:00.000Z,95429.09,0.12773411494495512,-43.61121413806466,0
703,2026-01-16T12:00:00.000Z,95458.55,0.03087108972745778,-4.619662315459805,0
704,2026-01-16T13:00:00.000Z,95448.87,-0.010140526961710528,-4.06349411705863,0
705,2026-01-16T14:00:00.000Z,95192.36,-0.26874074046134844,124.81897726607909,0
706,2026-01-16T15:00:00.000Z,94585.98,-0.6370049024942759,191.54216790495653,0
707,2026-01-16T16:00:00.000Z,94872.55,0.30297301989152814,-55.464712223061916,0
708,2026-01-16T17:00:00.000Z,95076.08,0.2145299140794643,-36.73826878639041,0
709,2026-01-16T18:00:00.000Z,95001.19,-0.07876849781774942,-31.120178136941234,0
710,2026-01-16T19:00:00.000Z,95002.09,9.473565541595619E-4,-50.05416061067223,0
711,2026-01-16T20:00:00.000Z,95553.6,0.5805240705757164,134.97035826194988,0
712,2026-01-16T21:00:00.000Z,95523.52,-0.03147971400344618,-17.772843558313934,0
713,2026-01-16T22:00:00.000Z,95514.0,-0.009966131901339992,-17.012049105372007,0
714,2026-01-16T23:00:00.000Z,95550.94,0.03867495864480208,-49.343986976452534,0
715,2026-01-17T00:00:00.000Z,95465.97,-0.08892638837462163,-9.95500733421455,0
716,2026-01-17T01:00:00.000Z,95399.93,-0.06917648246805852,-19.25679118580792,0
717,2026-01-17T02:00:00.000Z,95371.35,-0.02995809326064025,48.78096126294733,0
718,2026-01-17T03:00:00.000Z,95372.95,0.0016776526703177197,-14.617799581019163,0
719,2026-01-17T04:00:00.000Z,95303.64,-0.07267259741886578,-0.6987944348309405,0
720,2026-01-17T05:00:00.000Z,95323.67,0.021017035655712668,-20.960757588394696,0
721,2026-01-17T06:00:00.000Z,95240.07,-0.08770119740457716,20.919996294650687,0
722,2026-01-17T07:00:00.000Z,95101.67,-0.1453169868522841,56.9899570250469,0
723,2026-01-17T08:00:00.000Z,95247.51,0.15335167090124724,-16.645866423573487,0
724,2026-01-17T09:00:00.000Z,95260.65,0.013795636232383224,-36.62518855368706,0
725,2026-01-17T10:00:00.000Z,95116.48,-0.15134265827495552,22.0548693284343,0
726,2026-01-17T11:00:00.000Z,95323.86,0.21802741228440503,71.99692394021724,0
727,2026-01-17T12:00:00.000Z,95251.15,-0.07627681044389822,-1.4742740110365027,0
728,2026-01-17T13:00:00.000Z,95438.32,0.19650156454804613,5.66385021605238,0
729,2026-01-17T14:00:00.000Z,95471.18,0.03443061445338458,13.926493871212053,0
730,2026-01-17T15:00:00.000Z,95573.64,0.10732034526022005,188.16173576615478,0
731,2026-01-17T16:00:00.000Z,95315.23,-0.27037789917806476,-55.79079348202774,0
732,2026-01-17T17:00:00.000Z,95357.24,0.04407480315580248,-57.297510050386876,0
733,2026-01-17T18:00:00.000Z,95428.25,0.07446733986846699,-28.82166270433958,0
734,2026-01-17T19:00:00.000Z,95291.38,-0.14342712980693895,-36.21649372732131,0
735,2026-01-17T20:00:00.000Z,95378.18,0.09108903659489354,1.7964474438704858,0
736,2026-01-17T21:00:00.000Z,95302.94,-0.07888596741937315,74.71922913608647,0
737,2026-01-17T22:00:00.000Z,95170.97,-0.1384742170598363,83.46375687327306,0
738,2026-01-17T23:00:00.000Z,95147.77,-0.024377181403112402,-47.17564944447379,0
739,2026-01-18T00:00:00.000Z,95112.47,-0.03710018637326229,62.01474601263812,0
740,2026-01-18T01:00:00.000Z,94966.9,-0.15305038340399646,36.13640541525294,0
741,2026-01-18T02:00:00.000Z,95022.01,0.058030745449211274,-39.08574893894981,0
742,2026-01-18T03:00:00.000Z,95200.29,0.18761968937512918,0.9196642613162886,0
743,2026-01-18T04:00:00.000Z,95095.68,-0.10988411905047402,-39.344035255820685,0
744,2026-01-18T05:00:00.000Z,95188.55,0.09765953616400758,94.16399469048929,0
745,2026-01-18T06:00:00.000Z,95171.43,-0.017985356432059785,-17.98248022605882,0
746,2026-01-18T07:00:00.000Z,95028.27,-0.1504232940494732,102.62122283240905,0
747,2026-01-18T08:00:00.000Z,95183.93,0.1638038869906655,-57.38534522881302,0
748,2026-01-18T09:00:00.000Z,95275.73,0.09644485156266036,149.90177861216077,0
749,2026-01-18T10:00:00.000Z,95180.66,-0.0997840688284346,10.233676576713457,0
750,2026-01-18T11:00:00.000Z,95168.06,-0.013237983430669509,-48.14175567893586,0
751,2026-01-18T12:00:00.000Z,95113.25,-0.057592852055610155,-31.150525670298745,0
752,2026-01-18T13:00:00.000Z,95146.82,0.03529476702772705,167.11885648973515,0
753,2026-01-18T14:00:00.000Z,94955.79,-0.20077391971693448,61.53944934198861,0
754,2026-01-18T15:00:00.000Z,95119.28,0.17217486158558337,-63.11794043706337,0
755,2026-01-18T16:00:00.000Z,95169.35,0.05263917052358291,-45.81882323999329,0
756,2026-01-18T17:00:00.000Z,95274.36,0.1103401462760889,39.57752511034738,0
757,2026-01-18T18:00:00.000Z,95439.6,0.17343595905552345,175.35625088093065,0
758,2026-01-18T19:00:00.000Z,95380.99,-0.06141056752123619,-36.11171075755908,0
759,2026-01-18T20:00:00.000Z,95304.01,-0.08070790626100166,-70.06426421478196,0
760,2026-01-18T21:00:00.000Z,95430.44,0.13265968556832597,4.640977408380809,0
761,2026-01-18T22:00:00.000Z,95498.61,0.07143423000040006,292.5090811488097,0
762,2026-01-18T23:00:00.000Z,93673.14,-1.9115147330416637,503.44753709511343,1
763,2026-01-19T00:00:00.000Z,92711.02,-1.0271033937796825,118.65475569224829,1
764,2026-01-19T01:00:00.000Z,92586.65,-0.13414802253282065,-78.42472413123178,0
765,2026-01-19T02:00:00.000Z,92566.8,-0.021439375979137587,-50.32856304491467,0
766,2026-01-19T03:00:00.000Z,92690.09,0.13319030149037125,22.97732813158373,0
767,2026-01-19T04:00:00.000Z,92665.0,-0.0270686974195411,-9.03591499431876,0
768,2026-01-19T05:00:00.000Z,92511.77,-0.16535908919225184,-29.294155621802144,0
769,2026-01-19T06:00:00.000Z,92583.27,0.07728746298985012,19.328228868578634,0
770,2026-01-19T07:00:00.000Z,92841.62,0.2790460954770646,-1.3597962553709486,0
771,2026-01-19T08:00:00.000Z,93259.09,0.44965824594616066,105.49230861562866,0
772,2026-01-19T09:00:00.000Z,93060.06,-0.21341619353137942,-45.14312060325234,0
773,2026-01-19T10:00:00.000Z,93064.88,0.0051794507762048525,-44.55963222839492,0
774,2026-01-19T11:00:00.000Z,93191.96,0.13654989938203244,15.986361260960734,0
775,2026-01-19T12:00:00.000Z,93070.6,-0.1302258263481071,92.19847610555976,0
776,2026-01-19T13:00:00.000Z,93031.86,-0.04162431530473354,-44.29736586687856,0
777,2026-01-19T14:00:00.000Z,92812.43,-0.23586543362672518,27.84117363959624,0
778,2026-01-19T15:00:00.000Z,93068.62,0.27602983781376267,11.79891501440733,0
779,2026-01-19T16:00:00.000Z,93301.86,0.2506107858911033,-18.664294302494678,0
780,2026-01-19T17:00:00.000Z,93242.99,-0.0630962769659682,-5.894594360883188,0
781,2026-01-19T18:00:00.000Z,93065.84,-0.1899874725167061,-34.06417651242239,0
782,2026-01-19T19:00:00.000Z,93105.85,0.04299106954819276,-23.74886200807216,0
783,2026-01-19T20:00:00.000Z,93141.94,0.03876233340869284,-0.7248354952307468,0
784,2026-01-19T21:00:00.000Z,93003.42,-0.14871925579390544,34.81751569223579,0
785,2026-01-19T22:00:00.000Z,92565.78,-0.47056334057392624,55.42724352626254,0
786,2026-01-19T23:00:00.000Z,92631.0,0.0704580029466717,110.58924288160021,0
787,2026-01-20T00:00:00.000Z,92717.9,0.09381308633178431,-58.7365439638028,0
788,2026-01-20T01:00:00.000Z,92716.48,-0.0015315273534044493,-22.552451366319048,0
789,2026-01-20T02:00:00.000Z,92552.16,-0.17722847114125528,40.785917672907466,0
790,2026-01-20T03:00:00.000Z,92434.92,-0.12667451521390927,-7.1381336055647555,0
791,2026-01-20T04:00:00.000Z,92062.61,-0.4027806807210932,10.601409207253454,0
792,2026-01-20T05:00:00.000Z,91624.18,-0.47623025243365147,324.8389236078111,0
793,2026-01-20T06:00:00.000Z,90929.98,-0.7576602595515736,18.409854885784082,0
794,2026-01-20T07:00:00.000Z,91177.98,0.2727373304162173,-50.457668356717456,0
795,2026-01-20T08:00:00.000Z,91116.0,-0.06797693916885672,19.484079791898125,0
796,2026-01-20T09:00:00.000Z,91036.25,-0.08752579129900351,-64.75789597032285,0
797,2026-01-20T10:00:00.000Z,91269.58,0.2563044940888881,8.693529557286261,0
798,2026-01-20T11:00:00.000Z,91218.99,-0.05542920215036995,-10.10090715854447,0
799,2026-01-20T12:00:00.000Z,91280.31,0.06722284471687434,41.69469391167189,0
800,2026-01-20T13:00:00.000Z,90958.88,-0.3521350880600571,36.67129442811723,0
801,2026-01-20T14:00:00.000Z,90531.15,-0.4702454559686875,150.31078259424876,0
802,2026-01-20T15:00:00.000Z,90684.95,0.16988627671248313,9.306111966771224,0
803,2026-01-20T16:00:00.000Z,90165.51,-0.5727962578134571,-54.7206904825535,0
804,2026-01-20T17:00:00.000Z,89775.46,-0.4325933497187462,73.4065566232618,0
805,2026-01-20T18:00:00.000Z,89501.0,-0.30571828871721607,-42.98407410966312,0
806,2026-01-20T19:00:00.000Z,89725.76,0.2511256857465227,-11.740405071660287,0
807,2026-01-20T20:00:00.000Z,89733.99,0.009172393747358676,-5.929510926121296,0
808,2026-01-20T21:00:00.000Z,89476.01,-0.28749418141331695,-39.380114821880206,0
809,2026-01-20T22:00:00.000Z,88509.18,-1.0805466180264456,369.9823315983625,0
810,2026-01-20T23:00:00.000Z,88427.66,-0.09210344056965747,-32.32560272773139,0
811,2026-01-21T00:00:00.000Z,88936.01,0.5748766845125042,-25.701734203014283,0
812,2026-01-21T01:00:00.000Z,89020.91,0.09546189445648334,-52.31204461176401,0
813,2026-01-21T02:00:00.000Z,89048.57,0.03107135166333652,76.24032659194874,0
814,2026-01-21T03:00:00.000Z,89432.33,0.4309558255680024,-38.91592536247301,0
815,2026-01-21T04:00:00.000Z,89448.89,0.018516793647216367,-44.4485206877942,0
816,2026-01-21T05:00:00.000Z,89950.04,0.5602640792971236,84.68411766100623,0
817,2026-01-21T06:00:00.000Z,89649.62,-0.3339853990059316,-33.46251008413876,0
818,2026-01-21T07:00:00.000Z,89213.95,-0.4859697118626882,123.776986475076,0
819,2026-01-21T08:00:00.000Z,89197.35,-0.01860695552656777,-12.427598921427652,0
820,2026-01-21T09:00:00.000Z,89112.3,-0.09535036635057725,-57.421234544026966,0
821,2026-01-21T10:00:00.000Z,89248.99,0.15339072159510359,6.646286656614708,0
822,2026-01-21T11:00:00.000Z,88789.99,-0.5142915342795429,98.4189723801645,0
823,2026-01-21T12:00:00.000Z,88736.31,-0.060457265509328284,95.13141089503941,0
824,2026-01-21T13:00:00.000Z,88672.64,-0.07175191305566209,-42.121998319016484,0
825,2026-01-21T14:00:00.000Z,89805.43,1.2774966438351187,117.81550348147829,0
826,2026-01-21T15:00:00.000Z,90288.04,0.5373951218762718,-32.97422386456969,0
827,2026-01-21T16:00:00.000Z,87602.4,-2.97452464357405,93.2422892494962,1
828,2026-01-21T17:00:00.000Z,87932.38,0.37667917773942516,-12.420960681222082,0
829,2026-01-21T18:00:00.000Z,88485.43,0.6289491993734186,-59.11140611165404,0
830,2026-01-21T19:00:00.000Z,90355.56,2.1134891925145283,140.496295052039,1
831,2026-01-21T20:00:00.000Z,90214.01,-0.15665887079887586,-38.509557071863455,0
832,2026-01-21T21:00:00.000Z,90249.18,0.03898507559967346,-61.00334523061377,0
833,2026-01-21T22:00:00.000Z,89763.51,-0.5381433936574198,-3.367141588002054,0
834,2026-01-21T23:00:00.000Z,89454.73,-0.3439927872695647,26.65304765448124,0
835,2026-01-22T00:00:00.000Z,89908.49,0.507250986057417,-24.865042629452162,0
836,2026-01-22T01:00:00.000Z,90113.19,0.22767594028105798,-13.417328467199575,0
837,2026-01-22T02:00:00.000Z,89938.3,-0.19407813661906914,27.90054378599496,0
838,2026-01-22T03:00:00.000Z,89899.51,-0.043129567714761397,-10.733527570333711,0
839,2026-01-22T04:00:00.000Z,89998.91,0.11056789964707381,-16.08694178358123,0
840,2026-01-22T05:00:00.000Z,90026.3,0.03043370191928574,-38.34918370441144,0
841,2026-01-22T06:00:00.000Z,90172.11,0.1619637816949071,35.96430674379392,0
842,2026-01-22T07:00:00.000Z,89818.79,-0.39182847113149455,49.92072164282006,0
843,2026-01-22T08:00:00.000Z,89920.16,0.11286057182469111,-41.23111770843344,0
844,2026-01-22T09:00:00.000Z,90033.02,0.1255113425065124,-2.531064309817743,0
845,2026-01-22T10:00:00.000Z,90078.77,0.05081468998817673,30.740276701403335,0
846,2026-01-22T11:00:00.000Z,89941.26,-0.15265528159410513,10.879832944234714,0
847,2026-01-22T12:00:00.000Z,90021.09,0.0887579293418872,-26.615365815276494,0
848,2026-01-22T13:00:00.000Z,89619.81,-0.44576220972218916,219.8574733430898,0
849,2026-01-22T14:00:00.000Z,89088.59,-0.5927484113166459,41.33067182455405,0
850,2026-01-22T15:00:00.000Z,89000.01,-0.09942911881308802,17.382864306180235,0
851,2026-01-22T16:00:00.000Z,89054.06,0.06073033025502106,-38.225258453796954,0
852,2026-01-22T17:00:00.000Z,89550.01,0.5569089157754226,-34.641040457956265,0
853,2026-01-22T18:00:00.000Z,89333.94,-0.24128417182754935,-14.791524137806988,0
854,2026-01-22T19:00:00.000Z,89777.9,0.49696677433010983,7.154873528490402,0
855,2026-01-22T20:00:00.000Z,89409.72,-0.41010092684279353,-30.832491756954063,0
856,2026-01-22T21:00:00.000Z,89268.66,-0.15776808159112532,-19.493412892513707,0
857,2026-01-22T22:00:00.000Z,89346.99,0.08774636025679072,8.140203499496845,0
858,2026-01-22T23:00:00.000Z,89559.67,0.23803823721424422,-31.906237503506986,0
859,2026-01-23T00:00:00.000Z,89520.01,-0.044283325295868536,12.413107001393865,0
860,2026-01-23T01:00:00.000Z,89939.38,0.4684650951223279,24.700716475309427,0
861,2026-01-23T02:00:00.000Z,89663.48,-0.30676217692406915,33.42439699137974,0
862,2026-01-23T03:00:00.000Z,89924.78,0.29142299629683066,-30.504672131991896,0
863,2026-01-23T04:00:00.000Z,89965.42,0.045193327134085415,65.05115895909171,0
864,2026-01-23T05:00:00.000Z,89616.03,-0.3883603277792691,-16.252414035438346,0
865,2026-01-23T06:00:00.000Z,89509.59,-0.11877339355470529,24.73876747671642,0
866,2026-01-23T07:00:00.000Z,89549.45,0.04453154125720893,8.346891839121607,0
867,2026-01-23T08:00:00.000Z,89221.46,-0.36626690616189395,11.573976506027472,0
868,2026-01-23T09:00:00.000Z,88977.72,-0.2731853973248155,16.202865262727983,0
869,2026-01-23T10:00:00.000Z,89046.49,0.07728901122663334,-47.10858130059522,0
870,2026-01-23T11:00:00.000Z,89202.48,0.1751781569380162,44.00794551537259,0
871,2026-01-23T12:00:00.000Z,89267.83,0.07326029500525078,-54.38297416117139,0
872,2026-01-23T13:00:00.000Z,89350.81,0.09295621950258237,35.51987323453023,0
873,2026-01-23T14:00:00.000Z,89017.85,-0.37264351604645585,316.6959438560386,0
874,2026-01-23T15:00:00.000Z,89761.61,0.8355178203023339,-13.063092534812903,0
875,2026-01-23T16:00:00.000Z,90124.85,0.4046718858986553,17.432423807059383,0
876,2026-01-23T17:00:00.000Z,90600.0,0.5272130827402188,6.305493000983198,0
877,2026-01-23T18:00:00.000Z,90530.45,-0.07676600441501868,-48.13195964777381,0
878,2026-01-23T19:00:00.000Z,89982.79,-0.6049456287911981,60.21073022172276,0
879,2026-01-23T20:00:00.000Z,89503.68,-0.5324462600014956,-17.986739767866165,0
880,2026-01-23T21:00:00.000Z,89349.99,-0.1717136099878669,-66.39119844725965,0
881,2026-01-23T22:00:00.000Z,89624.61,0.30735314016263615,31.69466967495156,0
882,2026-01-23T23:00:00.000Z,89600.26,-0.02716887694128589,-62.6105718329231,0
883,2026-01-24T00:00:00.000Z,89452.83,-0.1645419332488518,-13.884338518089356,0
884,2026-01-24T01:00:00.000Z,89550.24,0.10889538095106843,-9.131776954592564,0
885,2026-01-24T02:00:00.000Z,89702.85,0.17041830373654143,20.314983951671174,0
886,2026-01-24T03:00:00.000Z,89770.02,0.07488056399544973,157.6156892793011,0
887,2026-01-24T04:00:00.000Z,89829.35,0.06609110703106325,-54.39578212236435,0
888,2026-01-24T05:00:00.000Z,89775.2,-0.06028096607624267,-33.31170066579088,0
889,2026-01-24T06:00:00.000Z,89649.32,-0.14021689731684717,275.12218879192653,0
890,2026-01-24T07:00:00.000Z,89620.1,-0.032593666075775296,-39.3934002357606,0
891,2026-01-24T08:00:00.000Z,89660.88,0.04550318511138407,-25.28619838096119,0
892,2026-01-24T09:00:00.000Z,89600.0,-0.06790029274752474,-33.46325197175754,0
893,2026-01-24T10:00:00.000Z,89626.8,0.029910714285708018,-34.77082238629302,0
894,2026-01-24T11:00:00.000Z,89595.4,-0.03503416388849212,38.15745852406729,0
895,2026-01-24T12:00:00.000Z,89537.82,-0.06426669226320403,56.942383556844,0
896,2026-01-24T13:00:00.000Z,89368.22,-0.1894171647243703,-12.490014683754803,0
897,2026-01-24T14:00:00.000Z,89450.03,0.09154260877075604,121.21247740236836,0
898,2026-01-24T15:00:00.000Z,89275.77,-0.19481267921318546,-3.5159760738227464,0
899,2026-01-24T16:00:00.000Z,89290.01,0.01595057651140319,-29.72180831011533,0
900,2026-01-24T17:00:00.000Z,89406.5,0.1304625231870915,-42.50663095838093,0
901,2026-01-24T18:00:00.000Z,89395.23,-0.012605347485927787,-37.544781835800734,0
902,2026-01-24T19:00:00.000Z,89331.36,-0.07144676511262604,24.967415848414774,0
903,2026-01-24T20:00:00.000Z,89380.01,0.054460158224389765,-55.9781285528682,0
904,2026-01-24T21:00:00.000Z,89386.61,0.007384201456228645,114.28181315801149,0
905,2026-01-24T22:00:00.000Z,89430.0,0.048541946047619966,37.72578992679889,0
906,2026-01-24T23:00:00.000Z,89225.34,-0.22884937940288452,0.03186776170531758,0
907,2026-01-25T00:00:00.000Z,89315.18,0.10068888501852946,-11.26063996371136,0
908,2026-01-25T01:00:00.000Z,89176.31,-0.1554830880932001,48.53683453607643,0
909,2026-01-25T02:00:00.000Z,89139.04,-0.041793610881635246,-3.33726800421863,0
910,2026-01-25T03:00:00.000Z,88960.35,-0.2004621095313408,170.73239494682068,0
911,2026-01-25T04:00:00.000Z,89006.96,0.05239412839539437,-26.010225231028695,0
912,2026-01-25T05:00:00.000Z,88990.9,-0.018043532775424698,-41.41857724334338,0
913,2026-01-25T06:00:00.000Z,88831.36,-0.1792767575111487,176.85749559542415,0
914,2026-01-25T07:00:00.000Z,88659.99,-0.19291610530334236,-57.209273595166366,0
915,2026-01-25T08:00:00.000Z,88300.01,-0.40602305504434666,90.24686205789232,0
916,2026-01-25T09:00:00.000Z,88398.38,0.11140429089420145,-37.523095832760454,0
917,2026-01-25T10:00:00.000Z,88659.51,0.29540134106529337,22.864900936653655,0
918,2026-01-25T11:00:00.000Z,88570.17,-0.10076753187560072,-51.591960065481345,0
919,2026-01-25T12:00:00.000Z,88791.99,0.2504454942335643,91.72809457661002,0
920,2026-01-25T13:00:00.000Z,88921.0,0.14529463750052596,-15.508483746170187,0
921,2026-01-25T14:00:00.000Z,88710.1,-0.2371768198738189,5.58014457311371,0
922,2026-01-25T15:00:00.000Z,88446.5,-0.29714767540562903,26.210150245515518,0
923,2026-01-25T16:00:00.000Z,88077.26,-0.4174727094910513,407.0798835915405,1
924,2026-01-25T17:00:00.000Z,87892.17,-0.21014504765475284,-75.12386066499963,0
925,2026-01-25T18:00:00.000Z,87420.01,-0.5372037122305717,305.13107812576294,0
926,2026-01-25T19:00:00.000Z,86495.16,-1.0579385657814355,1.666445253677895,0
927,2026-01-25T20:00:00.000Z,86654.61,0.18434557494315662,-60.85559437707677,0
928,2026-01-25T21:00:00.000Z,86568.5,-0.09937151641441488,-11.576737644067991,0
929,2026-01-25T22:00:00.000Z,86521.39,-0.05441933266719934,27.470857388161264,0
930,2026-01-25T23:00:00.000Z,86670.36,0.17217707667434023,32.9535515311201,0
931,2026-01-26T00:00:00.000Z,86854.86,0.212875543611446,-30.205068359824427,0
932,2026-01-26T01:00:00.000Z,87698.73,0.9715863913660083,41.861790769836496,0
933,2026-01-26T02:00:00.000Z,87563.38,-0.15433518820624492,-9.164908563899022,0
934,2026-01-26T03:00:00.000Z,87282.05,-0.32128727785519784,6.69738793775001,0
935,2026-01-26T04:00:00.000Z,87737.06,0.5213099371520258,2.384723389361687,0
936,2026-01-26T05:00:00.000Z,87826.01,0.10138247167159609,-31.038771867226323,0
937,2026-01-26T06:00:00.000Z,87937.44,0.12687585374766552,19.67082731883698,0
938,2026-01-26T07:00:00.000Z,88000.64,0.07186927433866508,-16.078540869667414,0
939,2026-01-26T08:00:00.000Z,87975.39,-0.02869297314200825,2.8809299016300915,0
940,2026-01-26T09:00:00.000Z,87663.12,-0.35495153815174874,-31.277383642214517,0
941,2026-01-26T10:00:00.000Z,87897.55,0.2674214652638396,-55.367548147956455,0
942,2026-01-26T11:00:00.000Z,87855.0,-0.04840863027467668,0.6502068406924577,0
943,2026-01-26T12:00:00.000Z,87799.45,-0.06322918445165193,18.355715792557948,0
944,2026-01-26T13:00:00.000Z,87960.01,0.1828713050024744,92.66656306274695,0
945,2026-01-26T14:00:00.000Z,88178.1,0.2479422182876112,227.4924720577911,0
946,2026-01-26T15:00:00.000Z,87641.41,-0.6086431891819011,-2.922856262040119,0
947,2026-01-26T16:00:00.000Z,87606.99,-0.03927367211458144,-61.18407281000109,0
948,2026-01-26T17:00:00.000Z,87700.62,0.10687503360176098,-15.455476083888165,0
949,2026-01-26T18:00:00.000Z,88403.72,0.8017047085870255,-5.131062483554604,0
950,2026-01-26T19:00:00.000Z,88013.19,-0.44175742830731,-6.3297732380371174,0
951,2026-01-26T20:00:00.000Z,87629.22,-0.43626415540670704,-16.86547349172023,0
952,2026-01-26T21:00:00.000Z,88064.69,0.49694610998478606,-8.414267683655495,0
953,2026-01-26T22:00:00.000Z,88140.01,0.08552803626515892,-17.319660281498173,0
954,2026-01-26T23:00:00.000Z,88347.08,0.23493303438473223,42.77420484803356,0
955,2026-01-27T00:00:00.000Z,88353.97,0.007798786332280372,-34.83572897756741,0
956,2026-01-27T01:00:00.000Z,88550.61,0.22255932585710791,12.796308758488873,0
957,2026-01-27T02:00:00.000Z,88831.6,0.31732136006743517,40.784704014316155,0
958,2026-01-27T03:00:00.000Z,88788.0,-0.04908163311254654,9.661353108086889,0
959,2026-01-27T04:00:00.000Z,88579.58,-0.23473892868405288,-3.3152146907604596,0
960,2026-01-27T05:00:00.000Z,88456.3,-0.13917428825017675,-39.795280812803036,0
961,2026-01-27T06:00:00.000Z,88332.67,-0.1397639286291663,-9.552202068838888,0
962,2026-01-27T07:00:00.000Z,88320.41,-0.013879349509071659,28.5243465844915,0
963,2026-01-27T08:00:00.000Z,88170.82,-0.16937194924706578,-14.0810066232664,0
964,2026-01-27T09:00:00.000Z,87886.82,-0.32210202876643557,63.943549906905986,0
965,2026-01-27T10:00:00.000Z,87786.53,-0.11411267354992649,-37.12306878298439,0
966,2026-01-27T11:00:00.000Z,87992.74,0.23489936326221983,7.70358867665264,0
967,2026-01-27T12:00:00.000Z,87986.96,-0.006568723737887527,46.60473800591443,0
968,2026-01-27T13:00:00.000Z,87982.15,-0.0054667191593082975,-19.664538519580066,0
969,2026-01-27T14:00:00.000Z,87745.02,-0.2695205788901367,90.69470795446546,0
970,2026-01-27T15:00:00.000Z,88047.46,0.3446805300175493,9.969049586200573,0
971,2026-01-27T16:00:00.000Z,88641.44,0.6746134414326033,34.543753272929244,0
972,2026-01-27T17:00:00.000Z,87546.58,-1.2351559270697754,4.875183448744802,0
973,2026-01-27T18:00:00.000Z,88285.05,0.8435166742093214,-26.878117588336934,0
974,2026-01-27T19:00:00.000Z,88408.77,0.14013697675880898,-45.7373012639169,0
975,2026-01-27T20:00:00.000Z,89066.18,0.7436026991439748,21.6484893603663,0
