row_id,timestamp,close,return,volume_change,cluster,distance,anomaly_kmeans
0,2025-12-18T05:00:00.000Z,86440.9,-0.37403145469341315,-6.068965551312633,0,3.3224569339811443,0
1,2025-12-18T06:00:00.000Z,86645.93,0.23719095937224655,-36.41353998942414,0,3.2241974110658993,0
2,2025-12-18T07:00:00.000Z,86833.84,0.2168711213556218,116.84208166771897,0,3.349357789493195,0
3,2025-12-18T08:00:00.000Z,86978.98,0.16714681741587523,33.33171089489788,0,3.0179059776051678,0
4,2025-12-18T09:00:00.000Z,87280.95,0.3471758348971177,-17.730478385481195,0,3.316159831568496,0
5,2025-12-18T10:00:00.000Z,87341.95,0.06988924845570121,-32.70575405796158,0,2.9875927547614247,0
6,2025-12-18T11:00:00.000Z,87300.74,-0.04718236769386541,-39.64594224308495,0,2.986934811608248,0
7,2025-12-18T12:00:00.000Z,87259.99,-0.04667772575581708,56.22538359961926,0,2.9757569680080924,0
8,2025-12-18T13:00:00.000Z,88851.7,1.8241005986821657,611.2129031317518,2,8.165375376805965,1
9,2025-12-18T14:00:00.000Z,88345.2,-0.5700509950850696,-3.870643419949804,1,3.0895475673101043,0
10,2025-12-18T15:00:00.000Z,88513.44,0.19043479442006905,-25.452924942114596,2,2.5877382260485984,0
11,2025-12-18T16:00:00.000Z,88014.0,-0.5642532930592248,-48.232947715941854,0,2.6739842345488842,0
12,2025-12-18T17:00:00.000Z,86483.56,-1.7388597268616413,189.18505375930982,1,5.432847681733476,1
13,2025-12-18T18:00:00.000Z,85970.0,-0.5938238435143073,-46.74256924597082,1,2.6499676467811577,0
14,2025-12-18T19:00:00.000Z,84483.79,-1.7287542165871916,176.64166711136397,1,4.284041425012252,1
15,2025-12-18T20:00:00.000Z,84582.65,0.11701653062676787,-53.961490506731536,0,3.007438551331862,0
16,2025-12-18T21:00:00.000Z,85630.95,1.2393794708489336,-47.05556140593964,2,4.048879840471861,1
17,2025-12-18T22:00:00.000Z,85582.88,-0.056136245130988804,-59.05221627129982,0,2.622882178505662,0
18,2025-12-18T23:00:00.000Z,85516.41,-0.07766740263940308,-27.14462791054434,0,2.5522718713541517,0
19,2025-12-19T00:00:00.000Z,85604.88,0.10345382833540917,6.84240186070586,0,2.553458298756112,0
20,2025-12-19T01:00:00.000Z,85320.43,-0.33228245866357975,12.1986638656314,0,2.8505863045168187,0
21,2025-12-19T02:00:00.000Z,85643.44,0.3785845898807594,55.068212814091375,2,3.1059020558360397,0
22,2025-12-19T03:00:00.000Z,86891.39,1.4571460464455788,275.27223995965943,2,5.3110265577179865,1
23,2025-12-19T04:00:00.000Z,87103.34,0.24392520363640813,-66.78971731161494,0,3.1005996856391493,0
24,2025-12-19T05:00:00.000Z,87139.95,0.04203053522402467,15.438844183735556,0,2.859883434637735,0
25,2025-12-19T06:00:00.000Z,87483.41,0.39414757525109145,-46.79052773439513,0,3.3196501145645634,0
26,2025-12-19T07:00:00.000Z,87953.4,0.5372332880028141,324.11256518483924,2,3.5241931033126086,0
27,2025-12-19T08:00:00.000Z,88102.78,0.16983993796715335,-68.92119426937806,0,3.036768929541449,0
28,2025-12-19T09:00:00.000Z,88105.03,0.002553835418139805,-35.22203242639972,0,2.8743057060152006,0
29,2025-12-19T10:00:00.000Z,88267.09,0.1839395548699052,45.42600713374998,0,2.9579256283759436,0
30,2025-12-19T11:00:00.000Z,88198.7,-0.07748074622149215,-33.82435362734927,0,2.894037414944952,0
31,2025-12-19T12:00:00.000Z,87855.92,-0.38864518411269033,126.06190986392028,0,3.4423909740382834,0
32,2025-12-19T13:00:00.000Z,87997.14,0.16074044868006343,3.410504830058003,0,2.3585835433935993,0
33,2025-12-19T14:00:00.000Z,88180.01,0.20781357212291685,126.7302149423847,2,2.5760226920273475,0
34,2025-12-19T15:00:00.000Z,87951.87,-0.2587207690268989,37.17972118541522,1,3.332022114422923,0
35,2025-12-19T16:00:00.000Z,87983.25,0.03567860467321715,-60.19759329952086,0,3.000873636990122,0
36,2025-12-19T17:00:00.000Z,86943.25,-1.1820431729903103,77.09147641260721,1,2.4123911265202835,0
37,2025-12-19T18:00:00.000Z,87155.44,0.2440557490086981,-63.2636771517388,0,2.3125798286063133,0
38,2025-12-19T19:00:00.000Z,87845.92,0.7922397041423945,72.20575049510354,2,1.681663461096481,0
39,2025-12-19T20:00:00.000Z,88099.6,0.28877835191436496,-14.141025178938115,0,2.120733350009748,0
40,2025-12-19T21:00:00.000Z,87839.4,-0.29534753846783834,-64.6155488304541,0,1.624525859004115,0
41,2025-12-19T22:00:00.000Z,88344.78,0.5753454600099683,-4.356986841318999,0,2.5463372292516273,0
42,2025-12-19T23:00:00.000Z,88136.94,-0.2352600798824711,-33.929372175645256,0,1.4842068154539991,0
43,2025-12-20T00:00:00.000Z,88005.63,-0.1489840695626521,9.915439195886577,0,1.2665940374840212,0
44,2025-12-20T01:00:00.000Z,88075.89,0.07983580141406321,-0.7927802333657419,0,1.2209911607170463,0
45,2025-12-20T02:00:00.000Z,88204.04,0.14549952319526938,54.18019733718853,0,1.2616906986250505,0
46,2025-12-20T03:00:00.000Z,88214.98,0.01240305999590241,-60.533106359252244,0,1.1252834106455456,0
47,2025-12-20T04:00:00.000Z,88295.37,0.09112964714155236,37.62977719320022,0,0.9196437183329959,0
48,2025-12-20T05:00:00.000Z,88295.31,-6.79537330183777E-5,54.46280075116769,0,0.773134021327909,0
49,2025-12-20T06:00:00.000Z,88305.81,0.011891911359729335,-67.5191585781568,0,1.1840151488884298,0
50,2025-12-20T07:00:00.000Z,88275.41,-0.03442582090577018,94.9115296686023,0,1.273250491096591,0
51,2025-12-20T08:00:00.000Z,88257.21,-0.02061729308309168,-1.9310198560946845,0,0.7438635848467295,0
52,2025-12-20T09:00:00.000Z,88224.0,-0.037628653794974376,-9.984767995139554,0,0.8774853345440515,0
53,2025-12-20T10:00:00.000Z,88163.99,-0.06802003989843097,49.507458684763584,0,0.8651045553000486,0
54,2025-12-20T11:00:00.000Z,88277.66,0.12893019020576713,-20.066087442467563,0,0.8736671082608513,0
55,2025-12-20T12:00:00.000Z,88256.08,-0.02444559586196604,-31.170336150382006,0,0.9114055258774897,0
56,2025-12-20T13:00:00.000Z,88270.39,0.016214180371476594,249.12723082721322,0,2.715750746558711,0
57,2025-12-20T14:00:00.000Z,88260.88,-0.010773714719047867,-32.99071080673619,0,0.4638492096443284,0
58,2025-12-20T15:00:00.000Z,88178.71,-0.09309900377154623,7.482034680501437,0,0.4105739820075505,0
59,2025-12-20T16:00:00.000Z,88149.72,-0.032876416540916775,-60.04155682180847,0,1.0492555368068748,0
60,2025-12-20T17:00:00.000Z,88181.8,0.03639262836001578,2.549612199952711,0,0.8780551731481652,0
61,2025-12-20T18:00:00.000Z,88313.21,0.1490216802106703,40.54707566823061,0,0.9668999327349387,0
62,2025-12-20T19:00:00.000Z,88232.92,-0.09091505110051523,-58.943436916141344,0,1.4328273476088076,0
63,2025-12-20T20:00:00.000Z,88271.6,0.0438385128815888,53.52442585035313,0,1.3587123768388103,0
64,2025-12-20T21:00:00.000Z,88208.73,-0.07122336062789225,32.021977784257174,0,1.167775814289768,0
65,2025-12-20T22:00:00.000Z,88279.35,0.08006010289458576,7.29481129267433,0,1.5202419726422978,0
66,2025-12-20T23:00:00.000Z,88360.9,0.09237720939268002,-18.09326754472703,0,1.630446291570007,0
67,2025-12-21T00:00:00.000Z,88387.92,0.030579136246911,-9.814015394257769,0,1.6671873053730333,0
68,2025-12-21T01:00:00.000Z,88011.83,-0.4254993216267544,108.17926908396589,0,2.400617802205069,0
69,2025-12-21T02:00:00.000Z,87943.76,-0.07734187551833305,40.098444989126406,0,1.8215801341013576,0
70,2025-12-21T03:00:00.000Z,88070.64,0.14427402239796105,-52.871942119299376,0,1.5680628783802937,0
71,2025-12-21T04:00:00.000Z,88065.83,-0.0054615249758582785,-2.4289317384680875,0,1.4543960098030935,0
72,2025-12-21T05:00:00.000Z,88138.95,0.08302879788901762,-62.44129825714393,0,1.72497917682855,0
73,2025-12-21T06:00:00.000Z,88090.72,-0.054720415888775964,58.32807003712506,0,1.5581004557726603,0
74,2025-12-21T07:00:00.000Z,88174.79,0.09543570537282609,-6.509702006794072,0,1.5005781628079016,0
75,2025-12-21T08:00:00.000Z,88537.87,0.4117730249201701,325.5630455522237,2,2.9939968623641255,0
76,2025-12-21T09:00:00.000Z,88892.82,0.4009018965556832,25.614057036662842,2,2.0882436927727293,0
77,2025-12-21T10:00:00.000Z,88669.78,-0.2509089035537482,-39.97967292068042,0,1.5607458968466439,0
78,2025-12-21T11:00:00.000Z,88601.57,-0.07692587034725529,-51.65688656140017,0,1.2410073870198088,0
79,2025-12-21T12:00:00.000Z,88638.01,0.04112793938073622,76.07738150087965,0,1.363388882541572,0
80,2025-12-21T13:00:00.000Z,87670.1,-1.0919807427987038,275.9199133211029,1,2.513026546106534,0
81,2025-12-21T14:00:00.000Z,88065.18,0.45064394816476394,-47.943812677526424,2,2.244818611640074,0
82,2025-12-21T15:00:00.000Z,88067.95,0.003145397533965699,-31.414025209614195,0,0.8746673074680212,0
83,2025-12-21T16:00:00.000Z,88359.18,0.3306878381976519,18.1282348194433,0,1.5766542290554089,0
84,2025-12-21T17:00:00.000Z,88324.14,-0.039656320939140954,-32.605899867275326,0,0.5998676282873326,0
85,2025-12-21T18:00:00.000Z,88445.09,0.13693878027003503,-23.467032279325927,0,0.8087768762750647,0
86,2025-12-21T19:00:00.000Z,88484.01,0.04400470393550737,29.438058024051152,0,0.4826594867535132,0
87,2025-12-21T20:00:00.000Z,88230.96,-0.2859838743745735,-55.91244641430171,0,1.2967251270333349,0
88,2025-12-21T21:00:00.000Z,88162.86,-0.07718379126783192,18.62120750871994,0,0.46491027016386394,0
89,2025-12-21T22:00:00.000Z,88483.63,0.3638380152368059,16.643484779023044,0,1.4419250541106323,0
90,2025-12-21T23:00:00.000Z,88658.86,0.1980366311825188,93.95843347936486,0,1.3577034754015294,0
91,2025-12-22T00:00:00.000Z,88622.4,-0.04112392151219835,223.62744861608542,2,2.99440045663084,0
92,2025-12-22T01:00:00.000Z,88626.31,0.00441197710736585,-46.48983441674842,0,1.677987500314105,0
93,2025-12-22T02:00:00.000Z,88458.27,-0.1896050958231199,7.606089831967622,0,1.7717412858663535,0
94,2025-12-22T03:00:00.000Z,88774.12,0.35706101871537665,-56.6079370709442,0,1.6712903218398798,0
95,2025-12-22T04:00:00.000Z,88904.99,0.14741909015827392,14.24501233394897,0,0.6161860875439624,0
96,2025-12-22T05:00:00.000Z,88831.34,-0.08284124434411178,-17.86797854647828,0,0.46303025180717267,0
97,2025-12-22T06:00:00.000Z,88909.26,0.0877167900428022,-14.441331814457703,0,0.5068761716754033,0
98,2025-12-22T07:00:00.000Z,89170.1,0.2933777651506819,120.62061087185327,0,1.7718256252462756,0
99,2025-12-22T08:00:00.000Z,89334.2,0.18403029715117203,87.68000790352102,2,1.7548616960009433,0
100,2025-12-22T09:00:00.000Z,89829.6,0.5545468588737723,-52.09109090327977,0,2.3028669083498645,0
101,2025-12-22T10:00:00.000Z,89778.94,-0.05639566468068624,-1.2862409864307423,0,0.3998276612520485,0
102,2025-12-22T11:00:00.000Z,89945.43,0.18544438149969977,88.94766814124964,0,1.6875750434362549,0
103,2025-12-22T12:00:00.000Z,90208.48,0.2924551030552669,31.281211077685043,2,1.6878215359228956,0
104,2025-12-22T13:00:00.000Z,89912.37,-0.32825073651612247,-43.13569456177362,0,1.7094641252234775,0
105,2025-12-22T14:00:00.000Z,90126.43,0.23807625135450206,70.41780702258554,2,1.827927737546358,0
106,2025-12-22T15:00:00.000Z,89726.92,-0.44327729390811754,14.395054168208565,1,2.3175970264873533,0
107,2025-12-22T16:00:00.000Z,89550.0,-0.1971760537417322,-45.42985918754725,0,1.365126433598857,0
108,2025-12-22T17:00:00.000Z,89308.92,-0.2692127303182579,-10.00409491194426,0,1.2252177099313881,0
109,2025-12-22T18:00:00.000Z,89150.04,-0.1778993632439052,-34.43863252996483,0,0.8971472234745139,0
110,2025-12-22T19:00:00.000Z,88052.43,-1.2311940634014307,154.11888457722029,1,1.8816216652301554,0
111,2025-12-22T20:00:00.000Z,88351.03,0.3391161379646235,-44.4880456305216,0,1.5966831734151987,0
112,2025-12-22T21:00:00.000Z,88275.06,-0.08598654707251407,-25.60624276952983,0,0.5093800633106046,0
113,2025-12-22T22:00:00.000Z,88660.07,0.43614810343941546,-3.938066299481513,0,1.9851775553294875,0
114,2025-12-22T23:00:00.000Z,88620.79,-0.04430404803426047,-36.05742692966783,0,0.6695887551965033,0
115,2025-12-23T00:00:00.000Z,88770.47,0.16889941965085864,8.57964405849334,0,0.852859812930831,0
116,2025-12-23T01:00:00.000Z,88513.71,-0.28924032958256296,-10.45544099387251,0,1.2219744362060094,0
117,2025-12-23T02:00:00.000Z,88206.8,-0.3467372455634332,139.7010188725703,0,2.1983273780033565,0
118,2025-12-23T03:00:00.000Z,88170.0,-0.041720139490386554,-28.623415919070705,0,0.7796276943338702,0
119,2025-12-23T04:00:00.000Z,87930.99,-0.2710785981626329,-25.35791118957328,0,1.1366727045615643,0
120,2025-12-23T05:00:00.000Z,87765.01,-0.18876166411865292,56.351101335675494,0,0.947368105688215,0
121,2025-12-23T06:00:00.000Z,87400.01,-0.4158832774017851,63.01405168589689,0,2.1290977649508456,0
122,2025-12-23T07:00:00.000Z,87574.79,0.19997709382413298,-47.01066833206955,0,0.9962673062666,0
123,2025-12-23T08:00:00.000Z,87477.15,-0.11149327334956105,-16.629607924209466,0,0.5594836189384675,0
124,2025-12-23T09:00:00.000Z,87531.85,0.06253061513779024,23.477885441621883,0,0.36509869650712934,0
125,2025-12-23T10:00:00.000Z,87615.93,0.09605646401851242,-43.81521838263336,0,0.9210000702351786,0
126,2025-12-23T11:00:00.000Z,87856.65,0.2747445584381669,71.46962495664721,0,1.308724252282189,0
127,2025-12-23T12:00:00.000Z,87789.18,-0.07679555275553751,-2.592401045356485,0,0.2854124160673863,0
128,2025-12-23T13:00:00.000Z,87616.67,-0.19650485401503381,38.55144452410046,0,0.9646310326884902,0
129,2025-12-23T14:00:00.000Z,86874.0,-0.8476355013264047,151.92875531483412,1,0.42143072904020223,0
130,2025-12-23T15:00:00.000Z,87443.45,0.6554895595920485,-26.093176545049555,2,1.5441137342418036,0
131,2025-12-23T16:00:00.000Z,88003.63,0.640619737670467,16.772190997300807,2,1.060254749432353,0
132,2025-12-23T17:00:00.000Z,87180.01,-0.9358932125868136,-41.91130372456245,1,2.511167028374685,0
133,2025-12-23T18:00:00.000Z,87975.01,0.9119062959501933,15.470613208041438,2,1.9210411523858266,0
134,2025-12-23T19:00:00.000Z,87752.87,-0.2525035234437589,-40.18926474373002,0,1.2119957034104059,0
135,2025-12-23T20:00:00.000Z,87691.5,-0.06993503460341888,65.79665285611111,0,1.8977139796999787,0
136,2025-12-23T21:00:00.000Z,87722.89,0.0357959437345734,-49.651434202395805,0,0.8242530804309741,0
137,2025-12-23T22:00:00.000Z,87399.45,-0.3687065029435277,54.4160077387619,0,1.6989802374039047,0
138,2025-12-23T23:00:00.000Z,87486.0,0.09902808312867162,-19.57037030005412,0,0.727230948714857,0
139,2025-12-24T00:00:00.000Z,87660.47,0.19942619390531657,-21.89010843906357,0,1.0336619413380503,0
140,2025-12-24T01:00:00.000Z,87632.51,-0.031895790656844,-20.54686438957648,0,0.6576654971080659,0
141,2025-12-24T02:00:00.000Z,87134.39,-0.5684191859847365,87.37350687319594,1,2.582603581501123,0
142,2025-12-24T03:00:00.000Z,87336.23,0.23164217939666276,-48.2574490723105,0,1.3935860338886494,0
143,2025-12-24T04:00:00.000Z,87147.65,-0.21592413595137305,-5.01605199434243,0,1.0485521014549581,0
144,2025-12-24T05:00:00.000Z,86957.9,-0.21773392627340016,19.487568154033564,0,1.091957877029445,0
145,2025-12-24T06:00:00.000Z,87019.21,0.07050538248969396,7.407476575077121,0,0.6728030946245066,0
146,2025-12-24T07:00:00.000Z,86911.53,-0.12374279196514237,-6.634638377837421,0,0.7416461588011167,0
147,2025-12-24T08:00:00.000Z,86795.56,-0.13343453969801855,-8.883088745262736,0,0.7723840738335153,0
148,2025-12-24T09:00:00.000Z,86812.8,0.019862767173806084,-26.803695789393743,0,0.8711945653414542,0
149,2025-12-24T10:00:00.000Z,87077.66,0.3050932581370569,26.815513230882804,0,1.388085138076485,0
150,2025-12-24T11:00:00.000Z,87203.94,0.14501997412423862,19.719611875489406,0,0.8536995352595677,0
151,2025-12-24T12:00:00.000Z,87428.51,0.2575227678932812,-11.974454563947457,0,1.204669471986397,0
152,2025-12-24T13:00:00.000Z,87286.9,-0.161972336026317,30.932430740992032,0,0.8938753522011647,0
153,2025-12-24T14:00:00.000Z,86994.7,-0.3347581366734298,124.59247607384864,1,2.2239866781302724,0
154,2025-12-24T15:00:00.000Z,87049.99,0.06355559591562088,-24.719647628984344,0,1.2067565208787707,0
155,2025-12-24T16:00:00.000Z,87283.23,0.2679379974655838,25.901169391233523,2,1.8001619037104004,0
156,2025-12-24T17:00:00.000Z,87322.77,0.04530079833207079,-51.97572262626271,0,0.670137932830865,0
157,2025-12-24T18:00:00.000Z,87470.65,0.16934872771441345,-37.53994860884916,0,1.0640701480044596,0
158,2025-12-24T19:00:00.000Z,87566.06,0.10907658740388904,-15.73707147458534,0,0.9089296256139345,0
159,2025-12-24T20:00:00.000Z,87556.2,-0.011260070397134392,-14.14099704527767,0,0.9092903501815958,0
160,2025-12-24T21:00:00.000Z,87696.33,0.16004577631281158,-1.001733154126483,0,1.0126154733978185,0
161,2025-12-24T22:00:00.000Z,88009.81,0.35746079682010823,75.81278790897574,0,1.7236389673019736,0
162,2025-12-24T23:00:00.000Z,87669.45,-0.38672961570989095,-19.411407993078445,0,1.5804356267058595,0
163,2025-12-25T00:00:00.000Z,87568.37,-0.11529671966689081,-33.87637059048008,0,0.9181339627267628,0
164,2025-12-25T01:00:00.000Z,87699.99,0.15030541278775456,-26.126692320006363,0,1.0974612849771952,0
165,2025-12-25T02:00:00.000Z,87892.66,0.21969215731951763,62.062555412681355,0,1.344250829194316,0
166,2025-12-25T03:00:00.000Z,87840.42,-0.059436134940060725,-29.85527283196674,0,1.072594905283518,0
167,2025-12-25T04:00:00.000Z,87773.33,-0.07637713936249346,-8.69417631715993,0,1.1542943032088155,0
168,2025-12-25T05:00:00.000Z,87750.55,-0.025953213806517716,29.725134314777215,0,1.0975599735609574,0
169,2025-12-25T06:00:00.000Z,87836.42,0.097856936509233,-28.942863480344627,0,1.2027211064224033,0
170,2025-12-25T07:00:00.000Z,87837.59,0.0013320215008771896,16.106113503066076,0,1.1349904068667729,0
171,2025-12-25T08:00:00.000Z,87584.65,-0.28796327403791677,225.01855223371714,0,2.8836125046804613,0
172,2025-12-25T09:00:00.000Z,87526.48,-0.06641574750826384,-30.945481158793243,0,1.050385150067161,0
173,2025-12-25T10:00:00.000Z,87414.14,-0.12834972913339238,-13.061621640223919,0,0.9684770621822287,0
174,2025-12-25T11:00:00.000Z,87519.44,0.12046106041883053,-46.83029686233296,0,1.2381712767731596,0
175,2025-12-25T12:00:00.000Z,87566.0,0.05319960913825472,-2.8699572709576238,0,1.157085528120622,0
176,2025-12-25T13:00:00.000Z,87638.25,0.08250919306580506,158.8440822464877,0,1.9869257401812936,0
177,2025-12-25T14:00:00.000Z,87718.21,0.09123869999687617,-23.559707362390327,0,1.1731311418527035,0
178,2025-12-25T15:00:00.000Z,88371.27,0.7444976362376732,302.03950838819117,2,2.9074739213987177,0
179,2025-12-25T16:00:00.000Z,88086.72,-0.32199378825268354,-53.07283558228833,0,1.9553689179582463,0
180,2025-12-25T17:00:00.000Z,88139.08,0.05944142317932943,-61.785843092830376,0,1.0190268501775814,0
181,2025-12-25T18:00:00.000Z,88241.26,0.11593041361448453,-5.112152986016172,0,0.9017700146353929,0
182,2025-12-25T19:00:00.000Z,88151.18,-0.10208376444307277,-44.07091114169658,0,1.060680905160742,0
183,2025-12-25T20:00:00.000Z,87892.69,-0.2932348721820799,165.6909563904971,0,2.2093257503587878,0
184,2025-12-25T21:00:00.000Z,87901.21,0.0096936389135438,-49.61706897111628,0,0.9727596225122068,0
185,2025-12-25T22:00:00.000Z,87650.0,-0.28578673717916114,216.88688204859102,0,2.8800365994798423,0
186,2025-12-25T23:00:00.000Z,87225.27,-0.48457501426125704,75.64783140889786,1,2.1407785320175363,0
187,2025-12-26T00:00:00.000Z,87120.0,-0.12068750260102457,-28.928992530475828,0,1.4169336257150744,0
188,2025-12-26T01:00:00.000Z,87432.26,0.3584251606978839,-59.397096937631176,0,1.6295348853089102,0
189,2025-12-26T02:00:00.000Z,89199.99,2.021828098690359,1113.137577476698,2,13.256936443001278,1
190,2025-12-26T03:00:00.000Z,88844.87,-0.39811663656017515,-52.71535651921002,0,2.976956663605068,0
191,2025-12-26T04:00:00.000Z,88969.24,0.13998557260539446,-57.963236624593684,0,1.5940577686849884,0
192,2025-12-26T05:00:00.000Z,88996.58,0.0307297218679059,-49.89122548439654,0,1.1862531974625021,0
193,2025-12-26T06:00:00.000Z,89124.24,0.14344371435397463,82.33445939603101,0,1.4329212255295325,0
194,2025-12-26T07:00:00.000Z,88470.75,-0.7332348640504582,250.88277222267686,1,1.4618073737050026,0
195,2025-12-26T08:00:00.000Z,88742.28,0.30691499732962146,-74.99718978417226,0,1.8668775498598593,0
196,2025-12-26T09:00:00.000Z,88811.76,0.07829413443061206,-19.23079145989137,0,1.1904018125596518,0
197,2025-12-26T10:00:00.000Z,88748.34,-0.0714094619901684,-32.55575595690993,0,1.2942925602896551,0
198,2025-12-26T11:00:00.000Z,88533.42,-0.24216790984484815,-21.6271121094609,0,1.5541550125715482,0
199,2025-12-26T12:00:00.000Z,88678.9,0.1643221282991103,76.17617873524371,0,1.5555800065255214,0
200,2025-12-26T13:00:00.000Z,88992.88,0.35406393178085693,6.63667530643004,0,1.8139275389635785,0
201,2025-12-26T14:00:00.000Z,87380.43,-1.8118865239556414,379.1236891897842,1,4.920339979953429,1
202,2025-12-26T15:00:00.000Z,87137.81,-0.27765942557159695,102.713089408641,1,3.585499033203627,0
203,2025-12-26T16:00:00.000Z,86855.82,-0.323613825043334,-79.70236700558058,0,2.380454062388699,0
204,2025-12-26T17:00:00.000Z,87331.91,0.5481382825008208,-35.26655111378834,0,2.976646716156355,0
205,2025-12-26T18:00:00.000Z,87277.77,-0.06199337676228156,-15.958904024801823,0,1.8824695943585288,0
206,2025-12-26T19:00:00.000Z,87501.83,0.2567205830304786,-1.282613929666887,0,2.1265637300649876,0
207,2025-12-26T20:00:00.000Z,87585.77,0.09592942227607537,-28.00330314256907,0,1.973006797231129,0
208,2025-12-26T21:00:00.000Z,87470.59,-0.13150538038314563,12.587664887505646,0,1.9584388894342097,0
209,2025-12-26T22:00:00.000Z,87550.0,0.09078479978241738,-1.59606152117987,0,1.9180286515867375,0
210,2025-12-26T23:00:00.000Z,87369.56,-0.20609937178754922,-30.21563477657595,0,2.0633609054025306,0
211,2025-12-27T00:00:00.000Z,87401.07,0.03606519249954587,-5.194482356197671,0,1.936522012294126,0
212,2025-12-27T01:00:00.000Z,87475.03,0.08462138964659971,-35.6727651628564,0,2.016813502597683,0
213,2025-12-27T02:00:00.000Z,87446.02,-0.03316374970090408,31.10323080478523,0,1.1899879043608632,0
214,2025-12-27T03:00:00.000Z,87514.22,0.07799097088694307,2.3742244902280385,0,1.0982799613980028,0
215,2025-12-27T04:00:00.000Z,87470.19,-0.050311823609916484,-39.07692558719922,0,1.341424603544963,0
216,2025-12-27T05:00:00.000Z,87506.0,0.04093966184364195,1.1066785666998369,0,1.2437947427031972,0
217,2025-12-27T06:00:00.000Z,87469.02,-0.04225995931707027,38.89764461079746,0,1.1146028442674738,0
218,2025-12-27T07:00:00.000Z,87539.26,0.08030271746497508,2.868135857412879,0,0.8870008226996884,0
219,2025-12-27T08:00:00.000Z,87593.0,0.06138959822141743,-25.737668767981337,0,1.0575281128343916,0
220,2025-12-27T09:00:00.000Z,87618.91,0.02957998926855776,320.8782403863151,0,3.505204245526517,0
221,2025-12-27T10:00:00.000Z,87503.01,-0.13227738167480574,-38.77916157815511,0,0.877936735548361,0
222,2025-12-27T11:00:00.000Z,87475.98,-0.030890365942837228,-34.46917138055207,0,1.0087475487940503,0
223,2025-12-27T12:00:00.000Z,87474.28,-0.0019433906313426341,-54.97000112346764,0,1.2447087715225862,0
224,2025-12-27T13:00:00.000Z,87452.78,-0.0245786532909964,136.6901415289791,0,1.6139019326026947,0
225,2025-12-27T14:00:00.000Z,87544.9,0.10533684578122315,49.675690907637104,0,1.2523283724127947,0
226,2025-12-27T15:00:00.000Z,87551.25,0.007253420816066836,-50.47919386744635,0,1.3400587635947003,0
227,2025-12-27T16:00:00.000Z,87498.41,-0.06035322168443935,0.6818911964645791,0,1.2454697016533998,0
228,2025-12-27T17:00:00.000Z,87562.58,0.07333847552200012,-15.456665214458965,0,1.6020219136877758,0
229,2025-12-27T18:00:00.000Z,87500.01,-0.07145746504957362,17.993779398589528,0,1.5516024005156779,0
230,2025-12-27T19:00:00.000Z,87569.39,0.07929141950955287,-13.2303530748906,0,1.6694520749007735,0
231,2025-12-27T20:00:00.000Z,87555.92,-0.01538208727958068,-14.30885042861172,0,1.633383090589219,0
232,2025-12-27T21:00:00.000Z,87668.22,0.12826088744199993,-15.3454274299052,0,1.7311697867984686,0
233,2025-12-27T22:00:00.000Z,87565.99,-0.11661010112899994,303.01888818293685,0,3.8658777933633908,1
234,2025-12-27T23:00:00.000Z,87877.01,0.35518355927910417,-25.186003641894782,0,2.1610476389447872,0
235,2025-12-28T00:00:00.000Z,87854.96,-0.025091886945161068,-29.064092783963158,0,1.4738136469225775,0
236,2025-12-28T01:00:00.000Z,87785.96,-0.07853853669730348,-25.323390218299423,0,1.468389720217814,0
237,2025-12-28T02:00:00.000Z,87810.78,0.02827331386476839,-31.48822632891406,0,1.5721518783062884,0
238,2025-12-28T03:00:00.000Z,87740.01,-0.0805937494234854,98.8263528659531,0,1.8643788749181969,0
239,2025-12-28T04:00:00.000Z,87724.87,-0.017255525728798737,-27.616081125652347,0,1.503428960770581,0
240,2025-12-28T05:00:00.000Z,87657.93,-0.07630675314765911,-23.28017497387247,0,1.557525735451575,0
241,2025-12-28T06:00:00.000Z,87732.0,0.08449891527213538,-19.473484637693915,0,1.5613048740904436,0
242,2025-12-28T07:00:00.000Z,87730.85,-0.0013108101946768258,-12.236338456191277,0,1.6225019542567094,0
243,2025-12-28T08:00:00.000Z,87805.0,0.08451986957835889,110.62324236136783,0,1.8415162693587397,0
244,2025-12-28T09:00:00.000Z,87800.0,-0.005694436535508274,15.131455360692447,0,1.481796829442819,0
245,2025-12-28T10:00:00.000Z,87856.91,0.06481776765376868,24.06534024661804,0,1.6312620384600947,0
246,2025-12-28T11:00:00.000Z,87883.25,0.029980567265575075,-42.2006146527612,0,1.610766179678166,0
247,2025-12-28T12:00:00.000Z,87850.6,-0.037151561873272065,-8.295958490265088,0,1.543394308696902,0
248,2025-12-28T13:00:00.000Z,87896.59,0.05235024006664535,31.471947264453792,0,1.550921936198965,0
249,2025-12-28T14:00:00.000Z,87910.0,0.015256564560695018,45.362351449391824,0,1.7021003317436072,0
250,2025-12-28T15:00:00.000Z,87836.27,-0.08386986690933629,7.864038303646237,0,1.6961668236483556,0
251,2025-12-28T16:00:00.000Z,87814.04,-0.0253084517364055,-32.821113865470394,0,1.5438780577381601,0
252,2025-12-28T17:00:00.000Z,87760.0,-0.06153913428876834,-49.20044208092036,0,1.5979714666852693,0
253,2025-12-28T18:00:00.000Z,87598.49,-0.1840360072926095,339.88972840736824,0,4.213871100480872,1
254,2025-12-28T19:00:00.000Z,87520.75,-0.08874582198848957,-49.325819511479864,0,1.5762036117106835,0
255,2025-12-28T20:00:00.000Z,87514.76,-0.006844091258362273,-29.53636376373866,0,1.4298034188161934,0
256,2025-12-28T21:00:00.000Z,87588.37,0.0841115258728875,-15.205198758854877,0,1.5056410480494713,0
257,2025-12-28T22:00:00.000Z,87900.09,0.35589199799015425,141.3487797139771,2,2.385320250797545,0
258,2025-12-28T23:00:00.000Z,87952.71,0.05986341993506894,3.843061503263856,0,1.7063856519539524,0
259,2025-12-29T00:00:00.000Z,88295.69,0.38995955894933765,86.6039632459311,2,2.081919713048707,0
260,2025-12-29T01:00:00.000Z,88445.57,0.16974780988743277,-1.658819080066476,0,2.5647965703294404,0
261,2025-12-29T02:00:00.000Z,89163.25,0.8114369097287577,219.15670533000323,2,4.687215609137685,1
262,2025-12-29T03:00:00.000Z,90123.55,1.0770132313481229,1.7166281920479864,2,3.816274400199002,1
263,2025-12-29T04:00:00.000Z,90143.06,0.021648059802337194,-34.33232845235544,0,2.51789569728941,0
264,2025-12-29T05:00:00.000Z,89984.0,-0.17645285172258607,-30.97367747124917,0,1.4743117259468077,0
265,2025-12-29T06:00:00.000Z,89777.26,-0.22975195590327901,-39.25669308571778,0,1.0374594212751418,0
266,2025-12-29T07:00:00.000Z,89617.71,-0.17771760911392542,93.11482886336087,0,1.7806458214565115,0
267,2025-12-29T08:00:00.000Z,89555.1,-0.06986342320061123,1.9615588474910295,0,1.2765300944459486,0
268,2025-12-29T09:00:00.000Z,88100.05,-1.6247539224455099,138.28209153538978,1,3.7643334180416312,1
269,2025-12-29T10:00:00.000Z,87780.01,-0.3632688063173739,-65.79601650257072,0,1.9948498565914294,0
270,2025-12-29T11:00:00.000Z,87567.66,-0.24191156961589355,-44.25728443913622,0,1.3463553534763717,0
271,2025-12-29T12:00:00.000Z,87397.0,-0.19488930045635788,253.48977712295695,1,2.9861722549891256,0
272,2025-12-29T13:00:00.000Z,87387.71,-0.010629655480154376,-61.56342345756188,0,1.0985395959787667,0
273,2025-12-29T14:00:00.000Z,87429.96,0.048347759656364175,61.18910473818235,0,2.1300264365489547,0
274,2025-12-29T15:00:00.000Z,87691.62,0.29927956046187365,0.45226580809498707,0,1.8772713222258637,0
275,2025-12-29T16:00:00.000Z,87627.11,-0.07356461198914088,-62.39570695187071,0,1.2155735522167768,0
276,2025-12-29T17:00:00.000Z,87849.99,0.2543505086496589,-13.295942217786749,0,1.4994705523012892,0
277,2025-12-29T18:00:00.000Z,87464.77,-0.43849748873050487,42.412766263907066,0,2.1254847149673703,0
278,2025-12-29T19:00:00.000Z,87366.23,-0.11266250400019384,-34.15068398610305,0,1.1802126873709136,0
279,2025-12-29T20:00:00.000Z,87212.01,-0.1765212943261929,119.8067765292509,0,1.7685413302893107,0
280,2025-12-29T21:00:00.000Z,87337.85,0.14429205335366735,-66.78367488133028,0,1.5039743326280652,0
281,2025-12-29T22:00:00.000Z,87351.05,0.01511372217199991,40.48822689351215,0,1.0971430667201227,0
282,2025-12-29T23:00:00.000Z,87237.13,-0.13041629150422063,-38.461943714517744,0,1.3138644687869454,0
283,2025-12-30T00:00:00.000Z,87250.23,0.0150165416950232,20.623929217691806,0,1.0665165460733979,0
284,2025-12-30T01:00:00.000Z,87308.23,0.06647546946294547,3.934182821235499,0,1.0779381770880283,0
285,2025-12-30T02:00:00.000Z,87111.0,-0.22590081141261598,96.71486294624304,0,1.4533133268669325,0
286,2025-12-30T03:00:00.000Z,87379.0,0.3076534536396114,22.895477181382383,0,1.4421658311891816,0
287,2025-12-30T04:00:00.000Z,87300.0,-0.09041073942251954,-49.500304622715085,0,0.8640123498705149,0
288,2025-12-30T05:00:00.000Z,87255.97,-0.05043528064146985,-51.98057452400189,0,0.9751223752997293,0
289,2025-12-30T06:00:00.000Z,87443.17,0.21454119414408002,66.907524616225,0,1.2185650557733725,0
290,2025-12-30T07:00:00.000Z,87502.85,0.06825004171282512,74.99153780851697,0,0.9200983283066035,0
291,2025-12-30T08:00:00.000Z,87872.68,0.4226490908581626,150.27707906071916,2,1.2577297427087473,0
292,2025-12-30T09:00:00.000Z,87992.7,0.1365839758159293,-57.51716460950955,0,1.111681076715902,0
293,2025-12-30T10:00:00.000Z,87949.51,-0.04908361716370324,-4.533556555206742,0,0.802105230762088,0
294,2025-12-30T11:00:00.000Z,87903.89,-0.05187066988775468,41.44897340610285,0,1.012649025531897,0
295,2025-12-30T12:00:00.000Z,88023.54,0.13611456785358467,-15.591550343645533,0,1.1378603373618623,0
296,2025-12-30T13:00:00.000Z,88110.02,0.098246446348349,-9.855720772389443,0,1.0102545924489341,0
297,2025-12-30T14:00:00.000Z,88875.83,0.8691519988305529,262.8596659515678,2,2.449025666169658,0
298,2025-12-30T15:00:00.000Z,89016.35,0.1581082280750712,-19.38467868911641,2,2.3793890419187336,0
299,2025-12-30T16:00:00.000Z,88742.63,-0.30749407271810636,8.238883553536102,0,2.7613804430721256,0
300,2025-12-30T17:00:00.000Z,88371.34,-0.41838967359881796,-49.70938489920043,0,2.171330045134534,0
301,2025-12-30T18:00:00.000Z,88304.0,-0.0762011756300085,-39.13318317335277,0,0.6800509017479963,0
302,2025-12-30T19:00:00.000Z,88226.16,-0.08815002717883491,-20.461146733497927,0,0.7228276072349654,0
303,2025-12-30T20:00:00.000Z,87947.15,-0.3162440709195691,27.34641630075032,0,1.251106093758558,0
304,2025-12-30T21:00:00.000Z,88287.27,0.3867322590896949,-42.451596965938485,0,1.684806638190765,0
305,2025-12-30T22:00:00.000Z,88430.19,0.1618806425886854,10.933398245199388,0,0.9034574507281301,0
306,2025-12-30T23:00:00.000Z,88485.49,0.06253520432333293,-3.6314296103582833,0,0.6708027341638939,0
307,2025-12-31T00:00:00.000Z,88255.54,-0.25987311591991746,-9.871564462424098,0,1.1088484594016252,0
308,2025-12-31T01:00:00.000Z,88649.33,0.44619295287300353,45.83359124401769,0,1.9782032090257358,0
309,2025-12-31T02:00:00.000Z,88673.6,0.027377533479389093,-27.412899914379864,0,0.6551319643756104,0
310,2025-12-31T03:00:00.000Z,88453.04,-0.24873242994534195,6.121525912275372,0,1.0389961458661985,0
311,2025-12-31T04:00:00.000Z,88325.06,-0.14468694349001332,-42.280769972935516,0,0.9734661186785575,0
312,2025-12-31T05:00:00.000Z,88463.09,0.15627501413528755,87.49608977002919,0,1.2182201391200917,0
313,2025-12-31T06:00:00.000Z,88512.92,0.05632857726312057,-28.285327619323276,0,0.9344226859716334,0
314,2025-12-31T07:00:00.000Z,88613.12,0.11320381250556899,43.39491036008209,0,0.8085597941111069,0
315,2025-12-31T08:00:00.000Z,88434.65,-0.20140358448049733,-8.922614305114628,0,0.8362543711755377,0
316,2025-12-31T09:00:00.000Z,88660.1,0.25493401059428766,13.704053262901382,0,1.0710832360336848,0
317,2025-12-31T10:00:00.000Z,88847.26,0.21109834074175549,52.87404965284372,0,1.083347939881913,0
318,2025-12-31T11:00:00.000Z,89011.52,0.18487908349678062,23.90340716369468,0,0.9725695424857784,0
319,2025-12-31T12:00:00.000Z,88775.96,-0.2646399027901092,-8.738199787763845,0,1.0596966769628107,0
320,2025-12-31T13:00:00.000Z,88991.88,0.24321899757546728,-44.91587996935328,0,1.128978377332569,0
321,2025-12-31T14:00:00.000Z,88479.99,-0.5752097831847158,276.99097368050303,1,2.2158630764650256,0
322,2025-12-31T15:00:00.000Z,87953.97,-0.5945073004642087,13.021444045282117,1,2.3007390185603573,0
323,2025-12-31T16:00:00.000Z,87656.98,-0.3376652583163775,-2.5053059273232203,0,2.650735176725713,0
324,2025-12-31T17:00:00.000Z,87620.82,-0.04125170636724018,-49.58921414546944,0,0.9499718634208171,0
325,2025-12-31T18:00:00.000Z,87684.07,0.07218603980194693,-30.94564421094581,0,0.6448123412088828,0
326,2025-12-31T19:00:00.000Z,87541.85,-0.16219593821318323,43.06861360360965,0,0.9843402105615978,0
327,2025-12-31T20:00:00.000Z,87662.01,0.1372600647575828,23.80931479312407,0,1.1936971562725374,0
328,2025-12-31T21:00:00.000Z,87799.97,0.15737718083352892,-50.1698258362681,0,0.9957706899446017,0
329,2025-12-31T22:00:00.000Z,87728.29,-0.08164011901143908,-38.469822628567265,0,0.8091913980377984,0
330,2025-12-31T23:00:00.000Z,87648.22,-0.09127044423183905,-19.050898531786075,0,0.9588537325539552,0
331,2026-01-01T00:00:00.000Z,87809.23,0.1837002508436436,22.212906941390575,0,0.9911510711158202,0
332,2026-01-01T01:00:00.000Z,87960.0,0.17170176757044242,3.330158354630619,0,0.9544751592318949,0
333,2026-01-01T02:00:00.000Z,87914.0,-0.052296498408366254,-13.205270905654121,0,0.7963251564159279,0
334,2026-01-01T03:00:00.000Z,87846.02,-0.07732556816888447,-28.858305027806075,0,0.9656854643366475,0
335,2026-01-01T04:00:00.000Z,87590.4,-0.29098643285149217,219.40414750011973,0,2.611826676679139,0
336,2026-01-01T05:00:00.000Z,87704.39,0.13013983267573526,-40.5319524688835,0,1.0302911765602873,0
337,2026-01-01T06:00:00.000Z,87658.0,-0.05289358947710987,-56.24725345896429,0,1.2717634516388039,0
338,2026-01-01T07:00:00.000Z,87631.88,-0.02979762257865337,81.82499982243255,0,1.2866064567872957,0
339,2026-01-01T08:00:00.000Z,87770.9,0.15864089644086476,26.608612268067834,0,0.9926690278459114,0
340,2026-01-01T09:00:00.000Z,87877.99,0.12201082591156709,-26.291455869898563,0,0.9630400752986408,0
341,2026-01-01T10:00:00.000Z,87863.76,-0.016192905641121413,-39.0790917531463,0,1.1741252643684346,0
342,2026-01-01T11:00:00.000Z,88024.64,0.18310165647361654,53.27416692563192,0,1.2464757655390275,0
343,2026-01-01T12:00:00.000Z,87950.0,-0.08479443937515763,1.9518242236978844,0,0.9954839638592198,0
344,2026-01-01T13:00:00.000Z,87922.64,-0.03110858442296749,-22.18832575280475,0,0.9960824910185602,0
345,2026-01-01T14:00:00.000Z,87967.05,0.05051031224723168,150.44515520986064,0,1.8888643985133142,0
346,2026-01-01T15:00:00.000Z,88032.18,0.07403908622602984,-33.33278634625908,0,1.2821609447901976,0
347,2026-01-01T16:00:00.000Z,87988.76,-0.0493228726131667,-26.92856039063376,0,1.369493663094205,0
348,2026-01-01T17:00:00.000Z,88316.37,0.37233164781502737,150.57824752640542,2,2.280658856338449,0
349,2026-01-01T18:00:00.000Z,88193.94,-0.1386266215425258,-45.893828239353795,0,1.326388215836158,0
350,2026-01-01T19:00:00.000Z,88391.15,0.22360946795210168,-15.888957740324361,0,1.4264799077197312,0
351,2026-01-01T20:00:00.000Z,88258.12,-0.15050149251367717,-37.50882649430315,0,1.3978336292644231,0
352,2026-01-01T21:00:00.000Z,88377.67,0.13545495870521673,24.503647727132538,0,1.295503574378536,0
353,2026-01-01T22:00:00.000Z,88645.57,0.3031308700489621,181.322164617444,2,2.69671028350236,0
354,2026-01-01T23:00:00.000Z,88839.04,0.2182511771315676,25.055746093450672,0,2.1466901463432686,0
355,2026-01-02T00:00:00.000Z,88833.97,-0.00570695045780667,-24.33594837988554,0,1.442291215286102,0
356,2026-01-02T01:00:00.000Z,88639.89,-0.21847498203672044,-45.98354529489808,0,1.3791178996430147,0
357,2026-01-02T02:00:00.000Z,88637.03,-0.003226538300082904,4.7130426653307245,0,1.019825963160987,0
358,2026-01-02T03:00:00.000Z,88950.65,0.35382503226923934,164.0302419300823,2,2.070712071650095,0
359,2026-01-02T04:00:00.000Z,88637.64,-0.3518917512126074,-57.103536797195645,0,1.7216409481756605,0
360,2026-01-02T05:00:00.000Z,88765.2,0.1439117738242901,-22.106624715569602,0,1.1588742281374573,0
361,2026-01-02T06:00:00.000Z,88935.04,0.19133624438405494,30.122431130339965,0,1.2376026237659432,0
362,2026-01-02T07:00:00.000Z,88857.61,-0.08706354660659166,33.01909981931257,0,1.1472653313579597,0
363,2026-01-02T08:00:00.000Z,89178.13,0.36071193001927515,12.697148946936654,0,1.8078210025201296,0
364,2026-01-02T09:00:00.000Z,89467.32,0.32428354351006217,102.81115734549941,2,2.323304001415212,0
365,2026-01-02T10:00:00.000Z,89666.29,0.22239405405235502,58.230463591948165,2,2.7802280290243155,0
366,2026-01-02T11:00:00.000Z,89502.95,-0.18216433399886878,-56.461225617545395,0,1.4243371946941121,0
367,2026-01-02T12:00:00.000Z,89400.0,-0.11502414166236763,-36.33092092863571,0,1.0214210786070537,0
368,2026-01-02T13:00:00.000Z,89348.68,-0.05740492170023259,23.799280696704628,0,0.8866600756005315,0
369,2026-01-02T14:00:00.000Z,89580.0,0.2588958225236304,347.53100014643667,2,4.279562745342282,1
370,2026-01-02T15:00:00.000Z,89418.11,-0.1807211431123057,-27.92829041942644,0,3.2478165599631295,0
371,2026-01-02T16:00:00.000Z,90376.05,1.0713042357974212,60.244126771454766,2,3.05229161597899,0
372,2026-01-02T17:00:00.000Z,90370.52,-0.006118877733640726,-46.24398328743881,0,1.8721273559587623,0
373,2026-01-02T18:00:00.000Z,89773.1,-0.6610784136242609,-36.60794186380769,1,2.7100267672150236,0
374,2026-01-02T19:00:00.000Z,89897.23,0.13827081831860877,-42.69187382129829,0,0.8996384335364574,0
375,2026-01-02T20:00:00.000Z,89740.0,-0.17489971604240928,10.821068390325372,0,0.696824782257853,0
376,2026-01-02T21:00:00.000Z,90065.8,0.3630488076665994,-38.50534178336683,0,1.5601898799482565,0
377,2026-01-02T22:00:00.000Z,90195.37,0.14386148793437137,23.81566808076292,0,0.6870151101105696,0
378,2026-01-02T23:00:00.000Z,89995.13,-0.22200696111118745,-39.20521775179115,0,1.0517465260912389,0
379,2026-01-03T00:00:00.000Z,90156.19,0.17896523956351107,19.855352335376118,0,0.9002696613142473,0
380,2026-01-03T01:00:00.000Z,90282.69,0.14031205178479667,-20.817361875897166,0,0.8783801823999261,0
381,2026-01-03T02:00:00.000Z,90340.0,0.06347839214804196,29.28108401431624,0,0.5868198377606443,0
382,2026-01-03T03:00:00.000Z,90321.22,-0.02078813371706456,-39.23176694231556,0,0.8684768948880368,0
383,2026-01-03T04:00:00.000Z,90170.0,-0.16742466499013453,121.36771453545303,0,1.4460366863452108,0
384,2026-01-03T05:00:00.000Z,90031.1,-0.15404236442274621,-45.82054656293193,0,0.9423504875208121,0
385,2026-01-03T06:00:00.000Z,89871.05,-0.17777190326454528,22.879565999134876,0,0.8205079992828878,0
386,2026-01-03T07:00:00.000Z,89577.13,-0.3270463625383191,217.85942939816417,0,2.7692644656420438,0
387,2026-01-03T08:00:00.000Z,89670.51,0.10424535816226932,-47.33231388131254,0,0.7506565726466912,0
388,2026-01-03T09:00:00.000Z,89791.99,0.13547374716615934,-10.532645901853321,0,0.625524741347021,0
389,2026-01-03T10:00:00.000Z,89754.47,-0.04178546438273756,-33.96844371089938,0,0.7677702598004553,0
390,2026-01-03T11:00:00.000Z,89752.74,-0.0019274806034697,-40.01700734810245,0,1.0055011268380833,0
391,2026-01-03T12:00:00.000Z,90039.13,0.3190877515271362,130.48632237004557,0,1.8690208451275214,0
392,2026-01-03T13:00:00.000Z,90004.96,-0.037950166777489525,-23.223649201687568,0,0.7242022190440833,0
393,2026-01-03T14:00:00.000Z,90126.02,0.13450369846284005,3.8146074766104654,0,0.6404251330035863,0
394,2026-01-03T15:00:00.000Z,89969.31,-0.17387875332784963,-47.90794635389535,0,1.1072297126474544,0
395,2026-01-03T16:00:00.000Z,90105.24,0.1510848532683129,28.898858365875668,0,0.9936400061050149,0
396,2026-01-03T17:00:00.000Z,90093.99,-0.01248540040512669,-58.124574705017295,0,1.2952357909748213,0
397,2026-01-03T18:00:00.000Z,90138.87,0.04981464357387555,69.1479062737323,0,1.346169686532071,0
398,2026-01-03T19:00:00.000Z,90123.77,-0.016751929550473665,-36.49586647756412,0,1.3515583881990958,0
399,2026-01-03T20:00:00.000Z,90372.39,0.2758650686716768,98.72686101249684,0,1.7645260050205784,0
400,2026-01-03T21:00:00.000Z,90564.31,0.21236574577701006,122.81982612635902,0,1.9463837122050531,0
401,2026-01-03T22:00:00.000Z,90590.04,0.028410750327578782,8.673274129660037,0,1.293311098517714,0
402,2026-01-03T23:00:00.000Z,90628.01,0.04191410004896756,-28.463691983599304,0,1.1886038790462858,0
403,2026-01-04T00:00:00.000Z,91341.47,0.787240059668104,460.3393697099046,2,4.878633135214534,1
404,2026-01-04T01:00:00.000Z,91235.37,-0.11615753501668102,-78.40393600301023,0,1.2518936944718486,0
405,2026-01-04T02:00:00.000Z,91124.0,-0.122068886222515,-25.841402374108856,0,0.9050010855311836,0
406,2026-01-04T03:00:00.000Z,91236.78,0.12376541855054768,17.948908582216916,0,0.8661137146642215,0
407,2026-01-04T04:00:00.000Z,91400.0,0.17889715090777525,39.43895994663163,0,1.1775775848516572,0
408,2026-01-04T05:00:00.000Z,91480.04,0.08757111597372802,-62.323162217648374,0,1.237887681417125,0
409,2026-01-04T06:00:00.000Z,91237.55,-0.26507421728280134,333.2209686331996,1,3.844996200669721,1
410,2026-01-04T07:00:00.000Z,91532.0,0.32272896411620344,-38.89949103922531,0,1.5976896595041115,0
411,2026-01-04T08:00:00.000Z,91374.99,-0.1715356378097166,36.004707786723756,0,1.372661506072981,0
412,2026-01-04T09:00:00.000Z,91468.28,0.10209577040718454,51.58976891653244,0,2.0156655072771676,0
413,2026-01-04T10:00:00.000Z,91600.62,0.14468403691421106,-29.3350649153032,0,1.3843563775563068,0
414,2026-01-04T11:00:00.000Z,91300.0,-0.32818555158250495,-44.45918964832553,0,1.4409613057294404,0
415,2026-01-04T12:00:00.000Z,91150.98,-0.16322015334063744,23.071058793180764,0,0.9349666642338175,0
416,2026-01-04T13:00:00.000Z,91264.0,0.12399208434183961,-40.01142357881401,0,0.9578296839845365,0
417,2026-01-04T14:00:00.000Z,91336.39,0.0793193373071599,-0.2235841959575824,0,0.7457907447057466,0
418,2026-01-04T15:00:00.000Z,91334.94,-0.0015875381104923925,16.50306070434626,0,0.6796017436388004,0
419,2026-01-04T16:00:00.000Z,91321.0,-0.0152625052362243,2.9854283370566836,0,0.7380003187912008,0
420,2026-01-04T17:00:00.000Z,91335.73,0.016129915353535473,-57.99825464822137,0,1.216533417219667,0
421,2026-01-04T18:00:00.000Z,91205.39,-0.14270428451165218,122.2037385859048,0,1.511683724867623,0
422,2026-01-04T19:00:00.000Z,91138.07,-0.07381142715358058,22.199817184961535,0,0.6944403864057869,0
423,2026-01-04T20:00:00.000Z,91313.94,0.19297095055885727,-60.37601053718239,0,1.3577668313701228,0
424,2026-01-04T21:00:00.000Z,91279.99,-0.03717942736891633,-8.259066383915393,0,0.9055142483423285,0
425,2026-01-04T22:00:00.000Z,91220.01,-0.06570991079206667,10.118965153528613,0,0.8792968573739908,0
426,2026-01-04T23:00:00.000Z,91529.73,0.3395307674270098,160.63524963472796,0,2.2287771883779772,0
427,2026-01-05T00:00:00.000Z,92405.46,0.9567710950310948,430.81962273539443,2,4.536640029083596,1
428,2026-01-05T01:00:00.000Z,92967.28,0.6079943760898932,-4.091852637416049,2,2.2000809999489834,0
429,2026-01-05T02:00:00.000Z,93033.11,0.0708098591246209,-53.796003481864275,0,1.2694672605182606,0
430,2026-01-05T03:00:00.000Z,92878.22,-0.1664891133919988,-34.82439986673318,0,0.841400062152036,0
431,2026-01-05T04:00:00.000Z,92595.07,-0.30486157034447237,-1.1186360454851885,0,1.394283822067081,0
432,2026-01-05T05:00:00.000Z,92359.99,-0.25387960719722713,-31.978319428818825,0,1.02699160411047,0
433,2026-01-05T06:00:00.000Z,92491.81,0.1427241384499789,-19.930505969471056,0,0.7176928273471855,0
434,2026-01-05T07:00:00.000Z,92520.63,0.031159515637124713,64.87901249965897,0,0.9126696613706934,0
435,2026-01-05T08:00:00.000Z,92467.53,-0.057392605303274724,14.08637807281503,0,0.49836140886884434,0
436,2026-01-05T09:00:00.000Z,92688.6,0.23907851761586496,6.973055090629199,0,1.1881526570760286,0
437,2026-01-05T10:00:00.000Z,93080.0,0.42227415237687804,5.655504612923168,0,1.7624169491561108,0
438,2026-01-05T11:00:00.000Z,93134.26,0.05829394069616356,-16.730565477822545,0,0.5679480038957676,0
439,2026-01-05T12:00:00.000Z,92874.28,-0.2791453971932478,-20.108586689741347,0,1.1215262182166554,0
440,2026-01-05T13:00:00.000Z,92742.74,-0.14163232274855275,7.200435107841074,0,0.682021332601273,0
441,2026-01-05T14:00:00.000Z,93428.0,0.7388826338320387,178.67599990835973,2,1.1607143934542858,0
442,2026-01-05T15:00:00.000Z,93957.73,0.566992764481733,42.3700693334166,2,1.1461853584783734,0
443,2026-01-05T16:00:00.000Z,93701.31,-0.2729099564240167,-32.677150136477614,0,1.6090304795846029,0
444,2026-01-05T17:00:00.000Z,94317.84,0.657973725233929,-11.123621370624937,2,1.6598505281893765,0
445,2026-01-05T18:00:00.000Z,94449.62,0.13971906057221872,-15.5382311528935,0,1.0019936496728041,0
446,2026-01-05T19:00:00.000Z,94303.4,-0.15481269273502907,-21.81071984891908,0,0.6511878915781594,0
447,2026-01-05T20:00:00.000Z,94177.99,-0.1329856611744562,48.63188724734948,0,1.4205685665906767,0
448,2026-01-05T21:00:00.000Z,94095.78,-0.08729215817836478,-58.09879359516022,0,0.8110887688309185,0
449,2026-01-05T22:00:00.000Z,94171.22,0.080173627340141,-21.913522368106076,0,0.6264992483456241,0
450,2026-01-05T23:00:00.000Z,93859.71,-0.33079108457976236,6.54383101788818,0,1.287831217684508,0
451,2026-01-06T00:00:00.000Z,93816.7,-0.045823708596592905,32.23959142312631,0,0.44687261164675757,0
452,2026-01-06T01:00:00.000Z,93771.82,-0.04783796488256886,-26.454388875437175,0,0.5315697775558921,0
453,2026-01-06T02:00:00.000Z,93620.6,-0.1612637997215005,-12.49673429857523,0,0.7124990394885229,0
454,2026-01-06T03:00:00.000Z,93769.24,0.1587684761687136,-15.111389303193778,0,0.8123877363729113,0
455,2026-01-06T04:00:00.000Z,93801.07,0.03394503357390111,-18.878381044203472,0,0.6645787162922386,0
456,2026-01-06T05:00:00.000Z,93599.99,-0.2143685567765896,75.82891921774258,0,1.1786147177311934,0
457,2026-01-06T06:00:00.000Z,93780.01,0.19232908037702945,32.34524411722879,0,0.8778378180423216,0
458,2026-01-06T07:00:00.000Z,93255.08,-0.55974615485751,59.710430765221844,0,2.360949917754569,0
459,2026-01-06T08:00:00.000Z,93240.17,-0.015988405135680672,-58.64786169566312,0,0.7794850377395026,0
460,2026-01-06T09:00:00.000Z,93462.72,0.23868467850283182,-7.9242004402186765,0,1.0132745615367647,0
461,2026-01-06T10:00:00.000Z,93579.56,0.1250124113657325,-16.566748603854066,0,0.7682858951465038,0
462,2026-01-06T11:00:00.000Z,93840.0,0.2783086391942913,47.70765391188494,0,1.2149887842327853,0
463,2026-01-06T12:00:00.000Z,93872.16,0.03427109974425413,-16.094352188142523,0,0.5984942383474877,0
464,2026-01-06T13:00:00.000Z,93716.53,-0.16578930323964958,-6.939257595723502,0,0.7678083843020502,0
465,2026-01-06T14:00:00.000Z,93836.81,0.12834448735992154,431.84045689510873,2,3.9917990653735913,1
466,2026-01-06T15:00:00.000Z,93648.99,-0.20015599422017472,-15.445509401177816,0,2.4638148252959917,0
467,2026-01-06T16:00:00.000Z,92692.32,-1.0215486573854071,55.80893748769415,1,1.5368264137196799,0
468,2026-01-06T17:00:00.000Z,91589.24,-1.1900446552637778,-19.185897791986793,1,2.1867838398116177,0
469,2026-01-06T18:00:00.000Z,92034.09,0.4857011587823923,-20.01628082601654,2,1.520877034279685,0
470,2026-01-06T19:00:00.000Z,92104.5,0.07650426054084392,-48.59704303696195,0,0.8112659064291472,0
471,2026-01-06T20:00:00.000Z,92505.32,0.43517960577388326,5.664554708656966,0,1.8891705305941633,0
472,2026-01-06T21:00:00.000Z,93258.05,0.8137153625326521,141.78833610114629,2,1.5316699614008926,0
473,2026-01-06T22:00:00.000Z,93362.68,0.11219406796516562,-61.91469337501609,0,1.1987676634538358,0
474,2026-01-06T23:00:00.000Z,93747.97,0.4126809556024069,-50.32854956877182,0,1.8715956991585647,0
475,2026-01-07T00:00:00.000Z,92709.52,-1.1077039854836324,137.75641429799052,1,2.111548766235196,0
476,2026-01-07T01:00:00.000Z,92435.35,-0.2957301472383822,11.088601501179873,0,1.6310692891832963,0
477,2026-01-07T02:00:00.000Z,92949.77,0.5565186911717257,-36.06472978368602,2,2.521000616675678,0
478,2026-01-07T03:00:00.000Z,92815.83,-0.14409933451153822,-50.833290141441864,0,1.3891436678790112,0
479,2026-01-07T04:00:00.000Z,92670.29,-0.15680514843212645,8.46090826128425,0,1.275374104714476,0
480,2026-01-07T05:00:00.000Z,92529.54,-0.15188255049164434,-28.817251168777215,0,1.352826078387956,0
481,2026-01-07T06:00:00.000Z,92614.84,0.09218677624465155,5.853389646687268,0,1.2407462933150295,0
482,2026-01-07T07:00:00.000Z,92879.13,0.28536463486845687,6.485860063167381,0,1.592116383603466,0
483,2026-01-07T08:00:00.000Z,92718.9,-0.17251453582738385,2.8340033256553543,0,1.2960558460360723,0
484,2026-01-07T09:00:00.000Z,91716.14,-1.0815054967218019,377.43070941025303,1,3.093721761831128,0
485,2026-01-07T10:00:00.000Z,91975.31,0.2825783989600872,-57.23136612805092,0,1.812839823861626,0
486,2026-01-07T11:00:00.000Z,92087.21,0.1216630854519618,0.7660910122419207,0,1.349325055798908,0
487,2026-01-07T12:00:00.000Z,91997.86,-0.09702758939054146,-41.35575243842019,0,1.494526579987131,0
488,2026-01-07T13:00:00.000Z,92044.67,0.05088161833328719,39.34164506144477,0,1.3772765344525955,0
489,2026-01-07T14:00:00.000Z,91959.04,-0.09303091640179284,222.22457212422552,0,3.1084970232809916,0
490,2026-01-07T15:00:00.000Z,91349.96,-0.662338362818915,0.4995376219938841,1,2.1935294275561,0
491,2026-01-07T16:00:00.000Z,91264.54,-0.09350852479849125,-52.75586395002648,0,1.5342798056277278,0
492,2026-01-07T17:00:00.000Z,91252.14,-0.013586876129534353,-19.14236079520103,0,1.2075490066899286,0
493,2026-01-07T18:00:00.000Z,90901.39,-0.3843745472708937,48.91557207709467,0,1.9965240909490922,0
494,2026-01-07T19:00:00.000Z,91186.07,0.3131745290143595,-25.04690123600778,0,1.6360211124262656,0
495,2026-01-07T20:00:00.000Z,91047.49,-0.15197496722909598,-28.272018329277714,0,1.0628912943520699,0
496,2026-01-07T21:00:00.000Z,91089.5,0.04614075577480392,-44.07634557001241,0,0.9091742950108918,0
497,2026-01-07T22:00:00.000Z,91180.85,0.10028598246780707,47.89972197063626,0,0.9229012975711326,0
498,2026-01-07T23:00:00.000Z,91364.16,0.20104002101317686,74.5969721801416,0,1.2715665695132807,0
499,2026-01-08T00:00:00.000Z,91394.71,0.03343761930281186,-41.69090268226249,0,0.6258636869614588,0
500,2026-01-08T01:00:00.000Z,91428.4,0.036862089720490765,-17.054956239002507,0,0.40618095323937814,0
501,2026-01-08T02:00:00.000Z,90956.49,-0.5161525302859848,86.34993935235894,0,2.3667817352595817,0
502,2026-01-08T03:00:00.000Z,90813.4,-0.15731697650163134,-4.081442329689288,0,0.7988418313473652,0
503,2026-01-08T04:00:00.000Z,91022.75,0.23052765340798587,-34.76734933041815,0,1.0741400878453293,0
504,2026-01-08T05:00:00.000Z,90829.58,-0.21222166985725988,-17.210769253199988,0,0.867401532890934,0
505,2026-01-08T06:00:00.000Z,89898.01,-1.025624031290251,359.7969837243887,1,2.6447098403346945,0
506,2026-01-08T07:00:00.000Z,90548.02,0.7230527127352504,-19.548727382388464,2,1.6003809576009294,0
507,2026-01-08T08:00:00.000Z,90227.25,-0.35425401902769993,-23.060615788041105,0,1.9148000570933745,0
508,2026-01-08T09:00:00.000Z,90010.0,-0.24078091707327998,-38.9475639499402,0,1.0171810929760863,0
509,2026-01-08T10:00:00.000Z,90410.1,0.444506165981573,2.428589509086909,0,2.0270393843389694,0
510,2026-01-08T11:00:00.000Z,90226.77,-0.2027760172812587,4.212860108287786,0,0.8343889078847311,0
511,2026-01-08T12:00:00.000Z,89989.21,-0.2632921471088845,80.96237996434293,0,1.537195244035681,0
512,2026-01-08T13:00:00.000Z,89962.14,-0.030081384201519068,-55.5425238281428,0,0.7208942959273307,0
513,2026-01-08T14:00:00.000Z,90024.01,0.06877337511090875,244.72000849746522,2,2.5463894619698637,0
514,2026-01-08T15:00:00.000Z,90781.57,0.8415088374757129,-6.156557662885486,2,1.5202605417777868,0
515,2026-01-08T16:00:00.000Z,90926.84,0.1600214669122746,-40.08156500101623,0,1.2674132804712963,0
516,2026-01-08T17:00:00.000Z,91366.39,0.4834106189107734,2.164972436445445,2,2.026106386937835,0
517,2026-01-08T18:00:00.000Z,91117.35,-0.272572879370625,-40.81431206097227,0,1.2687229395644122,0
518,2026-01-08T19:00:00.000Z,90937.41,-0.197481599278293,-20.894042008928515,0,1.0041805914159638,0
519,2026-01-08T20:00:00.000Z,90927.62,-0.010765646393495754,16.426845476889707,0,0.4818117095796619,0
520,2026-01-08T21:00:00.000Z,91272.96,0.3797965898590716,32.19818574903823,0,1.5845609292553662,0
521,2026-01-08T22:00:00.000Z,91231.9,-0.04498594107171794,-33.69942408947507,0,0.708984351386693,0
522,2026-01-08T23:00:00.000Z,91099.99,-0.14458758394814142,-44.00600250655909,0,0.9725341720686024,0
523,2026-01-09T00:00:00.000Z,91290.33,0.20893525893910248,-23.288696969509104,0,1.1616837038239802,0
524,2026-01-09T01:00:00.000Z,91056.19,-0.25647842438514257,204.09613381420976,0,2.6870626101232467,0
525,2026-01-09T02:00:00.000Z,91038.38,-0.019559351209397224,-20.980758367668006,0,0.5791469717111669,0
526,2026-01-09T03:00:00.000Z,91220.23,0.1997509182390944,-3.086855758763407,0,0.894631022098953,0
527,2026-01-09T04:00:00.000Z,91012.8,-0.22739473469864935,-22.842178908008858,0,1.0050847460101873,0
528,2026-01-09T05:00:00.000Z,91091.82,0.08682295237594229,-9.351298811665343,0,0.7142212778853917,0
529,2026-01-09T06:00:00.000Z,91137.58,0.05023502659184942,-28.305575066410583,0,0.8224126997476989,0
530,2026-01-09T07:00:00.000Z,90741.84,-0.4342226335173782,219.55469226276546,0,2.85334524464223,0
531,2026-01-09T08:00:00.000Z,90033.52,-0.7805880947531985,70.56375591712857,1,1.2904904888380937,0
532,2026-01-09T09:00:00.000Z,90338.46,0.33869607675007796,-55.560091240151664,0,1.5066087038923397,0
533,2026-01-09T10:00:00.000Z,90485.87,0.1631752411984655,-21.806816871125136,0,0.7445019321412276,0
534,2026-01-09T11:00:00.000Z,90463.11,-0.02515309848929448,36.241355909786364,0,0.4027628686662191,0
535,2026-01-09T12:00:00.000Z,90449.23,-0.015343270864776049,27.6685956801185,0,0.5031705602637262,0
536,2026-01-09T13:00:00.000Z,90607.66,0.17515903673255284,4.7107041408701145,0,0.9978574983078534,0
537,2026-01-09T14:00:00.000Z,90150.0,-0.505100782869794,16.285750717413407,0,2.29863895101662,0
538,2026-01-09T15:00:00.000Z,91176.47,1.138624514697728,309.474239675243,2,5.5559726599759385,1
539,2026-01-09T16:00:00.000Z,91623.89,0.490718712843341,-66.77031414175315,2,2.3191912558218037,0
540,2026-01-09T17:00:00.000Z,91422.23,-0.2200954358082874,-39.75465920432322,0,1.3468312115776893,0
541,2026-01-09T18:00:00.000Z,90820.31,-0.6583956659118928,-19.99547591860038,1,2.7439663658660116,0
542,2026-01-09T19:00:00.000Z,90332.15,-0.5375009180215384,4.977746747379985,0,2.209828406390673,0
543,2026-01-09T20:00:00.000Z,90303.36,-0.031871266210303784,-45.847181276338354,0,0.7945410283425314,0
544,2026-01-09T21:00:00.000Z,90541.97,0.26423158562427496,-33.91632708478846,0,1.413212581325194,0
545,2026-01-09T22:00:00.000Z,90630.08,0.09731398598904484,177.9611339554372,0,1.974688545437689,0
546,2026-01-09T23:00:00.000Z,90641.28,0.012357927963879689,-68.06542751518457,0,1.2051765070997875,0
547,2026-01-10T00:00:00.000Z,90600.0,-0.045542163570500005,-17.724133825908883,0,0.9313663617630077,0
548,2026-01-10T01:00:00.000Z,90688.0,0.0971302428256049,-25.150586753338743,0,1.0874043321724263,0
549,2026-01-10T02:00:00.000Z,90697.17,0.010111591390260521,23.428187425640743,0,0.9109035180576817,0
550,2026-01-10T03:00:00.000Z,90626.14,-0.07831556376014515,-10.601404976673667,0,0.9843904040596188,0
551,2026-01-10T04:00:00.000Z,90448.3,-0.19623477288119862,32.014426738597514,0,1.072925458647875,0
552,2026-01-10T05:00:00.000Z,90603.52,0.17161184897891424,-48.80260131965625,0,1.283295881553562,0
553,2026-01-10T06:00:00.000Z,90505.47,-0.1082187535318746,-12.145328305699232,0,1.1018128440795025,0
554,2026-01-10T07:00:00.000Z,90678.5,0.19118181475661356,126.788323549829,0,1.7245074717491364,0
555,2026-01-10T08:00:00.000Z,90661.95,-0.018251294408266894,71.4435635486197,0,0.9462906355414491,0
556,2026-01-10T09:00:00.000Z,90768.96,0.11803187555530226,-44.963229859866104,0,1.0542945079854829,0
557,2026-01-10T10:00:00.000Z,90828.0,0.0650442618269409,-20.17598256860621,0,0.9714680991131389,0
558,2026-01-10T11:00:00.000Z,90723.86,-0.11465627339586337,-41.828932153369976,0,1.1296123812971686,0
559,2026-01-10T12:00:00.000Z,90733.71,0.010857121820007087,28.40608145638377,0,0.9365199272920512,0
560,2026-01-10T13:00:00.000Z,90656.51,-0.08508414347877524,-12.289783304245116,0,0.9334854237915038,0
561,2026-01-10T14:00:00.000Z,90591.01,-0.0722507407355577,73.93890466023068,0,1.1105765776602128,0
562,2026-01-10T15:00:00.000Z,90665.75,0.0825026677591989,-35.911236130342296,0,1.1759320243105094,0
563,2026-01-10T16:00:00.000Z,90676.66,0.012033209894579677,54.35448234250983,0,1.122751946095149,0
564,2026-01-10T17:00:00.000Z,90544.96,-0.14524134435476288,7.048257630798038,0,0.9841038679188604,0
565,2026-01-10T18:00:00.000Z,90595.62,0.05595010478771645,3.7113228067019444,0,1.2642725029235353,0
566,2026-01-10T19:00:00.000Z,90626.54,0.03412968529825644,-52.09998308939956,0,1.6883766114621626,0
567,2026-01-10T20:00:00.000Z,90572.86,-0.05923209691112152,30.86881176710714,0,1.5250277229820612,0
568,2026-01-10T21:00:00.000Z,90510.74,-0.06858566683219935,45.84353592481085,0,1.6523950907973595,0
569,2026-01-10T22:00:00.000Z,90427.76,-0.09167972773177491,11.521120220831872,0,1.5402566177668784,0
570,2026-01-10T23:00:00.000Z,90504.7,0.0850844917534177,-47.10014217230446,0,1.6186106859159788,0
571,2026-01-11T00:00:00.000Z,90640.44,0.1499811611993751,33.7455660752584,0,1.561128573379983,0
572,2026-01-11T01:00:00.000Z,90628.23,-0.013470808394144829,-27.0137263954615,0,1.5294850206590385,0
573,2026-01-11T02:00:00.000Z,90699.0,0.07808825130977137,47.43910157610429,0,1.6034188852299576,0
574,2026-01-11T03:00:00.000Z,90733.5,0.03803790559984144,16.180630683996423,0,1.5606612179033212,0
575,2026-01-11T04:00:00.000Z,90785.48,0.0572886530333383,-0.7862845751057335,0,1.5916601709642981,0
576,2026-01-11T05:00:00.000Z,90774.43,-0.012171549899830936,-9.720645210090439,0,1.596922081964337,0
577,2026-01-11T06:00:00.000Z,90744.0,-0.03352265610480076,32.65198684652218,0,1.6311639253293955,0
578,2026-01-11T07:00:00.000Z,90710.79,-0.03659746098916283,-36.99282746566941,0,1.7366248799425783,0
579,2026-01-11T08:00:00.000Z,90790.01,0.08733249925394482,144.49286531282763,0,2.595629161329299,0
580,2026-01-11T09:00:00.000Z,90740.02,-0.05506112401573171,-30.890472442834394,0,1.7934532072325227,0
581,2026-01-11T10:00:00.000Z,90736.67,-0.003691866058663784,-31.945769438281612,0,1.7745106120509713,0
582,2026-01-11T11:00:00.000Z,90754.99,0.020190293516408886,4.589117567198886,0,1.7433241712801608,0
583,2026-01-11T12:00:00.000Z,90938.13,0.20179606653034643,64.23714089713968,0,1.9966968170434043,0
584,2026-01-11T13:00:00.000Z,90849.45,-0.09751685019254719,-27.157671240943294,0,1.669164527266648,0
585,2026-01-11T14:00:00.000Z,91127.16,0.30568154237589074,83.40090929674398,0,2.3858373214226956,0
586,2026-01-11T15:00:00.000Z,90875.79,-0.2758453132962857,75.65793831696507,0,3.1149328352591117,0
587,2026-01-11T16:00:00.000Z,91039.15,0.1797618485627428,-21.545704567147205,0,2.1979604723844886,0
588,2026-01-11T17:00:00.000Z,90986.68,-0.05763454513799671,-39.6639437060004,0,1.5102689039186852,0
589,2026-01-11T18:00:00.000Z,90886.68,-0.10990619725876893,-24.210184741494846,0,1.4182497601121906,0
590,2026-01-11T19:00:00.000Z,90690.8,-0.2155211302690252,-10.501520947900678,0,1.4608579990911383,0
591,2026-01-11T20:00:00.000Z,90708.26,0.01925222845093888,212.17930248309688,0,3.1974382949414104,0
592,2026-01-11T21:00:00.000Z,90757.06,0.05379884918970124,-56.170239719068825,0,1.44679315912801,0
593,2026-01-11T22:00:00.000Z,90526.02,-0.25456972713747694,17.265236731745183,0,1.572526208405591,0
594,2026-01-11T23:00:00.000Z,91013.65,0.5386628065610299,172.17725078055474,2,1.7295534922724933,0
595,2026-01-12T00:00:00.000Z,91258.65,0.2691903906721693,6.456075132501193,2,2.5038963492407755,0
596,2026-01-12T01:00:00.000Z,91412.44,0.16852101143289833,31.482419486529032,2,2.6240657996267376,0
597,2026-01-12T02:00:00.000Z,92203.56,0.8654401961045943,13.277402520722115,2,1.9609530558263977,0
598,2026-01-12T03:00:00.000Z,91808.12,-0.42887714964585655,-12.155455155294703,0,2.8096849429259825,0
599,2026-01-12T04:00:00.000Z,92175.78,0.400465666871308,-32.789374954920945,0,1.982353761815267,0
600,2026-01-12T05:00:00.000Z,92111.86,-0.06934576523246472,-57.826413678228974,0,0.8248667578512704,0
601,2026-01-12T06:00:00.000Z,91836.34,-0.29911457655942275,1.8155365178576188,0,1.1389605117099624,0
602,2026-01-12T07:00:00.000Z,91408.09,-0.46631867080069167,79.03079453449892,0,2.0832200007670307,0
603,2026-01-12T08:00:00.000Z,90752.27,-0.717463848112343,159.44765200620304,1,0.7453080746428153,0
604,2026-01-12T09:00:00.000Z,90685.64,-0.07341965110074788,-53.40655772247496,0,0.8479004713494885,0
605,2026-01-12T10:00:00.000Z,90433.46,-0.2780815132362613,-33.96122701468991,0,1.1177712510690874,0
606,2026-01-12T11:00:00.000Z,90620.96,0.20733476304013454,14.414816739310332,0,0.8655891760092621,0
607,2026-01-12T12:00:00.000Z,90789.37,0.18584000875734308,-46.46344007271808,0,1.010559232702904,0
608,2026-01-12T13:00:00.000Z,90636.01,-0.168918453779332,33.82061940958969,0,0.724645915578762,0
609,2026-01-12T14:00:00.000Z,90908.95,0.30113858719067466,296.8497328852688,2,2.340837554006986,0
610,2026-01-12T15:00:00.000Z,91665.0,0.8316562890672508,-20.66549045504259,2,1.71462688859435,0
611,2026-01-12T16:00:00.000Z,92123.52,0.5002127311405813,52.99386558060595,2,1.0219834657509528,0
612,2026-01-12T17:00:00.000Z,91522.83,-0.6520484671015625,-23.422765780820797,1,2.0970035792332338,0
613,2026-01-12T18:00:00.000Z,91691.8,0.1846206023131014,-58.17197692815868,0,1.2357217004340202,0
614,2026-01-12T19:00:00.000Z,91861.27,0.18482568779323305,-33.14205619771927,0,1.0713216265179328,0
615,2026-01-12T20:00:00.000Z,91484.86,-0.40975919448968945,10.669765668375074,0,1.8230769863368284,0
616,2026-01-12T21:00:00.000Z,91055.17,-0.4696842734415285,6.650694999598006,0,1.971207878124275,0
617,2026-01-12T22:00:00.000Z,91244.99,0.20846702059862388,-21.31401077315369,0,1.14585717677964,0
618,2026-01-12T23:00:00.000Z,91296.2,0.05612362936309179,-0.1352494640521007,0,0.7515568473136024,0
619,2026-01-13T00:00:00.000Z,91482.74,0.2043239477656389,6.739287485871293,0,1.035216269265458,0
620,2026-01-13T01:00:00.000Z,91185.35,-0.3250777141130645,32.17390249111991,0,1.433916096209316,0
621,2026-01-13T02:00:00.000Z,91118.3,-0.07353154865338274,-38.5030280249189,0,0.7226303630903355,0
622,2026-01-13T03:00:00.000Z,91408.91,0.31893703021237396,-2.9899669467668866,0,1.334443344054029,0
623,2026-01-13T04:00:00.000Z,91515.16,0.1162359336742913,3.205152090618424,0,0.6472285755632179,0
624,2026-01-13T05:00:00.000Z,91920.99,0.4434565814013691,264.0752809064284,2,1.992840840017244,0
625,2026-01-13T06:00:00.000Z,92184.36,0.28651780186439435,-39.42037454312035,0,1.3181032462805766,0
626,2026-01-13T07:00:00.000Z,91942.0,-0.2629079379625754,17.328931455180154,0,1.0851001780128187,0
627,2026-01-13T08:00:00.000Z,92165.9,0.24352309064410438,-24.919435728623917,0,1.0175666309388383,0
628,2026-01-13T09:00:00.000Z,92269.42,0.11231919831522497,129.79362704964132,2,2.0984702957283106,0
629,2026-01-13T10:00:00.000Z,92128.62,-0.152596602427979,-67.52445686997967,0,0.9421017012558114,0
630,2026-01-13T11:00:00.000Z,92000.74,-0.1388059432562705,2.8144999212320387,0,0.525992324719992,0
631,2026-01-13T12:00:00.000Z,92109.35,0.11805339826613803,-30.775526714528855,0,0.7578707896881982,0
632,2026-01-13T13:00:00.000Z,92076.12,-0.03607668494024496,375.5728248167693,2,3.9195952432973735,1
633,2026-01-13T14:00:00.000Z,92462.03,0.419120614552404,-3.4732301268588506,2,1.520290161986843,0
634,2026-01-13T15:00:00.000Z,93449.99,1.0685034711005237,10.865501030964397,2,2.173203057280518,0
635,2026-01-13T16:00:00.000Z,93389.63,-0.06459069712045906,34.28895363434559,0,2.4896062234714793,0
636,2026-01-13T17:00:00.000Z,93241.99,-0.1580903575696735,-58.54630691801523,0,0.9919426696693681,0
637,2026-01-13T18:00:00.000Z,93633.71,0.4201111537838198,19.44886725482682,2,1.8478470185841482,0
638,2026-01-13T19:00:00.000Z,94226.84,0.6334577578950951,14.165164413930853,2,1.5235363159765338,0
639,2026-01-13T20:00:00.000Z,94408.7,0.19300233351771112,47.79705947009227,0,1.7279544688386441,0
640,2026-01-13T21:00:00.000Z,94087.23,-0.34050887259331475,-26.838604770390408,0,1.5227940544675933,0
641,2026-01-13T22:00:00.000Z,95757.21,1.7749273732471593,194.1222209566899,2,5.968617403637303,1
642,2026-01-13T23:00:00.000Z,95414.0,-0.3584168753454797,-63.06128806373468,0,2.6000320343089087,0
643,2026-01-14T00:00:00.000Z,95236.84,-0.18567505816756702,-48.025282441015506,0,1.308369135596555,0
644,2026-01-14T01:00:00.000Z,95245.6,0.009198121231257517,13.015309119766115,0,0.9061932576167046,0
645,2026-01-14T02:00:00.000Z,95347.46,0.10694457276767544,-21.424408168448338,0,1.0035102636724893,0
646,2026-01-14T03:00:00.000Z,95720.99,0.39175663410435657,-35.19366690846657,0,1.8515077509940279,0
647,2026-01-14T04:00:00.000Z,95245.16,-0.4971010015671573,20.69841225731168,0,2.19692348050297,0
648,2026-01-14T05:00:00.000Z,95005.0,-0.25214929556526267,45.44006968305847,0,1.4277509152137757,0
649,2026-01-14T06:00:00.000Z,95028.87,0.02512499342139929,28.33408697177817,0,1.0676229971292652,0
650,2026-01-14T07:00:00.000Z,95205.1,0.18544890621134957,2.9098648106626657,0,1.1962974877557637,0
651,2026-01-14T08:00:00.000Z,94900.01,-0.3204555218155436,-56.98047971139661,0,1.7322111490239442,0
652,2026-01-14T09:00:00.000Z,95088.24,0.19834560607527862,23.036926482521647,0,1.3313582892707854,0
653,2026-01-14T10:00:00.000Z,95091.75,0.003691308199615939,12.470628470403899,0,1.0263192537288863,0
654,2026-01-14T11:00:00.000Z,94792.99,-0.31418077803804234,-27.61122230160602,0,1.6232853800229685,0
655,2026-01-14T12:00:00.000Z,95077.56,0.3002015233404931,11.358073259470958,0,1.6334653170807438,0
656,2026-01-14T13:00:00.000Z,94998.19,-0.08347921423309534,7.052766528104537,0,1.1089931342561896,0
657,2026-01-14T14:00:00.000Z,96493.15,1.5736720878576582,416.8969813352493,2,5.432616872058735,1
658,2026-01-14T15:00:00.000Z,96764.57,0.28128421551167904,19.436768868945144,2,1.9527097467071157,0
659,2026-01-14T16:00:00.000Z,97293.24,0.546346663866748,-12.682867804455588,2,1.691938706030015,0
660,2026-01-14T17:00:00.000Z,96956.07,-0.346550284480196,-17.62693489791034,0,2.6985130807667197,0
661,2026-01-14T18:00:00.000Z,96806.55,-0.15421417142836846,-42.94770948727583,0,2.039865443371146,0
662,2026-01-14T19:00:00.000Z,97267.42,0.47607315827284946,-7.599812482892931,2,2.2953784363483636,0
663,2026-01-14T20:00:00.000Z,97655.28,0.3987563358830659,8.828705590215069,0,2.2554645098002495,0
664,2026-01-14T21:00:00.000Z,97564.0,-0.09347164843518385,-57.25278161266591,0,1.5343048553881464,0
665,2026-01-14T22:00:00.000Z,96878.34,-0.7027797138288716,109.97269431562349,1,2.3170635232129912,0
666,2026-01-14T23:00:00.000Z,96951.78,0.07580641864837201,-57.911778606041075,0,1.142721482828151,0
667,2026-01-15T00:00:00.000Z,96658.03,-0.3029856697834732,82.62537452520266,0,1.614954062930193,0
668,2026-01-15T01:00:00.000Z,96445.31,-0.22007483496198077,-12.167791365348968,0,1.3567475044360835,0
669,2026-01-15T02:00:00.000Z,96339.91,-0.10928473349299805,-24.378539718380487,0,1.019203859559691,0
670,2026-01-15T03:00:00.000Z,95985.1,-0.36828973579069446,49.26185997036099,0,1.76505967821081,0
671,2026-01-15T04:00:00.000Z,96316.27,0.3450223003361952,-38.887424883578944,0,1.6273923218286535,0
672,2026-01-15T05:00:00.000Z,96429.71,0.11777864736663979,-13.241357926119314,0,0.9733588974746377,0
673,2026-01-15T06:00:00.000Z,96243.78,-0.1928140196626238,12.848793048824314,0,1.049626121466076,0
674,2026-01-15T07:00:00.000Z,96630.48,0.4017921989348361,43.40284797289431,0,1.85450803511608,0
675,2026-01-15T08:00:00.000Z,96643.0,0.012956574364531015,11.969265983097955,0,0.6962120586948503,0
676,2026-01-15T09:00:00.000Z,97040.75,0.4115662800202813,35.40891696542079,0,1.93667338720907,0
677,2026-01-15T10:00:00.000Z,96818.68,-0.22884200709496483,-59.7100854409098,0,1.3615758057235794,0
678,2026-01-15T11:00:00.000Z,96581.08,-0.24540718795174055,41.76455155606935,0,1.2370273276890331,0
679,2026-01-15T12:00:00.000Z,96981.65,0.41474996966279765,-43.439662910392705,0,1.9249180761394182,0
680,2026-01-15T13:00:00.000Z,96846.75,-0.13909847893904814,49.35299480603099,0,1.0768711793394046,0
681,2026-01-15T14:00:00.000Z,96063.43,-0.8088242506847254,227.87855541238727,1,1.6133993960119712,0
682,2026-01-15T15:00:00.000Z,96737.04,0.7012137709428101,44.83840685923253,2,1.137514958942827,0
683,2026-01-15T16:00:00.000Z,96738.51,0.0015195833984682494,-16.37643273362539,0,1.7910035080100994,0
684,2026-01-15T17:00:00.000Z,96636.35,-0.10560427279683315,21.535724640294895,0,2.269830818439146,0
685,2026-01-15T18:00:00.000Z,95835.0,-0.8292428263277807,-11.703893944024301,1,2.005198820121565,0
686,2026-01-15T19:00:00.000Z,95516.01,-0.33285334168101643,-34.81330018724137,0,1.809066517626912,0
687,2026-01-15T20:00:00.000Z,95260.67,-0.2673269120014532,-62.0095423850868,0,1.3420181426005922,0
688,2026-01-15T21:00:00.000Z,95584.35,0.3397834594277116,-43.241500301562,0,1.566607275207621,0
689,2026-01-15T22:00:00.000Z,95583.87,-5.021742576216681E-4,-9.600647016800568,0,0.6210073847346649,0
690,2026-01-15T23:00:00.000Z,95604.8,0.021896999985471233,2.723633161129002,0,0.6028533641425844,0
691,2026-01-16T00:00:00.000Z,95633.5,0.03001941325122548,-25.058226309210006,0,0.7815806498664462,0
692,2026-01-16T01:00:00.000Z,95664.18,0.03208080850329864,93.87757368268461,0,1.0914797153963356,0
693,2026-01-16T02:00:00.000Z,95504.4,-0.1670217630047044,-4.299451433697088,0,0.7580490923899414,0
694,2026-01-16T03:00:00.000Z,95354.69,-0.15675717558562008,-44.27441633728413,0,1.0030626839308983,0
695,2026-01-16T04:00:00.000Z,95261.29,-0.09795008509807523,227.29233641651354,0,2.4420330275601674,0
696,2026-01-16T05:00:00.000Z,95660.37,0.4189319712130768,6.542779462744197,0,1.646443680774846,0
697,2026-01-16T06:00:00.000Z,95741.21,0.08450730433093856,-40.604334984050574,0,0.7159167647994022,0
698,2026-01-16T07:00:00.000Z,95653.16,-0.0919666672272057,-8.982454411068808,0,0.5217918229537464,0
699,2026-01-16T08:00:00.000Z,95676.0,0.023877935658367377,47.32093267412658,0,0.5340982968621988,0
700,2026-01-16T09:00:00.000Z,95613.53,-0.06529328149170732,-70.1933688656802,0,1.1256049401474808,0
701,2026-01-16T10:00:00.000Z,95307.35,-0.3202266457477232,203.84823429977072,0,2.4551637819765517,0
702,2026-01-16T11:00:00.000Z,95429.09,0.12773411494495512,-43.61121413806466,0,0.9418871294488953,0
703,2026-01-16T12:00:00.000Z,95458.55,0.03087108972745778,-4.619662315459805,0,0.6315067287514275,0
704,2026-01-16T13:00:00.000Z,95448.87,-0.010140526961710528,-4.06349411705863,0,0.5264088395241636,0
705,2026-01-16T14:00:00.000Z,95192.36,-0.26874074046134844,124.81897726607909,0,1.7926221024823166,0
706,2026-01-16T15:00:00.000Z,94585.98,-0.6370049024942759,191.54216790495653,1,1.370395698630433,0
707,2026-01-16T16:00:00.000Z,94872.55,0.30297301989152814,-55.464712223061916,0,1.4877072953071546,0
708,2026-01-16T17:00:00.000Z,95076.08,0.2145299140794643,-36.73826878639041,0,1.1530326076923272,0
709,2026-01-16T18:00:00.000Z,95001.19,-0.07876849781774942,-31.120178136941234,0,0.7857296479705075,0
710,2026-01-16T19:00:00.000Z,95002.09,9.473565541595619E-4,-50.05416061067223,0,1.0367580001143661,0
711,2026-01-16T20:00:00.000Z,95553.6,0.5805240705757164,134.97035826194988,2,1.8334090081068353,0
712,2026-01-16T21:00:00.000Z,95523.52,-0.03147971400344618,-17.772843558313934,0,0.6657076259298192,0
713,2026-01-16T22:00:00.000Z,95514.0,-0.009966131901339992,-17.012049105372007,0,0.6268968772747248,0
714,2026-01-16T23:00:00.000Z,95550.94,0.03867495864480208,-49.343986976452534,0,1.1144344733201126,0
715,2026-01-17T00:00:00.000Z,95465.97,-0.08892638837462163,-9.95500733421455,0,1.0152924739842624,0
716,2026-01-17T01:00:00.000Z,95399.93,-0.06917648246805852,-19.25679118580792,0,1.043499865905168,0
717,2026-01-17T02:00:00.000Z,95371.35,-0.02995809326064025,48.78096126294733,0,0.9621090110352449,0
718,2026-01-17T03:00:00.000Z,95372.95,0.0016776526703177197,-14.617799581019163,0,1.026828715974733,0
719,2026-01-17T04:00:00.000Z,95303.64,-0.07267259741886578,-0.6987944348309405,0,1.031408432885115,0
720,2026-01-17T05:00:00.000Z,95323.67,0.021017035655712668,-20.960757588394696,0,1.1487442721366803,0
721,2026-01-17T06:00:00.000Z,95240.07,-0.08770119740457716,20.919996294650687,0,1.0412451047098392,0
722,2026-01-17T07:00:00.000Z,95101.67,-0.1453169868522841,56.9899570250469,0,1.1307636544895068,0
723,2026-01-17T08:00:00.000Z,95247.51,0.15335167090124724,-16.645866423573487,0,1.0296119298418416,0
724,2026-01-17T09:00:00.000Z,95260.65,0.013795636232383224,-36.62518855368706,0,1.1446682289958556,0
725,2026-01-17T10:00:00.000Z,95116.48,-0.15134265827495552,22.0548693284343,0,1.1316035121661823,0
726,2026-01-17T11:00:00.000Z,95323.86,0.21802741228440503,71.99692394021724,0,1.353043537704035,0
727,2026-01-17T12:00:00.000Z,95251.15,-0.07627681044389822,-1.4742740110365027,0,0.8764937213181538,0
728,2026-01-17T13:00:00.000Z,95438.32,0.19650156454804613,5.66385021605238,0,1.0611937484335936,0
729,2026-01-17T14:00:00.000Z,95471.18,0.03443061445338458,13.926493871212053,0,0.8468005971169108,0
730,2026-01-17T15:00:00.000Z,95573.64,0.10732034526022005,188.16173576615478,0,3.2710439846026813,0
731,2026-01-17T16:00:00.000Z,95315.23,-0.27037789917806476,-55.79079348202774,0,1.6536322265884138,0
732,2026-01-17T17:00:00.000Z,95357.24,0.04407480315580248,-57.297510050386876,0,1.3388709762577646,0
733,2026-01-17T18:00:00.000Z,95428.25,0.07446733986846699,-28.82166270433958,0,1.3172045244546509,0
734,2026-01-17T19:00:00.000Z,95291.38,-0.14342712980693895,-36.21649372732131,0,1.4190371405254063,0
735,2026-01-17T20:00:00.000Z,95378.18,0.09108903659489354,1.7964474438704858,0,1.58760314267775,0
736,2026-01-17T21:00:00.000Z,95302.94,-0.07888596741937315,74.71922913608647,0,1.635077267477879,0
737,2026-01-17T22:00:00.000Z,95170.97,-0.1384742170598363,83.46375687327306,0,1.6712575453716054,0
738,2026-01-17T23:00:00.000Z,95147.77,-0.024377181403112402,-47.17564944447379,0,1.5578303927247696,0
739,2026-01-18T00:00:00.000Z,95112.47,-0.03710018637326229,62.01474601263812,0,1.504661656521083,0
740,2026-01-18T01:00:00.000Z,94966.9,-0.15305038340399646,36.13640541525294,0,1.5467995633480522,0
741,2026-01-18T02:00:00.000Z,95022.01,0.058030745449211274,-39.08574893894981,0,1.4161632720403696,0
742,2026-01-18T03:00:00.000Z,95200.29,0.18761968937512918,0.9196642613162886,0,1.4860432500548308,0
743,2026-01-18T04:00:00.000Z,95095.68,-0.10988411905047402,-39.344035255820685,0,1.5035128054486757,0
744,2026-01-18T05:00:00.000Z,95188.55,0.09765953616400758,94.16399469048929,0,1.6480148711636782,0
745,2026-01-18T06:00:00.000Z,95171.43,-0.017985356432059785,-17.98248022605882,0,1.4502871610591908,0
746,2026-01-18T07:00:00.000Z,95028.27,-0.1504232940494732,102.62122283240905,0,1.9390043038955702,0
747,2026-01-18T08:00:00.000Z,95183.93,0.1638038869906655,-57.38534522881302,0,1.5863792055667094,0
748,2026-01-18T09:00:00.000Z,95275.73,0.09644485156266036,149.90177861216077,0,2.2482692908445103,0
749,2026-01-18T10:00:00.000Z,95180.66,-0.0997840688284346,10.233676576713457,0,1.6065109680296552,0
750,2026-01-18T11:00:00.000Z,95168.06,-0.013237983430669509,-48.14175567893586,0,1.4945834602020356,0
751,2026-01-18T12:00:00.000Z,95113.25,-0.057592852055610155,-31.150525670298745,0,1.4904594904606565,0
752,2026-01-18T13:00:00.000Z,95146.82,0.03529476702772705,167.11885648973515,0,2.35754182519702,0
753,2026-01-18T14:00:00.000Z,94955.79,-0.20077391971693448,61.53944934198861,0,2.40680025093289,0
754,2026-01-18T15:00:00.000Z,95119.28,0.17217486158558337,-63.11794043706337,0,1.6397453716135046,0
755,2026-01-18T16:00:00.000Z,95169.35,0.05263917052358291,-45.81882323999329,0,1.5771920597673403,0
756,2026-01-18T17:00:00.000Z,95274.36,0.1103401462760889,39.57752511034738,0,1.5291745889911146,0
757,2026-01-18T18:00:00.000Z,95439.6,0.17343595905552345,175.35625088093065,0,2.7166532600398776,0
758,2026-01-18T19:00:00.000Z,95380.99,-0.06141056752123619,-36.11171075755908,0,1.5214649026133262,0
759,2026-01-18T20:00:00.000Z,95304.01,-0.08070790626100166,-70.06426421478196,0,1.6778202626081722,0
760,2026-01-18T21:00:00.000Z,95430.44,0.13265968556832597,4.640977408380809,0,1.5494565531262825,0
761,2026-01-18T22:00:00.000Z,95498.61,0.07143423000040006,292.5090811488097,0,3.5215024396349235,0
762,2026-01-18T23:00:00.000Z,93673.14,-1.9115147330416637,503.44753709511343,1,7.401525051238573,1
763,2026-01-19T00:00:00.000Z,92711.02,-1.0271033937796825,118.65475569224829,1,7.469238009654748,1
764,2026-01-19T01:00:00.000Z,92586.65,-0.13414802253282065,-78.42472413123178,0,1.8850782685224103,0
765,2026-01-19T02:00:00.000Z,92566.8,-0.021439375979137587,-50.32856304491467,0,0.9404563438076456,0
766,2026-01-19T03:00:00.000Z,92690.09,0.13319030149037125,22.97732813158373,0,0.989754901357402,0
767,2026-01-19T04:00:00.000Z,92665.0,-0.0270686974195411,-9.03591499431876,0,0.7940827197224644,0
768,2026-01-19T05:00:00.000Z,92511.77,-0.16535908919225184,-29.294155621802144,0,0.992031006862035,0
769,2026-01-19T06:00:00.000Z,92583.27,0.07728746298985012,19.328228868578634,0,0.8462784478484856,0
770,2026-01-19T07:00:00.000Z,92841.62,0.2790460954770646,-1.3597962553709486,0,1.3321478040891828,0
771,2026-01-19T08:00:00.000Z,93259.09,0.44965824594616066,105.49230861562866,2,1.541517104580279,0
772,2026-01-19T09:00:00.000Z,93060.06,-0.21341619353137942,-45.14312060325234,0,1.22947582533165,0
773,2026-01-19T10:00:00.000Z,93064.88,0.0051794507762048525,-44.55963222839492,0,1.1262741421119324,0
774,2026-01-19T11:00:00.000Z,93191.96,0.13654989938203244,15.986361260960734,0,1.0484891555913776,0
775,2026-01-19T12:00:00.000Z,93070.6,-0.1302258263481071,92.19847610555976,0,1.3773367905413447,0
776,2026-01-19T13:00:00.000Z,93031.86,-0.04162431530473354,-44.29736586687856,0,1.0124867623602347,0
777,2026-01-19T14:00:00.000Z,92812.43,-0.23586543362672518,27.84117363959624,0,1.2186107418165348,0
778,2026-01-19T15:00:00.000Z,93068.62,0.27602983781376267,11.79891501440733,0,1.3884597366506939,0
779,2026-01-19T16:00:00.000Z,93301.86,0.2506107858911033,-18.664294302494678,0,1.3649268587788856,0
780,2026-01-19T17:00:00.000Z,93242.99,-0.0630962769659682,-5.894594360883188,0,0.9649801547792818,0
781,2026-01-19T18:00:00.000Z,93065.84,-0.1899874725167061,-34.06417651242239,0,1.241050259708375,0
782,2026-01-19T19:00:00.000Z,93105.85,0.04299106954819276,-23.74886200807216,0,1.1927631541617505,0
783,2026-01-19T20:00:00.000Z,93141.94,0.03876233340869284,-0.7248354952307468,0,1.1206096579336595,0
784,2026-01-19T21:00:00.000Z,93003.42,-0.14871925579390544,34.81751569223579,0,1.1394377038604684,0
785,2026-01-19T22:00:00.000Z,92565.78,-0.47056334057392624,55.42724352626254,0,2.07425808734764,0
786,2026-01-19T23:00:00.000Z,92631.0,0.0704580029466717,110.58924288160021,0,1.50974086659894,0
787,2026-01-20T00:00:00.000Z,92717.9,0.09381308633178431,-58.7365439638028,0,1.1730962261505116,0
788,2026-01-20T01:00:00.000Z,92716.48,-0.0015315273534044493,-22.552451366319048,0,0.8576739899722167,0
789,2026-01-20T02:00:00.000Z,92552.16,-0.17722847114125528,40.785917672907466,0,1.077812979053795,0
790,2026-01-20T03:00:00.000Z,92434.92,-0.12667451521390927,-7.1381336055647555,0,0.9023985524396873,0
791,2026-01-20T04:00:00.000Z,92062.61,-0.4027806807210932,10.601409207253454,0,1.6798646110431346,0
792,2026-01-20T05:00:00.000Z,91624.18,-0.47623025243365147,324.8389236078111,1,3.1333505249516223,0
793,2026-01-20T06:00:00.000Z,90929.98,-0.7576602595515736,18.409854885784082,1,2.2515424561743576,0
794,2026-01-20T07:00:00.000Z,91177.98,0.2727373304162173,-50.457668356717456,0,1.6853396072729687,0
795,2026-01-20T08:00:00.000Z,91116.0,-0.06797693916885672,19.484079791898125,0,1.6386983695592168,0
796,2026-01-20T09:00:00.000Z,91036.25,-0.08752579129900351,-64.75789597032285,0,0.9858242743536647,0
797,2026-01-20T10:00:00.000Z,91269.58,0.2563044940888881,8.693529557286261,0,1.1051761729241079,0
798,2026-01-20T11:00:00.000Z,91218.99,-0.05542920215036995,-10.10090715854447,0,0.6030464126358747,0
799,2026-01-20T12:00:00.000Z,91280.31,0.06722284471687434,41.69469391167189,0,0.7276836819550747,0
800,2026-01-20T13:00:00.000Z,90958.88,-0.3521350880600571,36.67129442811723,0,1.599151217869798,0
801,2026-01-20T14:00:00.000Z,90531.15,-0.4702454559686875,150.31078259424876,1,1.7691328530768897,0
802,2026-01-20T15:00:00.000Z,90684.95,0.16988627671248313,9.306111966771224,2,2.245233355062827,0
803,2026-01-20T16:00:00.000Z,90165.51,-0.5727962578134571,-54.7206904825535,0,2.887122540955818,0
804,2026-01-20T17:00:00.000Z,89775.46,-0.4325933497187462,73.4065566232618,1,2.054166998847413,0
805,2026-01-20T18:00:00.000Z,89501.0,-0.30571828871721607,-42.98407410966312,0,1.4754639691580558,0
806,2026-01-20T19:00:00.000Z,89725.76,0.2511256857465227,-11.740405071660287,0,1.1585718208074485,0
807,2026-01-20T20:00:00.000Z,89733.99,0.009172393747358676,-5.929510926121296,0,0.4632564456104637,0
808,2026-01-20T21:00:00.000Z,89476.01,-0.28749418141331695,-39.380114821880206,0,1.2189851699113279,0
809,2026-01-20T22:00:00.000Z,88509.18,-1.0805466180264456,369.9823315983625,1,3.1179052262530975,0
810,2026-01-20T23:00:00.000Z,88427.66,-0.09210344056965747,-32.32560272773139,0,1.3075235237899296,0
811,2026-01-21T00:00:00.000Z,88936.01,0.5748766845125042,-25.701734203014283,2,2.081638715335691,0
812,2026-01-21T01:00:00.000Z,89020.91,0.09546189445648334,-52.31204461176401,0,0.8077367750810552,0
813,2026-01-21T02:00:00.000Z,89048.57,0.03107135166333652,76.24032659194874,0,0.8533872341727491,0
814,2026-01-21T03:00:00.000Z,89432.33,0.4309558255680024,-38.91592536247301,0,1.8867275441463336,0
815,2026-01-21T04:00:00.000Z,89448.89,0.018516793647216367,-44.4485206877942,0,0.8371633880494989,0
816,2026-01-21T05:00:00.000Z,89950.04,0.5602640792971236,84.68411766100623,2,2.1061416000483577,0
817,2026-01-21T06:00:00.000Z,89649.62,-0.3339853990059316,-33.46251008413876,0,1.425765270974652,0
818,2026-01-21T07:00:00.000Z,89213.95,-0.4859697118626882,123.776986475076,0,2.443069493115286,0
819,2026-01-21T08:00:00.000Z,89197.35,-0.01860695552656777,-12.427598921427652,0,0.38382763871471637,0
820,2026-01-21T09:00:00.000Z,89112.3,-0.09535036635057725,-57.421234544026966,0,0.9524167199607588,0
821,2026-01-21T10:00:00.000Z,89248.99,0.15339072159510359,6.646286656614708,0,0.8234497197816347,0
822,2026-01-21T11:00:00.000Z,88789.99,-0.5142915342795429,98.4189723801645,0,2.40863560190677,0
823,2026-01-21T12:00:00.000Z,88736.31,-0.060457265509328284,95.13141089503941,0,1.5579740150864636,0
824,2026-01-21T13:00:00.000Z,88672.64,-0.07175191305566209,-42.121998319016484,0,0.7264173179128643,0
825,2026-01-21T14:00:00.000Z,89805.43,1.2774966438351187,117.81550348147829,2,2.8437441426465306,0
826,2026-01-21T15:00:00.000Z,90288.04,0.5373951218762718,-32.97422386456969,2,2.0812869786630728,0
827,2026-01-21T16:00:00.000Z,87602.4,-2.97452464357405,93.2422892494962,1,9.55552286358597,1
828,2026-01-21T17:00:00.000Z,87932.38,0.37667917773942516,-12.420960681222082,2,2.814255055324493,0
829,2026-01-21T18:00:00.000Z,88485.43,0.6289491993734186,-59.11140611165404,2,3.414330938596162,0
830,2026-01-21T19:00:00.000Z,90355.56,2.1134891925145283,140.496295052039,2,7.224497912873434,1
831,2026-01-21T20:00:00.000Z,90214.01,-0.15665887079887586,-38.509557071863455,0,3.8944472345304426,1
832,2026-01-21T21:00:00.000Z,90249.18,0.03898507559967346,-61.00334523061377,0,3.4340302990317992,0
833,2026-01-21T22:00:00.000Z,89763.51,-0.5381433936574198,-3.367141588002054,0,3.8759857518352447,1
834,2026-01-21T23:00:00.000Z,89454.73,-0.3439927872695647,26.65304765448124,0,3.786643146616006,1
835,2026-01-22T00:00:00.000Z,89908.49,0.507250986057417,-24.865042629452162,0,3.846212296041404,1
836,2026-01-22T01:00:00.000Z,90113.19,0.22767594028105798,-13.417328467199575,0,3.368875041545733,0
837,2026-01-22T02:00:00.000Z,89938.3,-0.19407813661906914,27.90054378599496,0,3.3538518916140436,0
838,2026-01-22T03:00:00.000Z,89899.51,-0.043129567714761397,-10.733527570333711,0,3.2434361220798213,0
839,2026-01-22T04:00:00.000Z,89998.91,0.11056789964707381,-16.08694178358123,0,3.276027618028585,0
840,2026-01-22T05:00:00.000Z,90026.3,0.03043370191928574,-38.34918370441144,0,3.289119920879977,0
841,2026-01-22T06:00:00.000Z,90172.11,0.1619637816949071,35.96430674379392,0,3.2653309337456498,0
842,2026-01-22T07:00:00.000Z,89818.79,-0.39182847113149455,49.92072164282006,0,3.497202532347262,0
843,2026-01-22T08:00:00.000Z,89920.16,0.11286057182469111,-41.23111770843344,0,3.2602645521961846,0
844,2026-01-22T09:00:00.000Z,90033.02,0.1255113425065124,-2.531064309817743,0,3.22689547160559,0
845,2026-01-22T10:00:00.000Z,90078.77,0.05081468998817673,30.740276701403335,0,3.221784074680687,0
846,2026-01-22T11:00:00.000Z,89941.26,-0.15265528159410513,10.879832944234714,0,3.1605465166908884,0
847,2026-01-22T12:00:00.000Z,90021.09,0.0887579293418872,-26.615365815276494,0,3.17108430905644,0
848,2026-01-22T13:00:00.000Z,89619.81,-0.44576220972218916,219.8574733430898,1,3.6556143884772903,0
849,2026-01-22T14:00:00.000Z,89088.59,-0.5927484113166459,41.33067182455405,1,3.295225185180779,0
850,2026-01-22T15:00:00.000Z,89000.01,-0.09942911881308802,17.382864306180235,0,3.5968042649242196,0
851,2026-01-22T16:00:00.000Z,89054.06,0.06073033025502106,-38.225258453796954,0,1.5909801364680891,0
852,2026-01-22T17:00:00.000Z,89550.01,0.5569089157754226,-34.641040457956265,2,2.59307503419136,0
853,2026-01-22T18:00:00.000Z,89333.94,-0.24128417182754935,-14.791524137806988,0,1.532542147808237,0
854,2026-01-22T19:00:00.000Z,89777.9,0.49696677433010983,7.154873528490402,2,2.007209386259479,0
855,2026-01-22T20:00:00.000Z,89409.72,-0.41010092684279353,-30.832491756954063,0,1.673707802212495,0
856,2026-01-22T21:00:00.000Z,89268.66,-0.15776808159112532,-19.493412892513707,0,0.7139434487348925,0
857,2026-01-22T22:00:00.000Z,89346.99,0.08774636025679072,8.140203499496845,0,0.523592800931247,0
858,2026-01-22T23:00:00.000Z,89559.67,0.23803823721424422,-31.906237503506986,0,1.1237664681247679,0
859,2026-01-23T00:00:00.000Z,89520.01,-0.044283325295868536,12.413107001393865,0,0.6303742333800542,0
860,2026-01-23T01:00:00.000Z,89939.38,0.4684650951223279,24.700716475309427,0,1.8617961022976524,0
861,2026-01-23T02:00:00.000Z,89663.48,-0.30676217692406915,33.42439699137974,0,1.1894071510629864,0
862,2026-01-23T03:00:00.000Z,89924.78,0.29142299629683066,-30.504672131991896,0,1.2376295947305809,0
863,2026-01-23T04:00:00.000Z,89965.42,0.045193327134085415,65.05115895909171,0,0.8199873095482794,0
864,2026-01-23T05:00:00.000Z,89616.03,-0.3883603277792691,-16.252414035438346,0,1.5199768553339588,0
865,2026-01-23T06:00:00.000Z,89509.59,-0.11877339355470529,24.73876747671642,0,0.5695611504284271,0
866,2026-01-23T07:00:00.000Z,89549.45,0.04453154125720893,8.346891839121607,0,0.4974628482817449,0
867,2026-01-23T08:00:00.000Z,89221.46,-0.36626690616189395,11.573976506027472,0,1.4938079914927078,0
868,2026-01-23T09:00:00.000Z,88977.72,-0.2731853973248155,16.202865262727983,0,1.245509793005904,0
869,2026-01-23T10:00:00.000Z,89046.49,0.07728901122663334,-47.10858130059522,0,0.6625815487728964,0
870,2026-01-23T11:00:00.000Z,89202.48,0.1751781569380162,44.00794551537259,0,0.8631501248947883,0
871,2026-01-23T12:00:00.000Z,89267.83,0.07326029500525078,-54.38297416117139,0,0.8128811467192916,0
872,2026-01-23T13:00:00.000Z,89350.81,0.09295621950258237,35.51987323453023,0,0.6765924045188689,0
873,2026-01-23T14:00:00.000Z,89017.85,-0.37264351604645585,316.6959438560386,1,2.7762681813636623,0
874,2026-01-23T15:00:00.000Z,89761.61,0.8355178203023339,-13.063092534812903,2,1.8137939473957436,0
875,2026-01-23T16:00:00.000Z,90124.85,0.4046718858986553,17.432423807059383,2,1.3479660181484536,0
876,2026-01-23T17:00:00.000Z,90600.0,0.5272130827402188,6.305493000983198,2,1.4392661290342053,0
877,2026-01-23T18:00:00.000Z,90530.45,-0.07676600441501868,-48.13195964777381,0,1.1014180127445894,0
878,2026-01-23T19:00:00.000Z,89982.79,-0.6049456287911981,60.21073022172276,1,1.7269666086454771,0
879,2026-01-23T20:00:00.000Z,89503.68,-0.5324462600014956,-17.986739767866165,1,2.518100985979894,0
880,2026-01-23T21:00:00.000Z,89349.99,-0.1717136099878669,-66.39119844725965,0,1.0189364854161196,0
881,2026-01-23T22:00:00.000Z,89624.61,0.30735314016263615,31.69466967495156,0,1.2742422463463619,0
882,2026-01-23T23:00:00.000Z,89600.26,-0.02716887694128589,-62.6105718329231,0,1.0531271168601637,0
883,2026-01-24T00:00:00.000Z,89452.83,-0.1645419332488518,-13.884338518089356,0,0.9634203429785819,0
884,2026-01-24T01:00:00.000Z,89550.24,0.10889538095106843,-9.131776954592564,0,0.9747541446032787,0
885,2026-01-24T02:00:00.000Z,89702.85,0.17041830373654143,20.314983951671174,0,1.033211913797128,0
886,2026-01-24T03:00:00.000Z,89770.02,0.07488056399544973,157.6156892793011,0,1.7003035389865644,0
887,2026-01-24T04:00:00.000Z,89829.35,0.06609110703106325,-54.39578212236435,0,1.022599228199158,0
888,2026-01-24T05:00:00.000Z,89775.2,-0.06028096607624267,-33.31170066579088,0,1.0275142839203708,0
889,2026-01-24T06:00:00.000Z,89649.32,-0.14021689731684717,275.12218879192653,0,2.987909490032273,0
890,2026-01-24T07:00:00.000Z,89620.1,-0.032593666075775296,-39.3934002357606,0,0.8389101794932553,0
891,2026-01-24T08:00:00.000Z,89660.88,0.04550318511138407,-25.28619838096119,0,0.890741199541027,0
892,2026-01-24T09:00:00.000Z,89600.0,-0.06790029274752474,-33.46325197175754,0,1.0810751641921665,0
893,2026-01-24T10:00:00.000Z,89626.8,0.029910714285708018,-34.77082238629302,0,1.1003893772721924,0
894,2026-01-24T11:00:00.000Z,89595.4,-0.03503416388849212,38.15745852406729,0,1.02687295677278,0
895,2026-01-24T12:00:00.000Z,89537.82,-0.06426669226320403,56.942383556844,0,1.0039680454047077,0
896,2026-01-24T13:00:00.000Z,89368.22,-0.1894171647243703,-12.490014683754803,0,0.9823265927014004,0
897,2026-01-24T14:00:00.000Z,89450.03,0.09154260877075604,121.21247740236836,0,1.3375675994478962,0
898,2026-01-24T15:00:00.000Z,89275.77,-0.19481267921318546,-3.5159760738227464,0,0.9122428563235607,0
899,2026-01-24T16:00:00.000Z,89290.01,0.01595057651140319,-29.72180831011533,0,0.7999932943376572,0
900,2026-01-24T17:00:00.000Z,89406.5,0.1304625231870915,-42.50663095838093,0,1.2297459061039544,0
901,2026-01-24T18:00:00.000Z,89395.23,-0.012605347485927787,-37.544781835800734,0,1.2664250957228909,0
902,2026-01-24T19:00:00.000Z,89331.36,-0.07144676511262604,24.967415848414774,0,1.2757778092588015,0
903,2026-01-24T20:00:00.000Z,89380.01,0.054460158224389765,-55.9781285528682,0,1.713502781589799,0
904,2026-01-24T21:00:00.000Z,89386.61,0.007384201456228645,114.28181315801149,0,1.8700880329033287,0
905,2026-01-24T22:00:00.000Z,89430.0,0.048541946047619966,37.72578992679889,0,1.506746399952552,0
906,2026-01-24T23:00:00.000Z,89225.34,-0.22884937940288452,0.03186776170531758,0,1.5742773305913533,0
907,2026-01-25T00:00:00.000Z,89315.18,0.10068888501852946,-11.26063996371136,0,1.5235861780654663,0
908,2026-01-25T01:00:00.000Z,89176.31,-0.1554830880932001,48.53683453607643,0,1.571560424577012,0
909,2026-01-25T02:00:00.000Z,89139.04,-0.041793610881635246,-3.33726800421863,0,1.498537853699383,0
910,2026-01-25T03:00:00.000Z,88960.35,-0.2004621095313408,170.73239494682068,0,3.072106592873956,0
911,2026-01-25T04:00:00.000Z,89006.96,0.05239412839539437,-26.010225231028695,0,1.8875778519466886,0
912,2026-01-25T05:00:00.000Z,88990.9,-0.018043532775424698,-41.41857724334338,0,1.5307698344421263,0
913,2026-01-25T06:00:00.000Z,88831.36,-0.1792767575111487,176.85749559542415,0,3.2691528918331954,0
914,2026-01-25T07:00:00.000Z,88659.99,-0.19291610530334236,-57.209273595166366,0,1.7271804880100523,0
915,2026-01-25T08:00:00.000Z,88300.01,-0.40602305504434666,90.24686205789232,0,2.754740233706832,0
916,2026-01-25T09:00:00.000Z,88398.38,0.11140429089420145,-37.523095832760454,0,1.4650580929865722,0
917,2026-01-25T10:00:00.000Z,88659.51,0.29540134106529337,22.864900936653655,0,1.793247314385862,0
918,2026-01-25T11:00:00.000Z,88570.17,-0.10076753187560072,-51.591960065481345,0,1.3381746301753072,0
919,2026-01-25T12:00:00.000Z,88791.99,0.2504454942335643,91.72809457661002,0,1.8104536329787766,0
920,2026-01-25T13:00:00.000Z,88921.0,0.14529463750052596,-15.508483746170187,0,1.22978599525677,0
921,2026-01-25T14:00:00.000Z,88710.1,-0.2371768198738189,5.58014457311371,0,1.3743307308143273,0
922,2026-01-25T15:00:00.000Z,88446.5,-0.29714767540562903,26.210150245515518,0,1.6812267863311985,0
923,2026-01-25T16:00:00.000Z,88077.26,-0.4174727094910513,407.0798835915405,1,5.2465419901464605,1
924,2026-01-25T17:00:00.000Z,87892.17,-0.21014504765475284,-75.12386066499963,0,1.5818270521245659,0
925,2026-01-25T18:00:00.000Z,87420.01,-0.5372037122305717,305.13107812576294,1,3.372760247503143,0
926,2026-01-25T19:00:00.000Z,86495.16,-1.0579385657814355,1.666445253677895,1,2.4383431268702034,0
927,2026-01-25T20:00:00.000Z,86654.61,0.18434557494315662,-60.85559437707677,0,1.3820706300285468,0
928,2026-01-25T21:00:00.000Z,86568.5,-0.09937151641441488,-11.576737644067991,0,1.0869901339811532,0
929,2026-01-25T22:00:00.000Z,86521.39,-0.05441933266719934,27.470857388161264,0,1.0024580729971728,0
930,2026-01-25T23:00:00.000Z,86670.36,0.17217707667434023,32.9535515311201,0,1.8407008230908242,0
931,2026-01-26T00:00:00.000Z,86854.86,0.212875543611446,-30.205068359824427,0,1.4427253182535977,0
932,2026-01-26T01:00:00.000Z,87698.73,0.9715863913660083,41.861790769836496,2,1.681641004186494,0
933,2026-01-26T02:00:00.000Z,87563.38,-0.15433518820624492,-9.164908563899022,0,1.1240194112411201,0
934,2026-01-26T03:00:00.000Z,87282.05,-0.32128727785519784,6.69738793775001,0,1.6768757564372476,0
935,2026-01-26T04:00:00.000Z,87737.06,0.5213099371520258,2.384723389361687,2,1.681512639240065,0
936,2026-01-26T05:00:00.000Z,87826.01,0.10138247167159609,-31.038771867226323,0,0.7143189459978123,0
937,2026-01-26T06:00:00.000Z,87937.44,0.12687585374766552,19.67082731883698,0,0.792077491973383,0
938,2026-01-26T07:00:00.000Z,88000.64,0.07186927433866508,-16.078540869667414,0,0.5679317008646841,0
939,2026-01-26T08:00:00.000Z,87975.39,-0.02869297314200825,2.8809299016300915,0,0.8112781174886617,0
940,2026-01-26T09:00:00.000Z,87663.12,-0.35495153815174874,-31.277383642214517,0,1.4267356170098537,0
941,2026-01-26T10:00:00.000Z,87897.55,0.2674214652638396,-55.367548147956455,0,1.394351756600106,0
942,2026-01-26T11:00:00.000Z,87855.0,-0.04840863027467668,0.6502068406924577,0,0.7517014319815001,0
943,2026-01-26T12:00:00.000Z,87799.45,-0.06322918445165193,18.355715792557948,0,0.7001859346917297,0
944,2026-01-26T13:00:00.000Z,87960.01,0.1828713050024744,92.66656306274695,0,1.2655901693912823,0
945,2026-01-26T14:00:00.000Z,88178.1,0.2479422182876112,227.4924720577911,2,1.9319071504219292,0
946,2026-01-26T15:00:00.000Z,87641.41,-0.6086431891819011,-2.922856262040119,1,2.208202078458428,0
947,2026-01-26T16:00:00.000Z,87606.99,-0.03927367211458144,-61.18407281000109,0,1.4800961975669809,0
948,2026-01-26T17:00:00.000Z,87700.62,0.10687503360176098,-15.455476083888165,0,1.388590419550263,0
949,2026-01-26T18:00:00.000Z,88403.72,0.8017047085870255,-5.131062483554604,2,2.405229832398092,0
950,2026-01-26T19:00:00.000Z,88013.19,-0.44175742830731,-6.3297732380371174,0,1.811742068131196,0
951,2026-01-26T20:00:00.000Z,87629.22,-0.43626415540670704,-16.86547349172023,0,1.8137745888694565,0
952,2026-01-26T21:00:00.000Z,88064.69,0.49694610998478606,-8.414267683655495,0,2.191220281050275,0
953,2026-01-26T22:00:00.000Z,88140.01,0.08552803626515892,-17.319660281498173,0,0.6704498083817458,0
954,2026-01-26T23:00:00.000Z,88347.08,0.23493303438473223,42.77420484803356,0,1.3882306317727657,0
955,2026-01-27T00:00:00.000Z,88353.97,0.007798786332280372,-34.83572897756741,0,0.6753951602754033,0
956,2026-01-27T01:00:00.000Z,88550.61,0.22255932585710791,12.796308758488873,0,1.071233318869631,0
957,2026-01-27T02:00:00.000Z,88831.6,0.31732136006743517,40.784704014316155,0,1.3061155910320656,0
958,2026-01-27T03:00:00.000Z,88788.0,-0.04908163311254654,9.661353108086889,0,0.18476895384681388,0
959,2026-01-27T04:00:00.000Z,88579.58,-0.23473892868405288,-3.3152146907604596,0,0.9859885367996315,0
960,2026-01-27T05:00:00.000Z,88456.3,-0.13917428825017675,-39.795280812803036,0,0.8524819912707097,0
961,2026-01-27T06:00:00.000Z,88332.67,-0.1397639286291663,-9.552202068838888,0,0.667418634254888,0
962,2026-01-27T07:00:00.000Z,88320.41,-0.013879349509071659,28.5243465844915,0,0.4198804223300274,0
963,2026-01-27T08:00:00.000Z,88170.82,-0.16937194924706578,-14.0810066232664,0,0.6971514037359913,0
964,2026-01-27T09:00:00.000Z,87886.82,-0.32210202876643557,63.943549906905986,0,1.3631414061952651,0
965,2026-01-27T10:00:00.000Z,87786.53,-0.11411267354992649,-37.12306878298439,0,0.6402470299769368,0
966,2026-01-27T11:00:00.000Z,87992.74,0.23489936326221983,7.70358867665264,0,0.9539509252285675,0
967,2026-01-27T12:00:00.000Z,87986.96,-0.006568723737887527,46.60473800591443,0,0.6009212384920244,0
968,2026-01-27T13:00:00.000Z,87982.15,-0.0054667191593082975,-19.664538519580066,0,0.31475979822633576,0
969,2026-01-27T14:00:00.000Z,87745.02,-0.2695205788901367,90.69470795446546,0,2.1226493814109326,0
970,2026-01-27T15:00:00.000Z,88047.46,0.3446805300175493,9.969049586200573,2,1.93339924095586,0
971,2026-01-27T16:00:00.000Z,88641.44,0.6746134414326033,34.543753272929244,2,1.0032570428458096,0
972,2026-01-27T17:00:00.000Z,87546.58,-1.2351559270697754,4.875183448744802,1,2.1741461938394506,0
973,2026-01-27T18:00:00.000Z,88285.05,0.8435166742093214,-26.878117588336934,2,1.866210231215703,0
974,2026-01-27T19:00:00.000Z,88408.77,0.14013697675880898,-45.7373012639169,0,1.02828813966481,0
975,2026-01-27T20:00:00.000Z,89066.18,0.7436026991439748,21.6484893603663,2,1.7649152462731015,0
