timestamp,open,high,low,close,volume
2025-12-21 05:00:00,2975.19,2978.72,2973.1,2973.44,1769.3809
2025-12-21 06:00:00,2973.43,2977.93,2973.0,2976.27,909.8529
2025-12-21 07:00:00,2976.28,2982.54,2975.6,2981.09,1241.1181
2025-12-21 08:00:00,2981.09,2999.47,2977.61,2992.12,8095.5195
2025-12-21 09:00:00,2992.12,3013.4,2984.94,3004.0,16163.6169
2025-12-21 10:00:00,3004.0,3009.01,2992.61,2996.78,9965.4162
2025-12-21 11:00:00,2996.78,3001.36,2993.24,2996.52,3287.4303
2025-12-21 12:00:00,2996.52,3005.46,2982.42,2990.62,5645.4023
2025-12-21 13:00:00,2990.63,2992.5,2944.0,2950.49,23313.9906
2025-12-21 14:00:00,2950.49,2977.26,2947.21,2970.9,11468.3259
2025-12-21 15:00:00,2970.91,2980.0,2962.53,2974.68,7375.9311
2025-12-21 16:00:00,2974.69,2987.93,2969.26,2986.07,9337.3548
2025-12-21 17:00:00,2986.07,2988.73,2976.99,2983.92,5181.7825
2025-12-21 18:00:00,2983.92,2988.56,2967.74,2988.55,4162.267
2025-12-21 19:00:00,2988.56,2997.96,2978.0,2991.18,5575.2708
2025-12-21 20:00:00,2991.19,2994.36,2985.28,2986.82,5599.0647
2025-12-21 21:00:00,2986.83,2991.0,2970.75,2973.73,3277.6312
2025-12-21 22:00:00,2973.74,2996.32,2971.72,2996.32,5958.1874
2025-12-21 23:00:00,2996.31,3012.27,2991.99,3002.02,10155.0878
2025-12-22 00:00:00,3002.03,3060.55,3002.02,3022.39,27162.2885
2025-12-22 01:00:00,3022.39,3048.0,3018.23,3018.78,12617.945
2025-12-22 02:00:00,3018.79,3019.61,2972.48,3010.12,19478.5391
2025-12-22 03:00:00,3010.13,3032.87,3002.01,3021.52,8259.2573
2025-12-22 04:00:00,3021.53,3042.87,3020.0,3040.17,7857.5737
2025-12-22 05:00:00,3040.17,3041.26,3025.14,3028.18,6638.2155
2025-12-22 06:00:00,3028.18,3033.72,3022.6,3024.71,4065.6564
2025-12-22 07:00:00,3024.71,3035.53,3023.24,3029.67,5191.7381
2025-12-22 08:00:00,3029.66,3055.73,3025.11,3027.84,14590.8102
2025-12-22 09:00:00,3027.84,3043.2,3026.01,3041.67,5382.5326
2025-12-22 10:00:00,3041.67,3045.54,3032.18,3040.62,6977.9317
2025-12-22 11:00:00,3040.62,3058.38,3036.81,3049.04,8512.6637
2025-12-22 12:00:00,3049.05,3077.39,3043.7,3058.27,14993.1094
2025-12-22 13:00:00,3058.28,3064.8,3048.11,3056.9,9429.3446
2025-12-22 14:00:00,3056.9,3074.46,3029.81,3061.97,23770.522
2025-12-22 15:00:00,3061.97,3072.88,3022.35,3052.59,22439.5892
2025-12-22 16:00:00,3052.59,3059.42,3038.14,3043.0,11950.6462
2025-12-22 17:00:00,3043.0,3044.4,3023.77,3032.73,10994.0406
2025-12-22 18:00:00,3032.74,3040.89,3007.77,3015.74,8789.0516
2025-12-22 19:00:00,3015.73,3016.0,2974.23,2980.44,24038.6472
2025-12-22 20:00:00,2980.44,2986.77,2963.43,2976.31,19702.8273
2025-12-22 21:00:00,2976.3,2998.01,2976.1,2988.68,7986.1425
2025-12-22 22:00:00,2988.63,3015.37,2982.08,3012.02,9200.1669
2025-12-22 23:00:00,3012.03,3012.83,3001.5,3009.49,8414.324
2025-12-23 00:00:00,3009.48,3035.79,3005.41,3028.2,10871.5909
2025-12-23 01:00:00,3028.21,3033.65,3016.38,3018.3,7833.9659
2025-12-23 02:00:00,3018.31,3026.1,2988.0,2991.09,20871.4561
2025-12-23 03:00:00,2991.1,2998.67,2971.56,2991.8,12944.8084
2025-12-23 04:00:00,2991.81,2999.97,2983.33,2983.83,8993.5345
2025-12-23 05:00:00,2983.84,2985.83,2965.78,2975.31,18212.3681
2025-12-23 06:00:00,2975.31,2978.5,2944.79,2959.91,30930.9589
2025-12-23 07:00:00,2959.92,2969.98,2955.07,2964.89,12637.2731
2025-12-23 08:00:00,2964.88,2972.94,2959.93,2962.14,7038.1335
2025-12-23 09:00:00,2962.13,2966.85,2952.26,2964.0,6334.6804
2025-12-23 10:00:00,2964.0,2971.69,2964.0,2967.15,3933.7516
2025-12-23 11:00:00,2967.14,2975.35,2963.45,2973.63,4745.913
2025-12-23 12:00:00,2973.63,2974.47,2954.62,2955.54,8302.1674
2025-12-23 13:00:00,2955.54,2963.26,2930.42,2941.82,23821.8021
2025-12-23 14:00:00,2941.82,2953.05,2900.93,2917.21,42078.1376
2025-12-23 15:00:00,2917.2,2933.73,2906.62,2928.59,22409.6474
2025-12-23 16:00:00,2928.59,2965.92,2922.4,2956.94,26501.3027
2025-12-23 17:00:00,2956.94,2966.56,2909.64,2910.96,15464.8556
2025-12-23 18:00:00,2910.96,2952.71,2908.95,2947.25,14591.3362
2025-12-23 19:00:00,2947.25,2954.51,2931.06,2943.92,10009.1779
2025-12-23 20:00:00,2943.95,2988.44,2940.89,2969.75,23540.76
2025-12-23 21:00:00,2969.76,2976.61,2960.44,2974.59,11426.431
2025-12-23 22:00:00,2974.6,2980.8,2950.55,2961.38,19291.9402
2025-12-23 23:00:00,2961.38,2973.26,2952.27,2965.02,23679.7545
2025-12-24 00:00:00,2965.03,2974.31,2956.41,2973.28,9146.2176
2025-12-24 01:00:00,2973.29,2978.15,2960.89,2963.94,5081.417
2025-12-24 02:00:00,2963.95,2965.33,2923.99,2935.46,13974.0121
2025-12-24 03:00:00,2935.46,2947.94,2921.03,2945.75,9225.522
2025-12-24 04:00:00,2945.75,2958.73,2934.7,2935.74,7128.7199
2025-12-24 05:00:00,2935.75,2941.13,2917.12,2929.24,13093.8445
2025-12-24 06:00:00,2929.24,2938.54,2923.4,2933.47,6756.3614
2025-12-24 07:00:00,2933.47,2943.7,2931.96,2932.68,8415.7162
2025-12-24 08:00:00,2932.69,2939.84,2921.2,2922.65,12446.2145
2025-12-24 09:00:00,2922.66,2931.53,2914.35,2919.0,6226.3078
2025-12-24 10:00:00,2919.0,2934.71,2918.0,2927.68,5707.9069
2025-12-24 11:00:00,2927.67,2937.7,2925.01,2925.02,4983.2521
2025-12-24 12:00:00,2925.02,2938.73,2923.49,2936.39,4262.0543
2025-12-24 13:00:00,2936.4,2937.26,2924.6,2930.95,4201.9564
2025-12-24 14:00:00,2930.95,2936.42,2888.7,2914.71,24447.1692
2025-12-24 15:00:00,2914.71,2930.5,2903.08,2925.55,12046.4282
2025-12-24 16:00:00,2925.54,2948.88,2921.37,2940.45,16387.5109
2025-12-24 17:00:00,2940.45,2954.39,2935.13,2937.23,9313.268
2025-12-24 18:00:00,2937.23,2944.89,2930.48,2941.58,3862.3493
2025-12-24 19:00:00,2941.58,2947.17,2936.94,2945.72,2776.924
2025-12-24 20:00:00,2945.73,2951.93,2941.73,2943.03,3984.7481
2025-12-24 21:00:00,2943.02,2954.39,2943.02,2950.91,4958.9392
2025-12-24 22:00:00,2950.9,2962.96,2949.14,2959.84,5960.3305
2025-12-24 23:00:00,2959.84,2960.86,2945.97,2947.47,2648.3897
2025-12-25 00:00:00,2947.48,2948.89,2936.89,2939.39,4270.4011
2025-12-25 01:00:00,2939.4,2951.05,2939.39,2948.84,2788.7389
2025-12-25 02:00:00,2948.83,2956.89,2943.0,2952.7,3094.9256
2025-12-25 03:00:00,2952.71,2953.03,2942.17,2947.15,3491.0945
2025-12-25 04:00:00,2947.16,2948.15,2942.25,2944.92,2568.5952
2025-12-25 05:00:00,2944.92,2944.92,2938.21,2942.16,4545.3185
2025-12-25 06:00:00,2942.16,2943.23,2938.12,2942.88,5934.4608
2025-12-25 07:00:00,2942.88,2943.5,2938.93,2941.56,4915.3694
2025-12-25 08:00:00,2941.57,2946.82,2917.51,2930.35,12888.5123
2025-12-25 09:00:00,2930.35,2931.33,2925.66,2928.29,3481.4733
2025-12-25 10:00:00,2928.3,2928.77,2912.0,2920.43,7009.165
2025-12-25 11:00:00,2920.44,2928.57,2920.19,2924.88,3614.1311
2025-12-25 12:00:00,2924.88,2929.79,2923.87,2927.93,2168.705
2025-12-25 13:00:00,2927.93,2934.72,2920.0,2930.96,9377.6086
2025-12-25 14:00:00,2930.96,2938.66,2922.93,2932.84,5862.5793
2025-12-25 15:00:00,2932.85,2971.46,2931.62,2961.14,32952.0484
2025-12-25 16:00:00,2961.14,2967.65,2943.75,2948.34,16262.1611
2025-12-25 17:00:00,2948.34,2954.22,2943.79,2952.59,13036.1105
2025-12-25 18:00:00,2952.6,2965.36,2950.17,2959.2,7639.7059
2025-12-25 19:00:00,2959.19,2959.96,2949.75,2956.41,3261.726
2025-12-25 20:00:00,2956.41,2956.58,2944.34,2950.16,2930.042
2025-12-25 21:00:00,2950.17,2953.3,2944.35,2946.96,2572.2622
2025-12-25 22:00:00,2946.96,2948.29,2906.4,2921.56,12707.3544
2025-12-25 23:00:00,2921.56,2926.87,2891.2,2903.95,21348.809
2025-12-26 00:00:00,2903.9,2911.7,2894.26,2904.0,12802.0877
2025-12-26 01:00:00,2903.99,2923.37,2902.7,2918.3,5808.1985
2025-12-26 02:00:00,2918.29,2994.38,2917.99,2973.5,55343.3688
2025-12-26 03:00:00,2973.51,2976.65,2957.7,2964.92,11518.4105
2025-12-26 04:00:00,2964.92,2975.03,2952.59,2971.64,7632.0853
2025-12-26 05:00:00,2971.64,2974.74,2967.39,2973.19,6413.3594
2025-12-26 06:00:00,2973.18,2982.47,2972.02,2976.66,9926.5711
2025-12-26 07:00:00,2976.65,2993.27,2952.79,2956.83,32564.737
2025-12-26 08:00:00,2956.83,2971.92,2954.76,2964.54,11764.0418
2025-12-26 09:00:00,2964.53,2976.53,2963.1,2972.75,6013.2334
2025-12-26 10:00:00,2972.75,2974.35,2966.97,2971.61,4317.8822
2025-12-26 11:00:00,2971.61,2972.03,2962.74,2964.75,5608.8553
2025-12-26 12:00:00,2964.76,2973.9,2964.69,2972.93,4443.7235
2025-12-26 13:00:00,2972.93,2985.89,2971.62,2984.57,12278.4432
2025-12-26 14:00:00,2984.57,2985.16,2910.0,2917.37,39179.9067
2025-12-26 15:00:00,2917.34,2929.36,2894.49,2923.19,46470.8007
2025-12-26 16:00:00,2923.2,2929.99,2906.98,2910.03,12731.4517
2025-12-26 17:00:00,2910.04,2935.12,2907.75,2922.49,9371.5303
2025-12-26 18:00:00,2922.49,2928.69,2920.0,2923.48,4151.6204
2025-12-26 19:00:00,2923.49,2930.16,2918.58,2925.99,3068.9547
2025-12-26 20:00:00,2925.99,2938.83,2922.56,2931.53,4281.5785
2025-12-26 21:00:00,2931.54,2935.44,2924.59,2924.96,3982.1142
2025-12-26 22:00:00,2924.96,2931.62,2921.49,2931.5,2147.6527
2025-12-26 23:00:00,2931.5,2934.06,2926.06,2927.99,3010.3913
2025-12-27 00:00:00,2928.0,2931.32,2923.37,2927.45,4047.7887
2025-12-27 01:00:00,2927.45,2928.89,2921.33,2927.76,3247.0622
2025-12-27 02:00:00,2927.76,2930.0,2924.0,2928.04,1948.9268
2025-12-27 03:00:00,2928.04,2933.7,2925.41,2933.4,3260.6285
2025-12-27 04:00:00,2933.39,2934.0,2928.23,2930.6,2191.8644
2025-12-27 05:00:00,2930.6,2931.88,2928.71,2931.31,1886.7576
2025-12-27 06:00:00,2931.31,2931.32,2928.11,2929.99,1427.9543
2025-12-27 07:00:00,2930.0,2938.0,2929.99,2933.27,4073.0459
2025-12-27 08:00:00,2933.27,2937.13,2933.27,2934.46,2780.0083
2025-12-27 09:00:00,2934.46,2940.79,2931.96,2934.9,6323.4524
2025-12-27 10:00:00,2934.9,2935.08,2917.25,2926.85,9424.8422
2025-12-27 11:00:00,2926.85,2933.5,2923.24,2930.88,4463.7836
2025-12-27 12:00:00,2930.88,2933.85,2929.02,2931.96,3313.4376
2025-12-27 13:00:00,2931.96,2932.67,2925.25,2929.79,2162.9262
2025-12-27 14:00:00,2929.79,2931.09,2925.91,2929.79,2500.0472
2025-12-27 15:00:00,2929.79,2930.62,2926.28,2926.5,3683.1617
2025-12-27 16:00:00,2926.5,2928.88,2917.13,2920.56,5650.2996
2025-12-27 17:00:00,2920.55,2928.89,2919.88,2928.33,2657.4275
2025-12-27 18:00:00,2928.32,2928.33,2925.0,2926.23,1354.2637
2025-12-27 19:00:00,2926.23,2930.82,2925.99,2930.82,2730.4653
2025-12-27 20:00:00,2930.81,2934.91,2929.36,2929.48,3928.1103
2025-12-27 21:00:00,2929.48,2935.12,2928.89,2935.11,2544.2052
2025-12-27 22:00:00,2935.11,2953.86,2930.05,2933.27,10501.1721
2025-12-27 23:00:00,2933.26,2960.89,2933.0,2949.05,8938.7643
2025-12-28 00:00:00,2949.05,2951.86,2943.23,2945.5,7261.4463
2025-12-28 01:00:00,2945.51,2950.15,2941.14,2944.32,2572.7033
2025-12-28 02:00:00,2944.32,2950.0,2943.06,2947.3,1777.424
2025-12-28 03:00:00,2947.29,2948.4,2941.79,2943.58,2262.6501
2025-12-28 04:00:00,2943.57,2947.07,2938.43,2938.98,2474.6649
2025-12-28 05:00:00,2938.98,2941.01,2929.5,2935.05,5414.5624
2025-12-28 06:00:00,2935.04,2944.02,2934.87,2942.68,2538.3541
2025-12-28 07:00:00,2942.69,2942.99,2936.89,2939.0,1872.5759
2025-12-28 08:00:00,2938.99,2947.34,2938.26,2939.7,2467.7676
2025-12-28 09:00:00,2939.7,2944.02,2931.56,2937.82,3724.421
2025-12-28 10:00:00,2937.82,2944.89,2936.87,2943.34,4826.6051
2025-12-28 11:00:00,2943.35,2947.19,2939.99,2944.09,7683.7859
2025-12-28 12:00:00,2944.09,2945.2,2937.78,2939.44,6029.203
2025-12-28 13:00:00,2939.45,2945.12,2938.99,2940.42,7406.9172
2025-12-28 14:00:00,2940.42,2955.64,2939.75,2945.69,11666.4344
2025-12-28 15:00:00,2945.7,2961.23,2945.67,2949.46,8567.1165
2025-12-28 16:00:00,2949.47,2954.72,2940.2,2942.72,5705.1243
2025-12-28 17:00:00,2942.72,2951.0,2942.65,2945.89,4282.2861
2025-12-28 18:00:00,2945.88,2946.32,2924.54,2931.31,13747.0116
2025-12-28 19:00:00,2931.31,2940.0,2926.49,2933.61,5795.8466
2025-12-28 20:00:00,2933.6,2937.76,2930.34,2932.37,4036.4103
2025-12-28 21:00:00,2932.36,2939.34,2928.89,2938.28,4229.7442
2025-12-28 22:00:00,2938.29,2955.5,2935.21,2950.2,5193.5936
2025-12-28 23:00:00,2950.19,2954.42,2940.36,2950.91,7297.4906
2025-12-29 00:00:00,2950.91,2977.51,2944.54,2966.77,18122.1578
2025-12-29 01:00:00,2966.77,2986.67,2952.9,2980.95,19759.3808
2025-12-29 02:00:00,2980.96,3018.3,2980.96,3003.9,32409.2906
2025-12-29 03:00:00,3003.9,3048.45,3002.87,3043.75,31704.535
2025-12-29 04:00:00,3043.75,3057.78,3039.4,3040.06,37182.0178
2025-12-29 05:00:00,3040.06,3045.43,3032.47,3037.54,24923.9249
2025-12-29 06:00:00,3037.55,3045.01,3032.15,3036.36,19268.5354
2025-12-29 07:00:00,3036.36,3039.01,3010.74,3019.51,21656.4681
2025-12-29 08:00:00,3019.51,3026.51,3011.68,3014.38,8292.8625
2025-12-29 09:00:00,3014.39,3016.08,2956.89,2976.65,43836.2996
2025-12-29 10:00:00,2976.66,2983.82,2960.99,2966.33,16734.8001
2025-12-29 11:00:00,2966.32,2967.52,2958.14,2959.91,15965.2043
2025-12-29 12:00:00,2959.9,2959.9,2910.25,2930.95,54546.9074
2025-12-29 13:00:00,2930.95,2938.17,2920.0,2927.41,14345.6964
2025-12-29 14:00:00,2927.4,2965.85,2917.08,2928.5,32189.6025
2025-12-29 15:00:00,2928.5,2950.84,2920.0,2935.75,18780.3834
2025-12-29 16:00:00,2935.75,2943.07,2925.17,2936.5,11132.4401
2025-12-29 17:00:00,2936.5,2943.68,2926.65,2943.68,8765.493
2025-12-29 18:00:00,2943.68,2946.0,2914.03,2919.81,18897.6285
2025-12-29 19:00:00,2919.81,2942.0,2918.13,2932.48,13112.8602
2025-12-29 20:00:00,2932.47,2942.66,2926.04,2929.77,10968.729
2025-12-29 21:00:00,2929.76,2939.32,2929.12,2937.33,3820.8694
2025-12-29 22:00:00,2937.32,2944.23,2930.91,2938.16,5223.7456
2025-12-29 23:00:00,2938.16,2944.24,2932.71,2937.9,4319.35
2025-12-30 00:00:00,2937.91,2942.0,2931.84,2937.99,4647.8678
2025-12-30 01:00:00,2937.99,2939.34,2925.02,2936.65,4356.2399
2025-12-30 02:00:00,2936.65,2939.72,2923.48,2928.08,6139.8033
2025-12-30 03:00:00,2928.08,2956.0,2919.44,2951.91,14932.6453
2025-12-30 04:00:00,2951.92,2959.0,2945.75,2946.19,11759.2978
2025-12-30 05:00:00,2946.19,2948.44,2937.39,2941.74,5485.9364
2025-12-30 06:00:00,2941.74,2951.61,2940.5,2945.84,4456.8462
2025-12-30 07:00:00,2945.84,2955.78,2945.47,2950.79,4812.233
2025-12-30 08:00:00,2950.79,3003.66,2950.2,2977.6,31575.8493
2025-12-30 09:00:00,2977.61,2988.53,2971.15,2985.45,10060.0404
2025-12-30 10:00:00,2985.45,2988.57,2973.35,2977.19,9773.5289
2025-12-30 11:00:00,2977.2,2984.36,2973.58,2978.88,7643.9378
2025-12-30 12:00:00,2978.88,2986.0,2976.57,2980.88,7248.6461
2025-12-30 13:00:00,2980.89,2991.84,2978.85,2986.69,12712.8013
2025-12-30 14:00:00,2986.69,3009.8,2958.88,2996.22,46773.5786
2025-12-30 15:00:00,2996.21,3002.48,2970.01,2989.77,27007.7472
2025-12-30 16:00:00,2989.78,2995.28,2974.5,2982.76,14503.6063
2025-12-30 17:00:00,2982.76,2987.0,2965.92,2976.82,11896.0894
2025-12-30 18:00:00,2976.82,2979.0,2960.28,2971.63,10561.5337
2025-12-30 19:00:00,2971.63,2974.6,2944.76,2971.56,17784.429
2025-12-30 20:00:00,2971.56,2973.89,2956.49,2958.84,6004.6181
2025-12-30 21:00:00,2958.84,2969.44,2954.28,2968.63,5039.141
2025-12-30 22:00:00,2968.69,2972.11,2965.55,2969.54,6111.9285
2025-12-30 23:00:00,2969.53,2975.96,2967.59,2973.69,5294.9426
2025-12-31 00:00:00,2973.69,2973.69,2962.49,2966.4,4597.2409
2025-12-31 01:00:00,2966.4,2984.86,2961.89,2980.13,6775.6955
2025-12-31 02:00:00,2980.13,2983.6,2974.41,2981.5,4156.1248
2025-12-31 03:00:00,2981.5,2984.0,2966.15,2970.69,4792.7895
2025-12-31 04:00:00,2970.68,2975.29,2968.92,2969.45,4353.9282
2025-12-31 05:00:00,2969.45,2980.0,2969.45,2975.21,4799.2423
2025-12-31 06:00:00,2975.21,2978.76,2974.68,2975.63,3810.2813
2025-12-31 07:00:00,2975.64,2977.36,2970.15,2976.98,4705.7492
2025-12-31 08:00:00,2976.97,2980.01,2963.91,2969.4,10400.8221
2025-12-31 09:00:00,2969.39,2977.95,2969.17,2976.89,6013.8396
2025-12-31 10:00:00,2976.88,2983.01,2975.55,2981.34,6350.3508
2025-12-31 11:00:00,2981.34,3003.64,2980.2,3002.2,31395.4793
2025-12-31 12:00:00,3002.2,3003.1,2984.34,2987.25,15688.9092
2025-12-31 13:00:00,2987.25,3000.06,2986.44,2997.16,7657.2697
2025-12-31 14:00:00,2997.17,3028.08,2981.44,2993.75,32704.6551
2025-12-31 15:00:00,2993.74,2994.23,2968.0,2985.76,21315.0984
2025-12-31 16:00:00,2985.76,2997.4,2958.91,2976.03,19994.2587
2025-12-31 17:00:00,2976.03,2980.42,2968.0,2975.77,7371.8618
2025-12-31 18:00:00,2975.77,2985.69,2971.42,2974.33,6565.3999
2025-12-31 19:00:00,2974.32,2981.44,2970.27,2971.15,4903.9952
2025-12-31 20:00:00,2971.16,2979.89,2963.43,2975.67,12799.9571
2025-12-31 21:00:00,2975.67,2984.86,2973.84,2982.25,4307.8441
2025-12-31 22:00:00,2982.25,2984.24,2974.42,2977.14,4052.9451
2025-12-31 23:00:00,2977.14,2977.14,2970.19,2971.64,4215.8509
2026-01-01 00:00:00,2971.65,2982.83,2971.15,2979.81,4485.249
2026-01-01 01:00:00,2979.81,2988.96,2979.18,2984.32,5567.1123
2026-01-01 02:00:00,2984.33,2987.82,2980.9,2982.49,2432.7484
2026-01-01 03:00:00,2982.5,2986.18,2979.53,2980.0,1792.594
2026-01-01 04:00:00,2979.99,2980.97,2972.99,2975.35,9657.7273
2026-01-01 05:00:00,2975.36,2983.79,2975.36,2981.49,3930.8339
2026-01-01 06:00:00,2981.49,2981.49,2975.89,2975.89,5734.3199
2026-01-01 07:00:00,2975.9,2980.89,2975.89,2978.53,4796.4934
2026-01-01 08:00:00,2978.52,2983.0,2977.8,2982.59,4031.4569
2026-01-01 09:00:00,2982.59,2987.41,2982.15,2984.0,4401.4657
2026-01-01 10:00:00,2984.0,2985.77,2982.14,2985.0,3019.3844
2026-01-01 11:00:00,2984.99,2993.2,2984.99,2989.69,7206.3942
2026-01-01 12:00:00,2989.7,2990.45,2983.36,2987.69,5019.2102
2026-01-01 13:00:00,2987.7,2990.09,2982.02,2982.96,5342.5982
2026-01-01 14:00:00,2982.96,2986.45,2977.74,2985.15,7710.2233
2026-01-01 15:00:00,2985.16,2994.87,2980.75,2989.87,6148.7542
2026-01-01 16:00:00,2989.87,2990.84,2980.75,2982.29,6839.019
2026-01-01 17:00:00,2982.28,3005.98,2980.89,2990.44,12755.5547
2026-01-01 18:00:00,2990.44,2992.74,2985.15,2990.41,5776.0082
2026-01-01 19:00:00,2990.4,2998.04,2987.23,2995.42,3186.6777
2026-01-01 20:00:00,2995.42,2997.15,2987.54,2989.08,3766.7199
2026-01-01 21:00:00,2989.09,2993.06,2987.66,2989.66,1999.5442
2026-01-01 22:00:00,2989.66,3000.26,2987.57,2999.3,5488.851
2026-01-01 23:00:00,2999.29,3010.0,2990.98,3004.19,14999.5807
2026-01-02 00:00:00,3004.19,3008.48,2995.38,3006.14,6882.9784
2026-01-02 01:00:00,3006.15,3008.08,2998.46,3002.98,3264.9972
2026-01-02 02:00:00,3002.99,3003.65,2992.49,3002.29,5269.2052
2026-01-02 03:00:00,3002.29,3035.0,3000.0,3022.53,24828.426
2026-01-02 04:00:00,3022.53,3024.61,3010.5,3011.84,5497.591
2026-01-02 05:00:00,3011.83,3018.63,3009.02,3016.56,4120.9885
2026-01-02 06:00:00,3016.55,3039.54,3014.49,3026.9,9842.6599
2026-01-02 07:00:00,3026.91,3032.41,3016.89,3018.33,6120.3486
2026-01-02 08:00:00,3018.32,3033.88,3015.95,3032.28,7279.3968
2026-01-02 09:00:00,3032.27,3055.0,3030.15,3048.15,19823.6005
2026-01-02 10:00:00,3048.16,3069.71,3045.71,3057.25,28308.3236
2026-01-02 11:00:00,3057.25,3057.91,3040.89,3047.82,11735.5628
2026-01-02 12:00:00,3047.81,3057.97,3043.2,3048.67,7848.8446
2026-01-02 13:00:00,3048.66,3058.42,3046.35,3050.27,7997.0742
2026-01-02 14:00:00,3050.28,3109.0,3020.79,3082.85,57032.8876
2026-01-02 15:00:00,3082.84,3097.65,3055.13,3086.64,30900.8484
2026-01-02 16:00:00,3086.64,3146.97,3079.23,3132.22,50753.0693
2026-01-02 17:00:00,3132.21,3150.01,3110.83,3123.0,24779.0727
2026-01-02 18:00:00,3122.99,3132.2,3097.13,3110.56,18137.1942
2026-01-02 19:00:00,3110.56,3127.87,3107.62,3123.62,9841.9038
2026-01-02 20:00:00,3123.63,3129.75,3111.52,3117.99,9535.6153
2026-01-02 21:00:00,3117.99,3134.0,3116.31,3130.96,6009.9315
2026-01-02 22:00:00,3130.96,3146.0,3128.09,3133.81,9193.264
2026-01-02 23:00:00,3133.82,3135.66,3120.3,3125.45,4887.4608
2026-01-03 00:00:00,3125.46,3136.71,3122.26,3131.0,5738.4981
2026-01-03 01:00:00,3130.99,3131.85,3123.43,3130.81,3732.5659
2026-01-03 02:00:00,3130.81,3130.81,3120.17,3126.27,7958.8383
2026-01-03 03:00:00,3126.26,3127.35,3119.26,3125.56,4210.0328
2026-01-03 04:00:00,3125.56,3127.79,3115.01,3116.61,4789.1019
2026-01-03 05:00:00,3116.61,3119.09,3104.89,3112.12,6080.2688
2026-01-03 06:00:00,3112.12,3117.76,3098.34,3098.34,7739.6551
2026-01-03 07:00:00,3098.33,3105.31,3076.0,3090.5,19239.551
2026-01-03 08:00:00,3090.49,3105.72,3083.86,3095.48,8553.1231
2026-01-03 09:00:00,3095.48,3110.56,3091.96,3100.9,6393.7838
2026-01-03 10:00:00,3100.9,3105.53,3097.05,3097.31,4433.0978
2026-01-03 11:00:00,3097.31,3100.22,3091.99,3098.49,4806.4362
2026-01-03 12:00:00,3098.5,3105.58,3093.47,3105.04,5980.5075
2026-01-03 13:00:00,3105.04,3107.99,3100.89,3103.03,4362.3509
2026-01-03 14:00:00,3103.03,3114.61,3101.5,3106.0,7292.9936
2026-01-03 15:00:00,3106.0,3107.5,3100.28,3101.31,3961.679
2026-01-03 16:00:00,3101.32,3112.17,3098.33,3107.03,4462.8959
2026-01-03 17:00:00,3107.04,3110.42,3105.62,3108.46,2523.7452
2026-01-03 18:00:00,3108.47,3118.55,3105.08,3116.46,4373.4844
2026-01-03 19:00:00,3116.46,3116.46,3110.5,3113.13,2598.1643
2026-01-03 20:00:00,3113.13,3116.89,3107.49,3115.65,2462.8997
2026-01-03 21:00:00,3115.65,3129.22,3113.04,3120.87,5840.3585
2026-01-03 22:00:00,3120.87,3126.2,3113.92,3122.78,3011.8275
2026-01-03 23:00:00,3122.78,3131.0,3120.89,3127.11,3859.3665
2026-01-04 00:00:00,3127.11,3167.22,3126.35,3157.75,28748.8277
2026-01-04 01:00:00,3157.75,3162.33,3141.5,3150.17,8005.1414
2026-01-04 02:00:00,3150.17,3151.02,3137.6,3141.12,5606.2176
2026-01-04 03:00:00,3141.12,3150.86,3140.01,3147.36,5954.5189
2026-01-04 04:00:00,3147.36,3156.0,3144.89,3148.25,5268.2882
2026-01-04 05:00:00,3148.26,3152.3,3144.48,3151.36,3956.3575
2026-01-04 06:00:00,3151.36,3163.19,3139.37,3140.0,13249.419
2026-01-04 07:00:00,3140.0,3145.92,3133.57,3141.29,16690.5703
2026-01-04 08:00:00,3141.29,3141.98,3126.0,3138.61,8448.0071
2026-01-04 09:00:00,3138.62,3148.0,3134.9,3143.78,8277.8782
2026-01-04 10:00:00,3143.79,3148.3,3142.66,3146.34,3424.696
2026-01-04 11:00:00,3146.34,3146.34,3135.32,3139.54,5174.8602
2026-01-04 12:00:00,3139.55,3147.26,3133.59,3136.8,6044.623
2026-01-04 13:00:00,3136.81,3141.51,3131.8,3140.76,4598.3954
2026-01-04 14:00:00,3140.75,3143.3,3132.0,3137.26,6524.909
2026-01-04 15:00:00,3137.25,3139.6,3118.75,3135.55,8403.1262
2026-01-04 16:00:00,3135.55,3139.97,3131.03,3139.11,4753.0312
2026-01-04 17:00:00,3139.12,3143.6,3135.68,3137.5,3540.0791
2026-01-04 18:00:00,3137.49,3137.88,3123.01,3135.03,5161.1758
2026-01-04 19:00:00,3135.04,3135.14,3118.98,3132.72,8602.0733
2026-01-04 20:00:00,3132.72,3143.0,3130.85,3142.09,2949.6664
2026-01-04 21:00:00,3142.09,3155.85,3137.75,3145.44,7761.9405
2026-01-04 22:00:00,3145.44,3150.36,3136.44,3139.37,4235.2201
2026-01-04 23:00:00,3139.37,3153.7,3134.67,3144.7,6197.0465
2026-01-05 00:00:00,3144.71,3175.32,3143.54,3168.19,22161.7656
2026-01-05 01:00:00,3168.2,3220.82,3163.12,3197.91,38618.7853
2026-01-05 02:00:00,3197.92,3204.34,3182.95,3193.07,11742.2877
2026-01-05 03:00:00,3193.07,3197.51,3184.61,3185.86,6225.2237
2026-01-05 04:00:00,3185.86,3188.35,3157.46,3167.11,15516.768
2026-01-05 05:00:00,3167.12,3169.63,3148.0,3149.93,10573.3383
2026-01-05 06:00:00,3149.93,3159.11,3135.31,3157.68,13428.5685
2026-01-05 07:00:00,3157.68,3163.24,3155.31,3157.33,6874.7564
2026-01-05 08:00:00,3157.24,3172.01,3155.73,3163.62,7338.4914
2026-01-05 09:00:00,3163.62,3175.17,3153.12,3168.18,12375.3924
2026-01-05 10:00:00,3168.17,3179.04,3162.52,3173.19,8789.6241
2026-01-05 11:00:00,3173.19,3183.64,3168.21,3180.27,6514.3168
2026-01-05 12:00:00,3180.28,3183.91,3166.33,3170.5,6171.7807
2026-01-05 13:00:00,3170.51,3175.32,3143.67,3154.39,14946.3894
2026-01-05 14:00:00,3154.39,3178.34,3135.02,3167.0,26353.8999
2026-01-05 15:00:00,3167.0,3205.0,3152.4,3195.57,27985.1482
2026-01-05 16:00:00,3195.58,3202.68,3172.81,3183.9,19642.9735
2026-01-05 17:00:00,3183.9,3229.99,3159.48,3213.38,24099.8843
2026-01-05 18:00:00,3213.39,3228.95,3186.39,3228.3,27628.9552
2026-01-05 19:00:00,3228.31,3228.52,3214.82,3223.07,13328.1708
2026-01-05 20:00:00,3223.07,3265.66,3220.0,3241.93,35966.4191
2026-01-05 21:00:00,3241.94,3248.27,3231.76,3238.32,9184.0999
2026-01-05 22:00:00,3238.32,3249.75,3229.59,3240.19,8377.3187
2026-01-05 23:00:00,3240.2,3241.39,3224.86,3224.99,8602.3039
2026-01-06 00:00:00,3224.99,3231.21,3203.34,3216.1,10838.6991
2026-01-06 01:00:00,3216.1,3247.3,3215.83,3218.32,16456.9012
2026-01-06 02:00:00,3218.33,3224.36,3208.72,3217.1,7158.9435
2026-01-06 03:00:00,3217.1,3233.5,3214.12,3225.1,7205.6607
2026-01-06 04:00:00,3225.1,3233.52,3222.95,3222.96,5249.2795
2026-01-06 05:00:00,3222.95,3229.51,3217.12,3218.72,6391.3841
2026-01-06 06:00:00,3218.71,3253.76,3218.07,3241.15,19147.6673
2026-01-06 07:00:00,3241.15,3242.75,3211.37,3219.24,12636.2349
2026-01-06 08:00:00,3219.24,3228.48,3214.52,3220.14,7711.9227
2026-01-06 09:00:00,3220.13,3229.6,3217.5,3223.0,6495.8516
2026-01-06 10:00:00,3223.0,3231.72,3221.42,3228.94,6392.747
2026-01-06 11:00:00,3228.94,3242.98,3227.03,3238.08,11191.0535
2026-01-06 12:00:00,3238.09,3245.87,3236.28,3238.67,7425.8366
2026-01-06 13:00:00,3238.66,3239.61,3230.0,3238.3,7783.321
2026-01-06 14:00:00,3238.3,3308.86,3238.3,3278.09,82526.6408
2026-01-06 15:00:00,3278.1,3301.99,3261.43,3272.32,30563.934
2026-01-06 16:00:00,3272.31,3279.36,3234.32,3251.97,44678.4045
2026-01-06 17:00:00,3251.96,3259.62,3190.01,3196.43,36459.0337
2026-01-06 18:00:00,3196.43,3232.63,3183.27,3218.91,26855.1046
2026-01-06 19:00:00,3218.92,3229.8,3213.5,3223.57,6084.4112
2026-01-06 20:00:00,3223.57,3250.89,3223.11,3241.71,11055.0906
2026-01-06 21:00:00,3241.72,3300.35,3238.47,3276.18,22719.2336
2026-01-06 22:00:00,3276.18,3290.55,3265.52,3277.63,8960.1274
2026-01-06 23:00:00,3277.62,3301.6,3275.8,3296.84,10516.0235
2026-01-07 00:00:00,3296.83,3296.84,3255.36,3257.99,10198.2675
2026-01-07 01:00:00,3258.0,3272.34,3239.44,3245.04,16150.6343
2026-01-07 02:00:00,3245.05,3274.03,3239.73,3270.08,9241.0352
2026-01-07 03:00:00,3270.08,3282.14,3265.13,3266.83,6704.0573
2026-01-07 04:00:00,3266.84,3271.81,3252.94,3256.21,6473.4739
2026-01-07 05:00:00,3256.21,3262.57,3246.75,3248.63,6449.7983
2026-01-07 06:00:00,3248.62,3259.91,3247.81,3250.97,3808.3086
2026-01-07 07:00:00,3250.97,3262.61,3250.78,3255.31,5417.8108
2026-01-07 08:00:00,3255.31,3263.37,3253.01,3254.45,5466.1436
2026-01-07 09:00:00,3254.45,3254.58,3198.54,3200.18,31451.685
2026-01-07 10:00:00,3200.17,3222.24,3196.23,3218.44,16060.3116
2026-01-07 11:00:00,3218.44,3227.84,3216.84,3220.24,11949.2985
2026-01-07 12:00:00,3220.25,3222.56,3211.36,3213.14,5692.8969
2026-01-07 13:00:00,3213.14,3229.05,3202.24,3212.04,8939.2899
2026-01-07 14:00:00,3212.05,3212.05,3166.14,3191.54,41025.9229
2026-01-07 15:00:00,3191.54,3193.26,3144.37,3164.7,36027.473
2026-01-07 16:00:00,3164.71,3179.69,3149.95,3157.31,14607.8169
2026-01-07 17:00:00,3157.31,3171.27,3146.43,3152.06,10579.5535
2026-01-07 18:00:00,3152.06,3165.36,3133.68,3146.37,16861.0597
2026-01-07 19:00:00,3146.38,3155.59,3125.42,3146.02,16155.764
2026-01-07 20:00:00,3146.02,3151.37,3128.13,3139.18,11298.0934
2026-01-07 21:00:00,3139.14,3152.72,3138.4,3150.11,4219.4582
2026-01-07 22:00:00,3150.11,3165.86,3143.96,3153.0,6823.1151
2026-01-07 23:00:00,3153.01,3181.78,3143.71,3168.72,19748.8544
2026-01-08 00:00:00,3168.72,3175.37,3155.21,3170.53,10391.7644
2026-01-08 01:00:00,3170.54,3181.36,3168.39,3175.76,6452.3316
2026-01-08 02:00:00,3175.77,3184.39,3148.5,3159.43,9935.5982
2026-01-08 03:00:00,3159.43,3166.7,3133.56,3142.88,13141.1311
2026-01-08 04:00:00,3142.88,3158.96,3138.8,3154.01,6811.4772
2026-01-08 05:00:00,3154.02,3161.24,3142.22,3143.63,5561.9706
2026-01-08 06:00:00,3143.63,3146.16,3104.37,3105.38,23571.3183
2026-01-08 07:00:00,3105.39,3132.86,3090.04,3128.28,23611.5573
2026-01-08 08:00:00,3128.29,3136.56,3113.88,3116.83,9163.1034
2026-01-08 09:00:00,3116.83,3124.06,3105.55,3111.89,9219.4309
2026-01-08 10:00:00,3111.9,3133.03,3096.68,3128.18,16524.8724
2026-01-08 11:00:00,3128.19,3131.54,3112.57,3121.24,11538.5998
2026-01-08 12:00:00,3121.25,3121.49,3085.16,3095.76,25343.1832
2026-01-08 13:00:00,3095.76,3102.73,3090.73,3097.12,7719.3901
2026-01-08 14:00:00,3097.11,3097.11,3054.65,3077.4,52718.1619
2026-01-08 15:00:00,3077.39,3112.35,3067.37,3104.2,29559.0974
2026-01-08 16:00:00,3104.19,3123.63,3090.2,3122.31,16727.7526
2026-01-08 17:00:00,3122.31,3140.0,3110.34,3134.95,18597.0749
2026-01-08 18:00:00,3134.95,3135.5,3114.9,3120.22,10513.576
2026-01-08 19:00:00,3120.22,3129.07,3104.01,3111.53,7810.0314
2026-01-08 20:00:00,3111.53,3111.53,3089.39,3107.29,9945.3871
2026-01-08 21:00:00,3107.3,3123.24,3107.3,3118.75,5593.2314
2026-01-08 22:00:00,3118.76,3130.38,3107.75,3119.12,5590.39
2026-01-08 23:00:00,3119.13,3122.24,3105.87,3106.65,7575.6693
2026-01-09 00:00:00,3106.66,3117.65,3104.45,3115.83,3683.6782
2026-01-09 01:00:00,3115.84,3148.41,3081.34,3105.82,30533.0286
2026-01-09 02:00:00,3105.83,3126.11,3103.61,3109.49,8392.8287
2026-01-09 03:00:00,3109.5,3121.24,3103.01,3119.6,7348.8925
2026-01-09 04:00:00,3119.6,3124.11,3112.14,3116.53,4039.6218
2026-01-09 05:00:00,3116.54,3121.0,3113.75,3118.5,3207.1902
2026-01-09 06:00:00,3118.51,3125.71,3117.53,3123.2,4508.5009
2026-01-09 07:00:00,3123.21,3123.79,3110.39,3111.2,5538.8149
2026-01-09 08:00:00,3111.21,3115.37,3067.44,3082.49,22607.9204
2026-01-09 09:00:00,3082.49,3100.87,3081.93,3092.39,8770.5638
2026-01-09 10:00:00,3092.39,3099.43,3088.36,3096.65,3721.2681
2026-01-09 11:00:00,3096.64,3104.59,3088.49,3090.36,5327.6168
2026-01-09 12:00:00,3090.36,3096.16,3082.05,3084.55,6069.5672
2026-01-09 13:00:00,3084.56,3111.17,3083.44,3098.56,13591.4225
2026-01-09 14:00:00,3098.56,3099.0,3062.0,3078.93,20562.1562
2026-01-09 15:00:00,3078.94,3143.0,3058.69,3112.08,46451.0555
2026-01-09 16:00:00,3112.08,3145.45,3111.0,3133.13,20323.3591
2026-01-09 17:00:00,3133.13,3135.0,3104.66,3114.41,9986.3508
2026-01-09 18:00:00,3114.4,3118.56,3073.65,3094.97,14495.0177
2026-01-09 19:00:00,3094.96,3094.96,3068.94,3080.6,11358.8495
2026-01-09 20:00:00,3080.6,3091.37,3071.26,3073.65,8536.0538
2026-01-09 21:00:00,3073.66,3093.35,3065.23,3086.1,8500.3591
2026-01-09 22:00:00,3086.1,3088.59,3074.4,3086.27,4038.8484
2026-01-09 23:00:00,3086.27,3093.3,3083.8,3088.4,2994.4886
2026-01-10 00:00:00,3088.4,3090.04,3081.7,3083.25,2909.2244
2026-01-10 01:00:00,3083.25,3091.37,3083.24,3090.11,2570.1803
2026-01-10 02:00:00,3090.12,3094.61,3083.37,3088.07,2261.4801
2026-01-10 03:00:00,3088.07,3089.0,3080.1,3086.51,3062.7012
2026-01-10 04:00:00,3086.51,3087.68,3077.99,3079.74,10703.5108
2026-01-10 05:00:00,3079.73,3087.89,3079.73,3086.54,3337.0932
2026-01-10 06:00:00,3086.54,3088.65,3083.37,3087.49,2522.8417
2026-01-10 07:00:00,3087.5,3093.38,3087.49,3092.77,3716.6494
2026-01-10 08:00:00,3092.77,3093.05,3087.37,3090.29,2414.7713
2026-01-10 09:00:00,3090.29,3099.02,3089.39,3096.09,5162.5664
2026-01-10 10:00:00,3096.1,3104.12,3094.06,3102.96,8254.382
2026-01-10 11:00:00,3102.96,3104.01,3095.0,3096.99,3287.8756
2026-01-10 12:00:00,3096.99,3104.01,3093.76,3099.46,4768.4808
2026-01-10 13:00:00,3099.47,3099.47,3093.67,3094.94,1780.0675
2026-01-10 14:00:00,3094.94,3096.55,3088.81,3091.64,3195.2986
2026-01-10 15:00:00,3091.65,3096.38,3091.64,3095.64,2757.2465
2026-01-10 16:00:00,3095.63,3097.53,3092.0,3095.35,1470.5409
2026-01-10 17:00:00,3095.35,3099.37,3092.1,3092.95,2807.7095
2026-01-10 18:00:00,3092.95,3094.03,3090.65,3092.85,1961.4325
2026-01-10 19:00:00,3092.85,3093.9,3090.08,3092.12,2180.4123
2026-01-10 20:00:00,3092.13,3093.3,3089.05,3089.71,2143.3278
2026-01-10 21:00:00,3089.71,3090.15,3084.46,3086.09,1925.8204
2026-01-10 22:00:00,3086.09,3089.51,3078.71,3080.74,4184.0796
2026-01-10 23:00:00,3080.73,3089.56,3079.93,3086.72,2963.3618
2026-01-11 00:00:00,3086.72,3092.71,3084.46,3091.98,1863.0968
2026-01-11 01:00:00,3091.98,3095.32,3089.64,3095.31,1907.6898
2026-01-11 02:00:00,3095.32,3097.29,3092.02,3092.49,1603.8399
2026-01-11 03:00:00,3092.5,3097.53,3091.87,3096.78,1315.5338
2026-01-11 04:00:00,3096.78,3099.01,3094.72,3098.22,3255.8361
2026-01-11 05:00:00,3098.23,3102.42,3096.43,3099.32,2822.6462
2026-01-11 06:00:00,3099.33,3101.15,3090.0,3097.19,3220.1679
2026-01-11 07:00:00,3097.19,3098.41,3092.4,3095.32,1164.2753
2026-01-11 08:00:00,3095.32,3108.23,3092.7,3103.38,4020.1734
2026-01-11 09:00:00,3103.38,3109.78,3100.81,3104.42,5070.5847
2026-01-11 10:00:00,3104.43,3108.33,3102.59,3107.76,4742.2879
2026-01-11 11:00:00,3107.77,3107.77,3103.37,3105.22,2736.4124
2026-01-11 12:00:00,3105.22,3116.74,3105.0,3114.16,5996.6592
2026-01-11 13:00:00,3114.16,3116.32,3106.99,3109.46,11799.0407
2026-01-11 14:00:00,3109.46,3129.19,3108.97,3125.46,7374.2237
2026-01-11 15:00:00,3125.46,3131.0,3110.12,3118.22,10380.1074
2026-01-11 16:00:00,3118.22,3147.27,3115.63,3129.44,22504.0604
2026-01-11 17:00:00,3129.45,3133.89,3118.26,3126.89,5734.1841
2026-01-11 18:00:00,3126.89,3133.89,3120.64,3129.44,4107.1571
2026-01-11 19:00:00,3129.43,3133.01,3119.0,3124.36,3671.4421
2026-01-11 20:00:00,3124.36,3124.37,3101.95,3115.1,11009.2663
2026-01-11 21:00:00,3115.09,3126.15,3107.6,3121.11,4453.8404
2026-01-11 22:00:00,3121.11,3121.11,3106.49,3109.61,8475.8575
2026-01-11 23:00:00,3109.6,3125.91,3092.59,3123.45,20152.9134
2026-01-12 00:00:00,3123.46,3127.46,3097.24,3119.9,12921.0183
2026-01-12 01:00:00,3119.9,3137.28,3114.01,3124.9,17055.9459
2026-01-12 02:00:00,3124.9,3167.95,3122.61,3157.65,24362.2028
2026-01-12 03:00:00,3157.65,3171.49,3151.52,3152.55,17967.2741
2026-01-12 04:00:00,3152.56,3163.9,3148.7,3159.42,5764.5995
2026-01-12 05:00:00,3159.42,3166.9,3155.38,3158.89,7169.7912
2026-01-12 06:00:00,3158.89,3166.05,3152.61,3154.79,4009.7508
2026-01-12 07:00:00,3154.8,3161.45,3133.52,3135.34,8520.1192
2026-01-12 08:00:00,3135.33,3147.62,3101.48,3115.47,20077.8931
2026-01-12 09:00:00,3115.47,3124.86,3111.0,3116.31,9411.6195
2026-01-12 10:00:00,3116.32,3119.88,3104.17,3106.88,5833.691
2026-01-12 11:00:00,3106.87,3121.44,3106.32,3115.43,4921.8835
2026-01-12 12:00:00,3115.43,3122.75,3112.62,3117.17,3697.8775
2026-01-12 13:00:00,3117.17,3120.32,3105.57,3109.14,5202.9618
2026-01-12 14:00:00,3109.14,3117.51,3065.55,3105.41,46677.9762
2026-01-12 15:00:00,3105.37,3133.52,3092.88,3130.17,18104.92
2026-01-12 16:00:00,3130.17,3146.66,3120.65,3130.88,20041.6852
2026-01-12 17:00:00,3130.88,3137.02,3083.5,3104.88,20338.9454
2026-01-12 18:00:00,3104.89,3119.26,3095.54,3108.28,9941.9102
2026-01-12 19:00:00,3108.28,3121.96,3097.09,3121.83,6755.1383
2026-01-12 20:00:00,3121.82,3127.75,3100.0,3102.57,5709.5292
2026-01-12 21:00:00,3102.57,3106.8,3083.54,3092.4,10393.3777
2026-01-12 22:00:00,3092.4,3107.43,3092.4,3095.42,7326.3952
2026-01-12 23:00:00,3095.43,3098.96,3088.47,3095.75,5166.9625
2026-01-13 00:00:00,3095.75,3109.96,3093.28,3108.59,7147.9522
2026-01-13 01:00:00,3108.59,3114.39,3091.96,3097.66,5764.4479
2026-01-13 02:00:00,3097.67,3108.42,3097.66,3101.44,3652.1654
2026-01-13 03:00:00,3101.44,3119.01,3101.43,3116.14,5966.568
2026-01-13 04:00:00,3116.14,3123.44,3112.46,3122.57,4807.9257
2026-01-13 05:00:00,3122.57,3146.55,3121.6,3131.82,15633.273
2026-01-13 06:00:00,3131.82,3137.76,3123.8,3134.41,9154.7729
2026-01-13 07:00:00,3134.41,3135.82,3122.0,3122.01,8678.2897
2026-01-13 08:00:00,3122.0,3137.95,3122.0,3135.99,12863.6171
2026-01-13 09:00:00,3135.99,3148.33,3129.06,3138.57,12057.0842
2026-01-13 10:00:00,3138.57,3141.84,3129.99,3134.73,5757.2827
2026-01-13 11:00:00,3134.73,3139.07,3131.24,3133.95,3232.4114
2026-01-13 12:00:00,3133.95,3137.99,3130.0,3135.12,4209.055
2026-01-13 13:00:00,3135.13,3161.76,3130.01,3142.44,32822.4999
2026-01-13 14:00:00,3142.43,3165.94,3130.05,3145.01,27900.0898
2026-01-13 15:00:00,3145.01,3188.47,3133.22,3184.41,31613.5959
2026-01-13 16:00:00,3184.41,3196.35,3172.0,3180.79,29418.0164
2026-01-13 17:00:00,3180.8,3187.69,3172.99,3180.15,13332.5164
2026-01-13 18:00:00,3180.16,3214.94,3178.25,3201.14,17881.7397
2026-01-13 19:00:00,3201.15,3218.61,3191.51,3215.9,13323.6613
2026-01-13 20:00:00,3215.91,3220.0,3190.56,3204.59,20538.0816
2026-01-13 21:00:00,3204.6,3217.43,3201.36,3209.81,11406.1016
2026-01-13 22:00:00,3209.81,3367.79,3209.81,3331.18,119773.0548
2026-01-13 23:00:00,3331.19,3347.56,3314.67,3325.82,40848.079
2026-01-14 00:00:00,3325.83,3336.56,3315.15,3324.57,22979.7064
2026-01-14 01:00:00,3324.58,3345.0,3321.28,3336.7,27537.6018
2026-01-14 02:00:00,3336.7,3357.56,3321.01,3327.11,22151.854
2026-01-14 03:00:00,3327.11,3352.18,3321.0,3351.95,12874.2528
2026-01-14 04:00:00,3351.94,3364.64,3335.64,3338.9,17282.4513
2026-01-14 05:00:00,3338.9,3339.23,3325.6,3330.52,14908.851
2026-01-14 06:00:00,3330.52,3335.49,3322.01,3334.33,15067.6317
2026-01-14 07:00:00,3334.33,3342.83,3327.67,3335.78,15877.3119
2026-01-14 08:00:00,3335.78,3342.64,3327.34,3327.35,8356.3069
2026-01-14 09:00:00,3327.34,3335.19,3324.7,3328.32,10606.0259
2026-01-14 10:00:00,3328.32,3333.19,3304.06,3312.99,19550.9854
2026-01-14 11:00:00,3312.99,3313.75,3282.59,3286.22,20260.803
2026-01-14 12:00:00,3286.22,3299.24,3280.48,3296.44,9507.7652
2026-01-14 13:00:00,3296.43,3307.93,3289.1,3302.79,15864.151
2026-01-14 14:00:00,3302.79,3358.0,3302.02,3349.21,41903.8479
2026-01-14 15:00:00,3349.22,3362.17,3327.62,3345.81,40280.5619
2026-01-14 16:00:00,3345.81,3402.89,3345.22,3370.26,54023.6594
2026-01-14 17:00:00,3370.26,3381.32,3338.51,3342.41,28607.5029
2026-01-14 18:00:00,3342.4,3354.16,3315.51,3339.41,20822.3928
2026-01-14 19:00:00,3339.4,3400.01,3332.02,3367.42,32979.0721
2026-01-14 20:00:00,3367.42,3392.94,3361.97,3383.68,20890.3401
2026-01-14 21:00:00,3383.67,3383.67,3357.46,3372.99,11184.8055
2026-01-14 22:00:00,3372.99,3374.42,3347.83,3349.09,11899.5582
2026-01-14 23:00:00,3349.1,3369.5,3349.09,3354.92,8022.6368
2026-01-15 00:00:00,3354.92,3355.8,3318.73,3331.35,12917.8436
2026-01-15 01:00:00,3331.35,3342.85,3317.18,3325.04,9893.1101
2026-01-15 02:00:00,3325.05,3332.42,3305.7,3314.27,11706.4511
2026-01-15 03:00:00,3314.28,3321.66,3278.0,3286.55,23046.658
2026-01-15 04:00:00,3286.56,3308.46,3284.84,3305.16,9144.4963
2026-01-15 05:00:00,3305.16,3315.49,3302.58,3310.59,9819.6681
2026-01-15 06:00:00,3310.6,3323.65,3309.64,3315.99,8891.6743
2026-01-15 07:00:00,3316.0,3335.15,3314.4,3330.0,9082.2601
2026-01-15 08:00:00,3329.99,3338.97,3320.17,3336.45,8650.1989
2026-01-15 09:00:00,3336.44,3375.0,3330.05,3365.99,22634.9211
2026-01-15 10:00:00,3365.99,3378.75,3357.18,3364.11,14070.9742
2026-01-15 11:00:00,3364.1,3365.88,3347.38,3349.96,11073.4174
2026-01-15 12:00:00,3349.96,3370.96,3344.07,3369.42,12251.9338
2026-01-15 13:00:00,3369.41,3384.19,3356.93,3371.3,18455.1503
2026-01-15 14:00:00,3371.29,3382.83,3322.57,3342.31,34277.1554
2026-01-15 15:00:00,3342.3,3358.21,3285.79,3330.65,44402.7651
2026-01-15 16:00:00,3330.66,3335.53,3310.0,3330.71,20592.5643
2026-01-15 17:00:00,3330.71,3337.56,3296.49,3301.46,30647.6398
2026-01-15 18:00:00,3301.46,3307.51,3273.72,3288.39,31969.8087
2026-01-15 19:00:00,3288.38,3301.95,3276.96,3295.48,12453.6686
2026-01-15 20:00:00,3295.47,3306.91,3276.7,3288.23,15230.2979
2026-01-15 21:00:00,3288.23,3305.82,3284.28,3299.14,5345.3704
2026-01-15 22:00:00,3299.13,3319.24,3296.33,3309.11,8186.8149
2026-01-15 23:00:00,3309.11,3323.32,3302.24,3318.69,5248.9936
2026-01-16 00:00:00,3318.7,3326.79,3315.98,3317.2,4153.4616
2026-01-16 01:00:00,3317.21,3321.51,3301.99,3313.84,5888.1764
2026-01-16 02:00:00,3313.85,3313.85,3291.89,3303.63,10480.2459
2026-01-16 03:00:00,3303.63,3307.96,3294.64,3295.21,5710.8056
2026-01-16 04:00:00,3295.22,3305.0,3277.04,3287.97,11605.6175
2026-01-16 05:00:00,3287.97,3316.0,3284.22,3309.23,13335.0081
2026-01-16 06:00:00,3309.23,3316.99,3302.7,3313.99,8022.1895
2026-01-16 07:00:00,3314.0,3316.0,3302.21,3309.41,6192.9783
2026-01-16 08:00:00,3309.42,3319.97,3308.53,3313.35,6873.6512
2026-01-16 09:00:00,3313.36,3316.52,3307.09,3307.44,5533.2119
2026-01-16 10:00:00,3307.44,3308.72,3294.49,3297.75,7600.9951
2026-01-16 11:00:00,3297.75,3306.62,3293.33,3301.94,4979.9205
2026-01-16 12:00:00,3301.94,3314.26,3300.49,3308.87,4977.0681
2026-01-16 13:00:00,3308.88,3310.54,3295.52,3307.65,5606.5473
2026-01-16 14:00:00,3307.65,3318.61,3290.64,3294.12,15123.591
2026-01-16 15:00:00,3294.12,3311.36,3253.01,3264.18,40098.9859
2026-01-16 16:00:00,3264.17,3288.0,3259.83,3279.03,22852.5254
2026-01-16 17:00:00,3279.03,3286.54,3266.52,3284.22,8300.7118
2026-01-16 18:00:00,3284.21,3288.42,3278.08,3279.11,5016.3624
2026-01-16 19:00:00,3279.11,3279.51,3269.17,3276.94,4549.2864
2026-01-16 20:00:00,3276.94,3294.0,3264.42,3292.82,10154.9748
2026-01-16 21:00:00,3292.82,3299.04,3288.62,3293.97,7202.0045
2026-01-16 22:00:00,3293.97,3295.43,3283.0,3294.1,5641.7139
2026-01-16 23:00:00,3294.1,3299.89,3292.45,3296.28,4021.7545
2026-01-17 00:00:00,3296.28,3297.34,3289.96,3292.91,2649.9411
2026-01-17 01:00:00,3292.91,3295.72,3287.87,3290.68,4326.3601
2026-01-17 02:00:00,3290.68,3292.64,3283.96,3292.24,2679.0403
2026-01-17 03:00:00,3292.25,3292.3,3287.6,3289.32,1647.2092
2026-01-17 04:00:00,3289.33,3292.62,3285.99,3292.14,2251.8024
2026-01-17 05:00:00,3292.14,3294.12,3289.75,3291.56,1894.8083
2026-01-17 06:00:00,3291.55,3293.32,3286.99,3291.4,2203.0806
2026-01-17 07:00:00,3291.41,3292.57,3287.38,3291.57,1675.7653
2026-01-17 08:00:00,3291.56,3296.6,3289.01,3296.48,4000.7882
2026-01-17 09:00:00,3296.48,3303.77,3293.47,3298.75,4571.83
2026-01-17 10:00:00,3298.76,3301.05,3295.28,3296.64,2415.7521
2026-01-17 11:00:00,3296.64,3305.32,3292.45,3302.72,8477.7113
2026-01-17 12:00:00,3302.72,3306.39,3300.4,3302.89,2898.3147
2026-01-17 13:00:00,3302.89,3304.78,3299.77,3303.88,2575.8594
2026-01-17 14:00:00,3303.88,3312.0,3301.62,3310.45,6027.8908
2026-01-17 15:00:00,3310.45,3330.07,3308.2,3329.95,31019.5454
2026-01-17 16:00:00,3329.95,3330.26,3312.22,3319.29,18273.8571
2026-01-17 17:00:00,3319.28,3327.82,3317.38,3319.43,3642.4915
2026-01-17 18:00:00,3319.43,3320.88,3315.0,3317.82,3504.6869
2026-01-17 19:00:00,3317.83,3321.08,3314.88,3316.36,1865.9094
2026-01-17 20:00:00,3316.36,3320.33,3315.11,3317.34,2849.9069
2026-01-17 21:00:00,3317.34,3317.34,3307.36,3312.84,3869.3519
2026-01-17 22:00:00,3312.84,3312.84,3297.44,3302.0,6118.5338
2026-01-17 23:00:00,3302.01,3310.56,3301.3,3310.56,2884.5936
2026-01-18 00:00:00,3310.56,3314.43,3303.09,3304.53,3095.0505
2026-01-18 01:00:00,3304.52,3306.9,3296.34,3301.15,4751.1327
2026-01-18 02:00:00,3301.15,3305.8,3296.69,3303.45,2738.6713
2026-01-18 03:00:00,3303.45,3319.5,3303.45,3316.16,4370.1528
2026-01-18 04:00:00,3316.15,3317.9,3309.65,3312.0,3157.412
2026-01-18 05:00:00,3311.99,3318.36,3310.97,3316.33,4672.4656
2026-01-18 06:00:00,3316.32,3318.18,3312.16,3315.85,4828.9957
2026-01-18 07:00:00,3315.84,3316.11,3306.4,3307.3,6782.8935
2026-01-18 08:00:00,3307.3,3316.79,3303.52,3315.47,6547.0089
2026-01-18 09:00:00,3315.46,3325.14,3314.46,3323.2,9577.9692
2026-01-18 10:00:00,3323.21,3326.2,3318.47,3325.83,7048.8883
2026-01-18 11:00:00,3325.82,3325.83,3319.08,3322.0,3251.9227
2026-01-18 12:00:00,3322.0,3327.13,3318.74,3322.69,2361.0297
2026-01-18 13:00:00,3322.68,3330.57,3314.64,3325.92,8141.7375
2026-01-18 14:00:00,3325.93,3347.75,3322.69,3324.99,17154.142
2026-01-18 15:00:00,3324.98,3335.5,3319.02,3333.99,4837.9816
2026-01-18 16:00:00,3334.0,3337.95,3330.05,3333.74,4301.3605
2026-01-18 17:00:00,3333.74,3346.0,3332.11,3345.07,3382.7592
2026-01-18 18:00:00,3345.07,3368.82,3337.15,3361.85,14195.6452
2026-01-18 19:00:00,3361.86,3365.96,3344.57,3346.56,7097.9903
2026-01-18 20:00:00,3346.56,3352.64,3338.13,3341.1,3888.8403
2026-01-18 21:00:00,3341.11,3345.56,3336.92,3341.82,2802.4732
2026-01-18 22:00:00,3341.82,3356.26,3340.04,3350.77,4621.3565
2026-01-18 23:00:00,3350.77,3350.78,3278.86,3284.03,39746.4234
2026-01-19 00:00:00,3284.04,3284.58,3177.68,3212.13,124613.0182
2026-01-19 01:00:00,3212.13,3221.48,3194.47,3206.86,31822.1553
2026-01-19 02:00:00,3206.87,3216.48,3193.96,3204.46,17141.4507
2026-01-19 03:00:00,3204.46,3213.05,3195.19,3212.29,16094.5119
2026-01-19 04:00:00,3212.28,3218.02,3205.45,3212.97,24789.5133
2026-01-19 05:00:00,3212.96,3215.67,3196.39,3203.05,33144.2543
2026-01-19 06:00:00,3203.06,3204.57,3187.88,3195.58,18341.0265
2026-01-19 07:00:00,3195.58,3209.42,3195.58,3207.47,9992.5605
2026-01-19 08:00:00,3207.47,3221.99,3197.3,3213.87,16942.2718
2026-01-19 09:00:00,3213.87,3214.87,3205.54,3209.46,5601.1018
2026-01-19 10:00:00,3209.46,3216.58,3205.52,3215.47,11163.0134
2026-01-19 11:00:00,3215.48,3231.27,3213.36,3223.91,28599.4564
2026-01-19 12:00:00,3223.91,3236.26,3219.48,3225.1,17269.5153
2026-01-19 13:00:00,3225.11,3225.12,3213.09,3218.27,5767.7086
2026-01-19 14:00:00,3218.27,3219.72,3202.85,3213.0,10163.4651
2026-01-19 15:00:00,3213.0,3220.97,3210.33,3216.21,6477.4171
2026-01-19 16:00:00,3216.2,3227.17,3212.72,3223.16,7947.476
2026-01-19 17:00:00,3223.16,3226.0,3217.12,3220.0,4280.4405
2026-01-19 18:00:00,3220.0,3221.08,3208.5,3214.9,4601.5665
2026-01-19 19:00:00,3214.9,3224.58,3214.9,3219.95,3617.4817
2026-01-19 20:00:00,3219.95,3225.43,3212.08,3214.31,6035.3193
2026-01-19 21:00:00,3214.32,3221.49,3210.23,3212.78,3662.3617
2026-01-19 22:00:00,3212.77,3214.49,3186.82,3189.0,12147.2767
2026-01-19 23:00:00,3189.01,3197.91,3165.38,3189.55,22326.197
2026-01-20 00:00:00,3189.56,3200.5,3176.83,3184.12,9601.2838
2026-01-20 01:00:00,3184.12,3199.6,3175.53,3193.28,7419.1627
2026-01-20 02:00:00,3193.28,3200.1,3179.24,3192.96,8796.6457
2026-01-20 03:00:00,3192.97,3194.91,3184.05,3188.67,5432.0602
2026-01-20 04:00:00,3188.68,3189.23,3168.77,3172.76,7734.3455
2026-01-20 05:00:00,3172.76,3174.89,3152.44,3171.35,24441.4708
2026-01-20 06:00:00,3171.36,3172.27,3109.37,3116.91,42669.4242
2026-01-20 07:00:00,3116.91,3131.34,3112.0,3123.37,18041.7187
2026-01-20 08:00:00,3123.37,3123.84,3085.17,3106.84,42275.7364
2026-01-20 09:00:00,3106.84,3108.8,3088.41,3094.1,11484.0512
2026-01-20 10:00:00,3094.1,3108.52,3091.18,3103.01,15142.1648
2026-01-20 11:00:00,3103.01,3113.1,3103.0,3109.88,11514.5753
2026-01-20 12:00:00,3109.88,3115.0,3102.27,3111.3,13552.4661
2026-01-20 13:00:00,3111.31,3113.27,3074.5,3078.99,18796.1387
2026-01-20 14:00:00,3078.99,3089.01,3034.22,3047.49,55486.5486
2026-01-20 15:00:00,3047.49,3049.91,2995.33,3032.99,63693.7372
2026-01-20 16:00:00,3033.0,3042.92,2998.71,3009.32,24027.0356
2026-01-20 17:00:00,3009.31,3023.64,2984.26,2999.62,25515.9493
2026-01-20 18:00:00,2999.62,3009.0,2987.91,2991.81,15018.3357
2026-01-20 19:00:00,2991.81,3003.31,2980.11,2996.49,15884.6582
2026-01-20 20:00:00,2996.49,3007.15,2986.31,3006.66,12226.3577
2026-01-20 21:00:00,3006.66,3007.22,2990.0,2993.53,12764.7295
2026-01-20 22:00:00,2993.53,2999.08,2920.0,2951.54,37596.9297
2026-01-20 23:00:00,2951.53,2952.42,2930.64,2939.88,19050.9531
2026-01-21 00:00:00,2939.88,2969.51,2921.89,2960.0,24100.4816
2026-01-21 01:00:00,2960.01,2974.2,2955.24,2965.15,10659.339
2026-01-21 02:00:00,2965.14,2975.41,2958.0,2961.52,9378.8659
2026-01-21 03:00:00,2961.52,2984.64,2960.87,2981.76,8605.1952
2026-01-21 04:00:00,2981.75,2985.61,2974.85,2979.51,5848.5744
2026-01-21 05:00:00,2979.5,3002.0,2977.53,2993.03,13125.9514
2026-01-21 06:00:00,2993.03,2993.58,2975.33,2980.3,6624.2495
2026-01-21 07:00:00,2980.31,2985.67,2966.0,2970.6,18355.0756
2026-01-21 08:00:00,2970.6,2974.59,2956.0,2965.49,15077.8309
2026-01-21 09:00:00,2965.49,2974.87,2950.34,2954.09,9638.3813
2026-01-21 10:00:00,2954.08,2970.12,2952.42,2963.92,6687.776
2026-01-21 11:00:00,2963.92,2971.66,2938.0,2943.0,16453.5334
2026-01-21 12:00:00,2943.0,2946.47,2902.0,2931.48,39943.8258
2026-01-21 13:00:00,2931.48,2945.64,2920.51,2928.13,15478.8032
2026-01-21 14:00:00,2928.13,2995.83,2924.56,2981.09,51363.2491
2026-01-21 15:00:00,2981.09,3026.83,2975.17,3002.69,45958.4767
2026-01-21 16:00:00,3002.69,3005.22,2886.0,2891.58,63238.7042
2026-01-21 17:00:00,2891.59,2914.19,2866.11,2903.91,52720.4294
2026-01-21 18:00:00,2903.91,2933.8,2887.88,2927.4,17887.3425
2026-01-21 19:00:00,2927.39,3069.07,2916.6,3055.56,75387.9538
2026-01-21 20:00:00,3055.55,3057.72,3003.45,3031.84,33543.4474
2026-01-21 21:00:00,3031.84,3044.16,3021.3,3031.47,11046.1957
2026-01-21 22:00:00,3031.47,3045.01,3009.1,3010.52,10684.0157
2026-01-21 23:00:00,3010.51,3025.35,2972.69,2982.27,15992.5504
2026-01-22 00:00:00,2982.28,3011.51,2980.73,3005.39,11865.4604
2026-01-22 01:00:00,3005.4,3033.95,3002.73,3028.52,10091.251
2026-01-22 02:00:00,3028.52,3038.33,3015.15,3017.72,9545.4884
2026-01-22 03:00:00,3017.72,3030.82,2999.77,3013.41,9405.7311
2026-01-22 04:00:00,3013.41,3025.43,3011.5,3023.04,5226.8296
2026-01-22 05:00:00,3023.03,3027.9,3014.78,3019.8,5095.4171
2026-01-22 06:00:00,3019.8,3027.61,3008.83,3019.13,10859.0486
2026-01-22 07:00:00,3019.14,3022.39,3000.4,3000.94,9422.4078
2026-01-22 08:00:00,3000.94,3008.15,2992.5,3005.75,9275.3961
2026-01-22 09:00:00,3005.75,3016.4,3003.19,3013.63,6819.533
2026-01-22 10:00:00,3013.63,3014.63,3000.0,3002.64,7328.6677
2026-01-22 11:00:00,3002.63,3006.82,2977.22,2986.8,13087.3376
2026-01-22 12:00:00,2986.8,2998.48,2978.45,2990.86,7449.8362
2026-01-22 13:00:00,2990.86,3010.18,2962.33,2972.76,18870.8896
2026-01-22 14:00:00,2972.76,2982.13,2935.22,2941.33,34628.086
2026-01-22 15:00:00,2941.32,2968.39,2906.02,2942.01,45630.1979
2026-01-22 16:00:00,2942.02,2958.53,2923.99,2946.24,17646.4965
2026-01-22 17:00:00,2946.24,2963.83,2934.97,2961.77,10980.2225
2026-01-22 18:00:00,2961.76,2972.76,2938.46,2939.53,11212.245
2026-01-22 19:00:00,2939.54,2963.49,2928.33,2953.94,8618.6074
2026-01-22 20:00:00,2953.94,2957.86,2930.15,2939.02,9826.5634
2026-01-22 21:00:00,2939.02,2951.45,2933.75,2946.4,6588.3296
2026-01-22 22:00:00,2946.31,2959.16,2943.33,2951.9,6729.5611
2026-01-22 23:00:00,2951.9,2955.89,2940.82,2952.69,5457.1313
2026-01-23 00:00:00,2952.7,2957.13,2946.22,2953.61,5040.1625
2026-01-23 01:00:00,2953.62,2970.0,2953.08,2968.88,7415.3464
2026-01-23 02:00:00,2968.89,2972.08,2952.83,2952.83,5463.6639
2026-01-23 03:00:00,2952.83,2965.45,2951.92,2964.42,4150.2135
2026-01-23 04:00:00,2964.42,2984.71,2963.0,2977.99,10015.3261
2026-01-23 05:00:00,2977.99,2978.41,2963.83,2968.56,7833.1727
2026-01-23 06:00:00,2968.57,2975.39,2937.85,2939.88,16426.048
2026-01-23 07:00:00,2939.88,2951.42,2935.31,2948.49,12271.1076
2026-01-23 08:00:00,2948.58,2951.34,2921.2,2927.64,16274.5508
2026-01-23 09:00:00,2927.64,2935.02,2915.19,2921.17,15019.2137
2026-01-23 10:00:00,2921.16,2935.0,2914.93,2930.95,13413.5463
2026-01-23 11:00:00,2930.95,2946.66,2928.44,2940.68,12030.9394
2026-01-23 12:00:00,2940.68,2940.69,2929.0,2934.86,8042.3332
2026-01-23 13:00:00,2934.85,2943.92,2927.09,2930.79,7776.2841
2026-01-23 14:00:00,2930.78,2942.39,2892.4,2916.07,31603.727
2026-01-23 15:00:00,2916.07,2965.06,2899.77,2952.75,26850.2304
2026-01-23 16:00:00,2952.66,2980.0,2938.46,2967.99,25013.5039
2026-01-23 17:00:00,2968.0,3019.26,2959.8,2987.51,33119.1072
2026-01-23 18:00:00,2987.51,3007.55,2978.45,2988.6,15956.1797
2026-01-23 19:00:00,2988.6,2988.6,2946.73,2959.8,20079.1145
2026-01-23 20:00:00,2959.79,2963.69,2930.42,2940.16,13098.679
2026-01-23 21:00:00,2940.15,2953.07,2938.26,2943.98,3646.0107
2026-01-23 22:00:00,2943.98,2961.92,2943.47,2960.02,5647.058
2026-01-23 23:00:00,2960.02,2960.02,2951.0,2956.41,2229.8131
2026-01-24 00:00:00,2956.41,2958.99,2949.27,2950.99,4133.8814
2026-01-24 01:00:00,2951.0,2959.45,2950.0,2956.12,2183.2688
2026-01-24 02:00:00,2956.12,2962.32,2954.69,2959.59,3290.6754
2026-01-24 03:00:00,2959.59,2970.41,2957.25,2962.72,9572.3536
2026-01-24 04:00:00,2962.72,2966.86,2959.49,2963.41,3230.1982
2026-01-24 05:00:00,2963.41,2965.63,2957.39,2961.32,3560.5846
2026-01-24 06:00:00,2961.32,2964.16,2959.13,2961.79,2039.1799
2026-01-24 07:00:00,2961.79,2962.4,2953.99,2957.34,7722.5107
2026-01-24 08:00:00,2957.34,2963.18,2954.77,2963.12,2867.9166
2026-01-24 09:00:00,2963.13,2964.98,2960.1,2960.55,1548.1336
2026-01-24 10:00:00,2960.55,2962.2,2958.75,2961.66,1666.157
2026-01-24 11:00:00,2961.66,2964.48,2960.47,2961.18,1562.9538
2026-01-24 12:00:00,2961.17,2965.01,2959.49,2962.64,3850.6809
2026-01-24 13:00:00,2962.65,2963.5,2948.4,2948.92,3715.0482
2026-01-24 14:00:00,2948.92,2959.55,2943.84,2959.48,6294.0764
2026-01-24 15:00:00,2959.49,2968.08,2955.57,2957.25,7226.6559
2026-01-24 16:00:00,2957.25,2961.62,2952.23,2958.9,3048.4388
2026-01-24 17:00:00,2958.91,2966.1,2957.96,2964.3,3149.78
2026-01-24 18:00:00,2964.31,2968.49,2961.99,2963.82,4188.8084
2026-01-24 19:00:00,2963.82,2964.21,2952.44,2953.93,3763.0544
2026-01-24 20:00:00,2953.94,2958.8,2953.76,2956.25,2357.1118
2026-01-24 21:00:00,2956.26,2957.95,2949.23,2957.95,3613.1329
2026-01-24 22:00:00,2957.95,2964.55,2957.94,2963.0,2303.2091
2026-01-24 23:00:00,2963.0,2964.4,2952.54,2953.22,5195.0935
2026-01-25 00:00:00,2953.23,2958.87,2952.54,2958.87,1835.3665
2026-01-25 01:00:00,2958.86,2960.29,2950.0,2955.15,3953.2757
2026-01-25 02:00:00,2955.16,2957.8,2953.1,2953.37,1632.8242
2026-01-25 03:00:00,2953.38,2954.1,2937.5,2942.6,7212.5023
2026-01-25 04:00:00,2942.59,2949.36,2940.45,2945.29,5221.9103
2026-01-25 05:00:00,2945.29,2948.64,2942.17,2947.38,1735.8472
2026-01-25 06:00:00,2947.39,2947.77,2935.01,2944.24,5987.1847
2026-01-25 07:00:00,2944.24,2944.24,2938.05,2939.57,2182.5704
2026-01-25 08:00:00,2939.58,2944.8,2921.0,2929.08,10209.794
2026-01-25 09:00:00,2929.08,2939.16,2926.66,2935.75,6039.7226
2026-01-25 10:00:00,2935.75,2948.11,2935.74,2945.08,5745.8939
2026-01-25 11:00:00,2945.09,2946.49,2932.36,2937.54,4619.4614
2026-01-25 12:00:00,2937.54,2944.95,2932.63,2942.38,6754.5443
2026-01-25 13:00:00,2942.39,2945.37,2935.47,2941.68,4572.2923
2026-01-25 14:00:00,2941.69,2942.69,2924.76,2932.54,9012.2128
2026-01-25 15:00:00,2932.53,2936.12,2922.08,2926.81,4623.5708
2026-01-25 16:00:00,2926.82,2927.78,2876.36,2896.98,58280.185
2026-01-25 17:00:00,2896.99,2898.61,2879.05,2884.41,10051.0689
2026-01-25 18:00:00,2884.41,2888.71,2828.05,2848.19,70206.1269
2026-01-25 19:00:00,2848.2,2857.77,2797.2,2812.96,55358.0255
2026-01-25 20:00:00,2812.96,2824.0,2787.0,2809.72,38916.2688
2026-01-25 21:00:00,2809.72,2825.72,2802.57,2818.72,22999.7762
2026-01-25 22:00:00,2818.73,2819.32,2790.0,2807.14,21128.4243
2026-01-25 23:00:00,2807.14,2821.14,2787.0,2816.89,21907.6836
2026-01-26 00:00:00,2816.9,2847.26,2812.37,2841.65,31383.74
2026-01-26 01:00:00,2841.66,2898.76,2838.62,2882.69,35818.2489
2026-01-26 02:00:00,2882.7,2885.39,2863.33,2865.98,18026.5386
2026-01-26 03:00:00,2865.98,2872.49,2840.89,2850.68,18228.1752
2026-01-26 04:00:00,2850.69,2875.77,2849.91,2865.98,16354.4759
2026-01-26 05:00:00,2865.97,2873.32,2859.92,2869.65,14879.2022
2026-01-26 06:00:00,2869.66,2891.83,2866.06,2891.64,19629.3441
2026-01-26 07:00:00,2891.64,2911.61,2886.08,2904.32,19586.5075
2026-01-26 08:00:00,2904.32,2934.4,2897.14,2912.29,26086.0016
2026-01-26 09:00:00,2912.29,2913.56,2880.5,2885.87,13808.9506
2026-01-26 10:00:00,2885.87,2901.74,2884.84,2896.28,9764.3821
2026-01-26 11:00:00,2896.27,2900.66,2888.08,2892.15,9041.6185
2026-01-26 12:00:00,2892.15,2915.1,2892.15,2902.69,8344.7501
2026-01-26 13:00:00,2902.69,2911.3,2897.04,2909.67,7171.4715
2026-01-26 14:00:00,2909.66,2934.7,2875.77,2922.74,59545.1399
2026-01-26 15:00:00,2922.75,2951.21,2887.69,2899.32,40140.1945
2026-01-26 16:00:00,2899.32,2918.0,2891.64,2901.5,20494.4224
2026-01-26 17:00:00,2901.51,2915.89,2885.97,2909.42,15668.7681
2026-01-26 18:00:00,2909.43,2932.68,2908.01,2932.01,17587.109
2026-01-26 19:00:00,2932.0,2936.06,2918.42,2923.12,12566.3805
2026-01-26 20:00:00,2923.11,2929.47,2898.88,2901.82,21876.3407
2026-01-26 21:00:00,2901.82,2944.18,2895.82,2928.97,24260.468
2026-01-26 22:00:00,2928.98,2936.88,2919.79,2927.22,10070.1796
2026-01-26 23:00:00,2927.21,2945.32,2918.3,2930.35,14836.9277
2026-01-27 00:00:00,2930.35,2931.27,2918.0,2921.06,10769.4464
2026-01-27 01:00:00,2921.05,2939.95,2912.44,2932.65,11889.3556
2026-01-27 02:00:00,2932.65,2947.42,2932.65,2945.25,19317.0803
2026-01-27 03:00:00,2945.25,2948.88,2936.5,2941.18,16777.9882
2026-01-27 04:00:00,2941.17,2957.04,2936.59,2940.7,20559.8451
2026-01-27 05:00:00,2940.7,2942.08,2933.58,2939.28,12073.6646
2026-01-27 06:00:00,2939.29,2942.53,2924.35,2929.0,13485.2139
2026-01-27 07:00:00,2929.0,2937.52,2927.5,2929.11,6762.7827
2026-01-27 08:00:00,2929.11,2932.65,2920.0,2923.41,9925.1233
2026-01-27 09:00:00,2923.41,2923.41,2906.93,2907.69,17491.1512
2026-01-27 10:00:00,2907.69,2915.7,2901.68,2903.23,16328.0809
2026-01-27 11:00:00,2903.24,2922.1,2899.77,2917.02,11564.7888
2026-01-27 12:00:00,2917.03,2927.94,2915.68,2918.28,8710.6261
2026-01-27 13:00:00,2918.28,2919.38,2905.93,2912.61,6205.0358
2026-01-27 14:00:00,2912.61,2943.63,2907.22,2918.65,29037.7268
2026-01-27 15:00:00,2918.65,2941.71,2913.03,2937.45,23478.2224
2026-01-27 16:00:00,2937.46,2998.52,2934.85,2990.81,55579.6578
2026-01-27 17:00:00,2990.81,2994.5,2918.09,2930.3,38519.0303
2026-01-27 18:00:00,2930.29,2989.77,2925.92,2978.21,23281.691
2026-01-27 19:00:00,2978.22,2992.27,2965.61,2980.48,13249.5643
2026-01-27 20:00:00,2980.48,3027.99,2978.92,3020.77,35359.6954
2026-01-27 21:00:00,3020.78,3030.3,3005.43,3015.82,24179.6599
2026-01-27 22:00:00,3015.82,3023.87,3004.69,3020.0,24001.5264
2026-01-27 23:00:00,3020.0,3035.08,3011.22,3026.77,30245.4416
2026-01-28 00:00:00,3026.77,3029.79,3015.74,3024.26,7944.3433
2026-01-28 01:00:00,3024.26,3026.83,3007.5,3018.22,5944.6043
2026-01-28 02:00:00,3018.21,3018.25,3005.49,3010.82,4589.7907
2026-01-28 03:00:00,3010.82,3012.27,2996.55,3005.18,8513.9202
2026-01-28 04:00:00,3005.18,3006.89,2992.89,2999.64,7746.2299
2026-01-28 05:00:00,2999.65,3008.83,2996.5,3004.47,8328.537
2026-01-28 06:00:00,3004.48,3018.33,3003.01,3014.47,11630.243
2026-01-28 07:00:00,3014.47,3015.45,3002.29,3005.07,7189.0754
2026-01-28 08:00:00,3005.07,3006.55,2988.7,2990.69,8832.5764
2026-01-28 09:00:00,2990.68,3017.45,2986.59,3017.44,13870.6946
2026-01-28 10:00:00,3017.45,3039.78,3013.11,3025.86,18858.1508
2026-01-28 11:00:00,3025.86,3045.36,3014.92,3039.72,16338.2894
2026-01-28 12:00:00,3039.71,3040.31,3023.78,3031.13,13341.1615
2026-01-28 13:00:00,3031.14,3045.78,3029.55,3034.67,15084.4603
2026-01-28 14:00:00,3034.68,3034.68,3007.64,3013.09,19228.2114
2026-01-28 15:00:00,3013.09,3021.23,2983.67,3008.25,31672.6289
2026-01-28 16:00:00,3008.25,3017.94,2996.08,2999.72,8458.6532
2026-01-28 17:00:00,2999.72,3031.68,2989.41,3014.89,15003.7291
2026-01-28 18:00:00,3014.89,3024.28,3000.11,3015.51,16085.9316
2026-01-28 19:00:00,3015.51,3024.19,2996.85,3016.6,25074.3802
2026-01-28 20:00:00,3016.6,3038.45,3008.25,3012.21,13430.9508
2026-01-28 21:00:00,3012.21,3023.53,2996.66,3021.51,9777.4609
2026-01-28 22:00:00,3021.51,3027.37,3008.83,3018.92,4968.0787
2026-01-28 23:00:00,3018.92,3022.98,3008.3,3010.78,4695.5533
2026-01-29 00:00:00,3010.78,3013.5,2995.94,3009.49,7396.7959
2026-01-29 01:00:00,3009.48,3011.55,2987.18,2992.71,8718.9806
2026-01-29 02:00:00,2992.71,2999.21,2944.48,2959.23,25130.6276
2026-01-29 03:00:00,2959.24,2972.73,2947.83,2952.52,12996.3442
2026-01-29 04:00:00,2952.52,2960.62,2937.55,2959.45,11696.74
2026-01-29 05:00:00,2959.46,2965.69,2947.95,2951.61,6625.4673
2026-01-29 06:00:00,2951.6,2959.5,2950.16,2955.97,5890.8201
2026-01-29 07:00:00,2955.97,2964.93,2955.44,2961.54,6729.7559
2026-01-29 08:00:00,2961.54,2969.79,2943.56,2952.6,15330.1663
2026-01-29 09:00:00,2952.59,2955.2,2942.37,2942.38,9586.7934
2026-01-29 10:00:00,2942.38,2948.95,2941.36,2944.29,6855.7262
2026-01-29 11:00:00,2944.3,2945.42,2923.77,2929.29,14851.0774
2026-01-29 12:00:00,2929.29,2938.67,2925.89,2936.34,5631.1151
2026-01-29 13:00:00,2936.34,2939.0,2931.62,2936.14,3389.0588
2026-01-29 14:00:00,2936.15,2937.02,2875.7,2876.28,28733.6143
2026-01-29 15:00:00,2876.29,2877.49,2797.01,2824.32,102468.461
2026-01-29 16:00:00,2824.31,2836.45,2801.58,2835.03,81033.8684
2026-01-29 17:00:00,2835.03,2860.05,2818.76,2824.34,36994.3645
2026-01-29 18:00:00,2824.34,2834.44,2754.53,2763.98,84813.1229
2026-01-29 19:00:00,2763.98,2811.34,2758.18,2797.53,39427.9706
2026-01-29 20:00:00,2797.53,2812.32,2789.39,2805.85,17205.7118
2026-01-29 21:00:00,2805.85,2825.1,2805.36,2819.83,14512.8165
2026-01-29 22:00:00,2819.83,2825.23,2810.55,2819.95,6498.4327
2026-01-29 23:00:00,2819.96,2827.59,2812.77,2822.59,8770.7664
2026-01-30 00:00:00,2822.6,2828.65,2802.58,2805.0,11904.1786
2026-01-30 01:00:00,2805.0,2813.31,2689.0,2747.15,100722.8664
2026-01-30 02:00:00,2747.16,2751.29,2699.16,2736.56,52452.4905
2026-01-30 03:00:00,2736.56,2748.34,2734.3,2741.11,17234.9452
2026-01-30 04:00:00,2741.12,2774.83,2738.11,2752.99,23751.0564
2026-01-30 05:00:00,2753.0,2760.61,2747.01,2747.02,11869.7987
2026-01-30 06:00:00,2747.02,2748.54,2696.82,2718.56,31051.1263
2026-01-30 07:00:00,2718.57,2750.93,2718.14,2740.16,36461.563
2026-01-30 08:00:00,2740.17,2748.41,2722.85,2737.43,17392.8059
2026-01-30 09:00:00,2737.43,2743.91,2710.0,2721.93,20444.465
2026-01-30 10:00:00,2721.93,2736.92,2711.37,2736.19,12466.4061
2026-01-30 11:00:00,2736.19,2768.78,2734.57,2759.88,14974.5409
2026-01-30 12:00:00,2759.87,2766.53,2738.07,2740.49,14051.82
2026-01-30 13:00:00,2740.49,2751.24,2719.54,2730.0,22328.5989
2026-01-30 14:00:00,2730.0,2764.82,2723.55,2737.42,35122.1108
2026-01-30 15:00:00,2737.43,2752.84,2693.42,2729.47,51736.8733
2026-01-30 16:00:00,2729.46,2744.55,2706.22,2726.96,30038.929
2026-01-30 17:00:00,2726.96,2740.99,2706.66,2712.53,33260.1452
2026-01-30 18:00:00,2712.52,2750.11,2636.01,2740.27,104151.6581
2026-01-30 19:00:00,2740.27,2761.46,2734.66,2742.4,37551.6865
2026-01-30 20:00:00,2742.39,2742.87,2664.82,2680.72,66480.1275
2026-01-30 21:00:00,2680.72,2715.09,2677.6,2704.93,27224.9129
2026-01-30 22:00:00,2704.94,2709.92,2693.21,2709.92,12130.3423
2026-01-30 23:00:00,2709.91,2711.86,2694.59,2707.38,8476.1777
2026-01-31 00:00:00,2707.37,2714.64,2703.27,2706.48,7010.5456
2026-01-31 01:00:00,2706.47,2714.53,2699.13,2700.0,8314.5512
2026-01-31 02:00:00,2700.0,2708.64,2684.67,2702.05,11096.2378
2026-01-31 03:00:00,2702.04,2706.47,2694.72,2695.86,5186.1379
2026-01-31 04:00:00,2695.86,2704.82,2693.0,2695.66,5813.7768
2026-01-31 05:00:00,2695.66,2703.47,2690.8,2698.05,7984.3101
2026-01-31 06:00:00,2698.05,2701.0,2684.14,2692.9,11530.8432
2026-01-31 07:00:00,2692.91,2693.81,2668.2,2680.06,11148.3585
2026-01-31 08:00:00,2680.06,2683.49,2609.85,2644.03,65964.1615
2026-01-31 09:00:00,2644.02,2659.8,2633.71,2648.35,17355.9275
2026-01-31 10:00:00,2648.35,2655.7,2636.54,2651.67,8989.4318
2026-01-31 11:00:00,2651.66,2651.67,2634.69,2640.72,9642.074
2026-01-31 12:00:00,2640.72,2644.43,2628.63,2633.55,15841.5884
2026-01-31 13:00:00,2633.55,2636.97,2618.0,2629.14,19347.5696
2026-01-31 14:00:00,2629.14,2636.16,2510.01,2538.69,151198.8755
2026-01-31 15:00:00,2538.69,2554.89,2526.38,2534.2,39821.6242
2026-01-31 16:00:00,2534.2,2551.26,2468.06,2482.71,88576.4258
2026-01-31 17:00:00,2482.71,2495.43,2370.0,2403.39,180516.4972
2026-01-31 18:00:00,2403.39,2417.42,2250.0,2381.08,204390.8215
2026-01-31 19:00:00,2381.07,2433.66,2372.37,2382.82,89128.6363
2026-01-31 20:00:00,2382.83,2390.0,2368.53,2370.22,9150.2763
